nom_crise;type_crise;pays;latitude;longitude;intensite;date;population_touchee;accessibilite;description;en_cours;date_fin;source
Tsunami MEXICO MEXICO;Tsunami;MEXICO;20;-105;;20/01/1900;;;location : MEXICO;False;20/01/1900;
Tsunami MEXICO MEXICO;Tsunami;MEXICO;20;-105;;16/05/1900;;;location : MEXICO;False;16/05/1900;
Tsunami PAPUA NEW GUINEA BISMARCK SEA;Tsunami;PAPUA NEW GUINEA;-4;152;;10/09/1900;;;location : BISMARCK SEA;False;10/09/1900;
Tsunami PAPUA NEW GUINEA RABAUL HARBOR;Tsunami;PAPUA NEW GUINEA;-5;148;;17/09/1900;;;location : RABAUL HARBOR;False;17/09/1900;
Tsunami INDONESIA BISMARCK SEA;Tsunami;INDONESIA;-4;140;;07/10/1900;;;location : BISMARCK SEA;False;07/10/1900;
Tsunami VENEZUELA MANCUTO;Tsunami;VENEZUELA;11;-66;;29/10/1900;;;location : MANCUTO;False;29/10/1900;
Tsunami USA MONTEREY BAY, N. CALIFORNIA;Tsunami;USA;36;-120.5;;03/03/1901;;;location : MONTEREY BAY, N. CALIFORNIA;False;03/03/1901;
Tsunami BULGARIA BLACK SEA;Tsunami;BULGARIA;43.4;28.5;;31/03/1901;;;location : BLACK SEA;False;31/03/1901;
Tsunami JAPAN IWATE, JAPAN;Tsunami;JAPAN;39;143;;15/06/1901;;;location : IWATE, JAPAN;False;15/06/1901;
Tsunami JAPAN RYUKYU ISLANDS;Tsunami;JAPAN;28;130.3;;24/06/1901;;;location : RYUKYU ISLANDS;False;24/06/1901;
Tsunami JAPAN OFF NORTHEAST COAST HONSHU;Tsunami;JAPAN;40.5;142.5;;09/08/1901;;;location : OFF NORTHEAST COAST HONSHU;False;09/08/1901;
Tsunami NEW CALEDONIA LOYALTY ISLANDS;Tsunami;NEW CALEDONIA;-22;170;;09/08/1901;;;location : LOYALTY ISLANDS;False;09/08/1901;
Tsunami JAPAN OFF NORTHEAST COAST HONSHU;Tsunami;JAPAN;40.6;142.3;;09/08/1901;;;location : OFF NORTHEAST COAST HONSHU;False;09/08/1901;
Tsunami JAPAN OFF NORTHEAST COAST HONSHU;Tsunami;JAPAN;40.5;142.5;;09/08/1901;;;location : OFF NORTHEAST COAST HONSHU;False;09/08/1901;
Tsunami PHILIPPINES E. LUZON ISLAND;Tsunami;PHILIPPINES;14;121.6;;10/09/1901;;;location : E. LUZON ISLAND;False;10/09/1901;
Tsunami NICARAGUA NICARAGUA;Tsunami;NICARAGUA;11;-86.5;;08/10/1901;;;location : NICARAGUA;False;08/10/1901;
Tsunami USA FOX ISLANDS, ALEUTIAN ISLANDS, AK;Tsunami;USA;51.45;-171.02;;31/12/1901;;;location : FOX ISLANDS, ALEUTIAN ISLANDS, AK;False;31/12/1901;
Tsunami GUATEMALA OCOSA;Tsunami;GUATEMALA;14.71;-91.59;;18/01/1902;;;location : OCOSA;False;18/01/1902;
Tsunami EL SALVADOR EL SALVADOR-GUATEMALA;Tsunami;EL SALVADOR;13.5;-89.5;;26/02/1902;;;location : EL SALVADOR-GUATEMALA;False;26/02/1902;
Tsunami GREECE CENTRAL GREECE (EVOIKOS GULF);Tsunami;GREECE;38.5;23.5;;11/04/1902;;;location : CENTRAL GREECE (EVOIKOS GULF);False;11/04/1902;
Tsunami GUATEMALA OCOS;Tsunami;GUATEMALA;14;-91;;19/04/1902;;;location : OCOS;False;19/04/1902;
Tsunami GREECE AEGEAN SEA;Tsunami;GREECE;40.75;23.25;;05/07/1902;;;location : AEGEAN SEA;False;05/07/1902;
Tsunami PHILIPPINES ILLANA BAY, CELEBES SEA;Tsunami;PHILIPPINES;7.5;123.5;;21/08/1902;;;location : ILLANA BAY, CELEBES SEA;False;21/08/1902;
Tsunami AUSTRALIA KANGAROO ISLAND;Tsunami;AUSTRALIA;-35;138;;19/09/1902;;;location : KANGAROO ISLAND;False;19/09/1902;
Tsunami INDONESIA BANDA SEA;Tsunami;INDONESIA;-3;127.5;;30/03/1903;;;location : BANDA SEA;False;30/03/1903;
Tsunami AUSTRALIA SOUTHEAST AUSTRALIA;Tsunami;AUSTRALIA;-38.43;142.53;;06/04/1903;;;location : SOUTHEAST AUSTRALIA;False;06/04/1903;
Tsunami CHILE NORTHERN CHILE;Tsunami;CHILE;-28.5;-71;;07/12/1903;;;location : NORTHERN CHILE;False;07/12/1903;
Tsunami COLOMBIA OFF THE COAST PANAMA-COLOMBIA;Tsunami;COLOMBIA;7;-79;;20/01/1904;;;location : OFF THE COAST PANAMA-COLOMBIA;False;20/01/1904;
Tsunami RUSSIA KAMCHATKA PENINSULA, RUSSIA;Tsunami;RUSSIA;52;159;;25/06/1904;;;location : KAMCHATKA PENINSULA, RUSSIA;False;25/06/1904;
Tsunami RUSSIA KAMCHATKA PENINSULA, RUSSIA;Tsunami;RUSSIA;52;159;;25/06/1904;;;location : KAMCHATKA PENINSULA, RUSSIA;False;25/06/1904;
Tsunami NEW ZEALAND CAPE TURNAGAIN;Tsunami;NEW ZEALAND;-40.4;176.4;;08/08/1904;;;location : CAPE TURNAGAIN;False;08/08/1904;
Tsunami PANAMA BOCAS DEL TORO;Tsunami;PANAMA;9.2;-82.8;;20/12/1904;;;location : BOCAS DEL TORO;False;20/12/1904;
Tsunami GREECE AEGEAN SEA;Tsunami;GREECE;39.66;22.83;;20/01/1905;;;location : AEGEAN SEA;False;20/01/1905;
Tsunami COSTA RICA GULF OF NICOYA;Tsunami;COSTA RICA;9.85;-84.68;;20/01/1905;;;location : GULF OF NICOYA;False;20/01/1905;
Tsunami INDIA KANGRA, INDIA;Tsunami;INDIA;32.597;76.916;;04/04/1905;;;location : KANGRA, INDIA;False;04/04/1905;
Tsunami JAPAN JAPAN:  OFF FUKUSHIMA;Tsunami;JAPAN;37.4;142.6;;06/07/1905;;;location : JAPAN:  OFF FUKUSHIMA;False;06/07/1905;
Tsunami ITALY TYRRHENIAN CALABRIA;Tsunami;ITALY;38.67;16.07;;08/09/1905;;;location : TYRRHENIAN CALABRIA;False;08/09/1905;
Tsunami RUSSIA BLACK SEA;Tsunami;RUSSIA;44.5;37.5;;04/10/1905;;;location : BLACK SEA;False;04/10/1905;
Tsunami GEORGIA CAUCASUS;Tsunami;GEORGIA;42;42;;21/10/1905;;;location : CAUCASUS;False;21/10/1905;
Tsunami GREECE NORTH AEGEAN SEA;Tsunami;GREECE;40.092;24.627;;08/11/1905;;;location : NORTH AEGEAN SEA;False;08/11/1905;
Tsunami PHILIPPINES W. LUZON ISLAND;Tsunami;PHILIPPINES;11;123.5;;08/12/1905;;;location : W. LUZON ISLAND;False;08/12/1905;
Tsunami ECUADOR OFF COAST;Tsunami;ECUADOR;0.955;-79.369;;31/01/1906;;;location : OFF COAST;False;31/01/1906;
Tsunami USA N. CALIFORNIA;Tsunami;USA;37.7;-122.5;;18/04/1906;;;location : N. CALIFORNIA;False;18/04/1906;
Tsunami CHILE CENTRAL CHILE;Tsunami;CHILE;-33;-72;;17/08/1906;;;location : CENTRAL CHILE;False;17/08/1906;
Tsunami PAPUA NEW GUINEA SOLOMON SEA;Tsunami;PAPUA NEW GUINEA;-7;149;;14/09/1906;;;location : SOLOMON SEA;False;14/09/1906;
Tsunami PAPUA NEW GUINEA BISMARCK SEA;Tsunami;PAPUA NEW GUINEA;-4;149;;02/10/1906;;;location : BISMARCK SEA;False;02/10/1906;
Tsunami GHANA GOLD COAST;Tsunami;GHANA;6.5;0.3;;20/11/1906;;;location : GOLD COAST;False;20/11/1906;
Tsunami PERU S. PERU;Tsunami;PERU;-18;-71;;26/12/1906;;;location : S. PERU;False;26/12/1906;
Tsunami INDONESIA NW. SUMATRA;Tsunami;INDONESIA;2.681;95.53;;04/01/1907;;;location : NW. SUMATRA;False;04/01/1907;
Tsunami JAMAICA JAMAICA;Tsunami;JAMAICA;18.667;-76.237;;14/01/1907;;;location : JAMAICA;False;14/01/1907;
Tsunami AUSTRALIA BASS STRAIT;Tsunami;AUSTRALIA;-40.35;149.35;;31/01/1907;;;location : BASS STRAIT;False;31/01/1907;
Tsunami INDONESIA KARAKELONG, TALAUD ISLANDS;Tsunami;INDONESIA;3;122;;29/03/1907;;;location : KARAKELONG, TALAUD ISLANDS;False;29/03/1907;
Tsunami MEXICO S. MEXICO;Tsunami;MEXICO;17;-100;;14/04/1907;;;location : S. MEXICO;False;14/04/1907;
Tsunami USA SKAGWAY, AK;Tsunami;USA;59.5;-135.5;;24/09/1907;;;location : SKAGWAY, AK;False;24/09/1907;
Tsunami ITALY IONIAN CALABRIA;Tsunami;ITALY;38.133;16.017;;23/10/1907;;;location : IONIAN CALABRIA;False;23/10/1907;
Tsunami PAPUA NEW GUINEA BISMARCK SEA;Tsunami;PAPUA NEW GUINEA;-3.1;142.5;;15/12/1907;;;location : BISMARCK SEA;False;15/12/1907;
Tsunami INDONESIA SW. SUMATRA;Tsunami;INDONESIA;-2;100;;06/02/1908;;;location : SW. SUMATRA;False;06/02/1908;
Tsunami USA PRINCE WILLIAM SOUND, AK;Tsunami;USA;61;-146.2;;14/02/1908;;;location : PRINCE WILLIAM SOUND, AK;False;14/02/1908;
Tsunami INDONESIA TIMOR SEA;Tsunami;INDONESIA;-10;129;;23/03/1908;;;location : TIMOR SEA;False;23/03/1908;
Tsunami UKRAINE CRIMEA;Tsunami;UKRAINE;44;34;;31/05/1908;;;location : CRIMEA;False;31/05/1908;
Tsunami USA HAWAII;Tsunami;USA;19;-155;;21/09/1908;;;location : HAWAII;False;21/09/1908;
Tsunami ITALY MESSINA STRAIT, IONIAN SEA;Tsunami;ITALY;38.17;15.58;;28/12/1908;;;location : MESSINA STRAIT, IONIAN SEA;False;28/12/1908;
Tsunami JAPAN OFF BOSO PENINSULA;Tsunami;JAPAN;34.5;141.5;;12/03/1909;;;location : OFF BOSO PENINSULA;False;12/03/1909;
Tsunami JAPAN OFF BOSO PENINSULA;Tsunami;JAPAN;34.5;141.5;;13/03/1909;;;location : OFF BOSO PENINSULA;False;13/03/1909;
Tsunami INDONESIA SUMATRA;Tsunami;INDONESIA;-2;101;;03/06/1909;;;location : SUMATRA;False;03/06/1909;
Tsunami CHILE NORTHERN CHILE;Tsunami;CHILE;-26.5;-70.5;;08/06/1909;;;location : NORTHERN CHILE;False;08/06/1909;
Tsunami MEXICO S. MEXICO;Tsunami;MEXICO;16.8;-99.8;;30/07/1909;;;location : S. MEXICO;False;30/07/1909;
Tsunami JAPAN ANEGAWA, JAPAN;Tsunami;JAPAN;35.4;136.3;;14/08/1909;;;location : ANEGAWA, JAPAN;False;14/08/1909;
Tsunami USA UTAH;Tsunami;USA;41.8;-112.7;;06/10/1909;;;location : UTAH;False;06/10/1909;
Tsunami USA TERRITORY GUAM, MARIANA ISLANDS;Tsunami;USA TERRITORY;12.5;145;;09/12/1909;;;location : GUAM, MARIANA ISLANDS;False;09/12/1909;
Tsunami PAPUA NEW GUINEA MATUPI HARBOR;Tsunami;PAPUA NEW GUINEA;-4.25;152.25;;25/02/1910;;;location : MATUPI HARBOR;False;25/02/1910;
Tsunami VANUATU VANUATU ISLANDS;Tsunami;VANUATU;-14;166.5;;10/11/1910;;;location : VANUATU ISLANDS;False;10/11/1910;
Tsunami INDONESIA SULAWESI;Tsunami;INDONESIA;4;127;;18/12/1910;;;location : SULAWESI;False;18/12/1910;
Tsunami PHILIPPINES SULU SEA;Tsunami;PHILIPPINES;9;125.5;;30/12/1910;;;location : SULU SEA;False;30/12/1910;
Tsunami ALBANIA OCHRIDA LAKE;Tsunami;ALBANIA;40.9;20.8;;18/02/1911;;;location : OCHRIDA LAKE;False;18/02/1911;
Tsunami TOGO GOLD COAST;Tsunami;TOGO;6.1;1.2;;11/05/1911;;;location : GOLD COAST;False;11/05/1911;
Tsunami MEXICO MEXICO;Tsunami;MEXICO;18.362;-102.471;;07/06/1911;;;location : MEXICO;False;07/06/1911;
Tsunami JAPAN RYUKYU ISLANDS;Tsunami;JAPAN;28;130;;15/06/1911;;;location : RYUKYU ISLANDS;False;15/06/1911;
Tsunami PHILIPPINES PHILIPPINE TRENCH;Tsunami;PHILIPPINES;9;126;;12/07/1911;;;location : PHILIPPINE TRENCH;False;12/07/1911;
Tsunami CHILE NORTHERN CHILE;Tsunami;CHILE;-20;-72;;15/09/1911;;;location : NORTHERN CHILE;False;15/09/1911;
Tsunami USA PRINCE WILLIAM SOUND, AK;Tsunami;USA;60.5;-149;;22/09/1911;;;location : PRINCE WILLIAM SOUND, AK;False;22/09/1911;
Tsunami GREECE IONIAN SEA;Tsunami;GREECE;37.928;21.013;;24/01/1912;;;location : IONIAN SEA;False;24/01/1912;
Tsunami JAPAN SANRIKU;Tsunami;JAPAN;40.5;142;;08/06/1912;;;location : SANRIKU;False;08/06/1912;
Tsunami TURKEY MARMARA SEA;Tsunami;TURKEY;40.73;27.121;;09/08/1912;;;location : MARMARA SEA;False;09/08/1912;
Tsunami MICRONESIA, FED. STATES OF CAROLINE ISLANDS;Tsunami;MICRONESIA, FED. STATES OF;7;138;;31/10/1912;;;location : CAROLINE ISLANDS;False;31/10/1912;
Tsunami NEW ZEALAND TASMAN SEA;Tsunami;NEW ZEALAND;-41.8;171.5;;22/02/1913;;;location : TASMAN SEA;False;22/02/1913;
Tsunami INDONESIA SANGIHE ISLAND;Tsunami;INDONESIA;5.354;126.121;;14/03/1913;;;location : SANGIHE ISLAND;False;14/03/1913;
Tsunami PERU S. PERU;Tsunami;PERU;-16.6;-73.3;;28/07/1913;;;location : S. PERU;False;28/07/1913;
Tsunami PERU S. PERU;Tsunami;PERU;-17;-74;;06/08/1913;;;location : S. PERU;False;06/08/1913;
Tsunami PANAMA OFF COAST;Tsunami;PANAMA;7.1;-80.6;;02/10/1913;;;location : OFF COAST;False;02/10/1913;
Tsunami PAPUA NEW GUINEA SOLOMON SEA;Tsunami;PAPUA NEW GUINEA;-7;148;;11/10/1913;;;location : SOLOMON SEA;False;11/10/1913;
Tsunami JAPAN SEIKAIDO;Tsunami;JAPAN;31.58;130.67;;12/01/1914;;;location : SEIKAIDO;False;12/01/1914;
Tsunami PERU S. PERU;Tsunami;PERU;-17;-72;;26/02/1914;;;location : S. PERU;False;26/02/1914;
Tsunami INDONESIA NW. IRIAN JAYA;Tsunami;INDONESIA;-1.829;136.943;;26/05/1914;;;location : NW. IRIAN JAYA;False;26/05/1914;
Tsunami INDONESIA INDONESIA;Tsunami;INDONESIA;-3.924;101.82;;25/06/1914;;;location : INDONESIA;False;25/06/1914;
Tsunami GREECE IONIAN SEA;Tsunami;GREECE;38.582;20.587;;27/11/1914;;;location : IONIAN SEA;False;27/11/1914;
Tsunami GREECE IONIAN SEA;Tsunami;GREECE;38.06;20.263;;27/01/1915;;;location : IONIAN SEA;False;27/01/1915;
Tsunami GREECE IONIAN SEA;Tsunami;GREECE;38.5;20.7;;07/08/1915;;;location : IONIAN SEA;False;07/08/1915;
Tsunami EL SALVADOR EL SALVADOR;Tsunami;EL SALVADOR;14.126;-89.007;;07/09/1915;;;location : EL SALVADOR;False;07/09/1915;
Tsunami JAPAN SANRIKU;Tsunami;JAPAN;38.3;142.9;;01/11/1915;;;location : SANRIKU;False;01/11/1915;
Tsunami INDONESIA NW. IRIAN JAYA;Tsunami;INDONESIA;-1;136;;06/11/1915;;;location : NW. IRIAN JAYA;False;06/11/1915;
Tsunami PHILIPPINES W. LUZON ISLAND;Tsunami;PHILIPPINES;18;119.5;;18/11/1915;;;location : W. LUZON ISLAND;False;18/11/1915;
Tsunami PAPUA NEW GUINEA BISMARCK SEA;Tsunami;PAPUA NEW GUINEA;-4.739;152.548;;01/01/1916;;;location : BISMARCK SEA;False;01/01/1916;
Tsunami PANAMA BOCAS DEL TORO;Tsunami;PANAMA;9.6;-82;;26/04/1916;;;location : BOCAS DEL TORO;False;26/04/1916;
Tsunami ITALY STROMBOLI ISLAND;Tsunami;ITALY;38.817;15.233;;03/07/1916;;;location : STROMBOLI ISLAND;False;03/07/1916;
Tsunami ITALY CENTRAL ADRIATIC;Tsunami;ITALY;44.035;13.009;;16/08/1916;;;location : CENTRAL ADRIATIC;False;16/08/1916;
Tsunami INDONESIA BALI SEA;Tsunami;INDONESIA;-7;116;;20/01/1917;;;location : BALI SEA;False;20/01/1917;
Tsunami CHINA SOUTH CHINA SEA;Tsunami;CHINA;24.47;118.08;;25/01/1917;;;location : SOUTH CHINA SEA;False;25/01/1917;
Tsunami RUSSIA KAMCHATKA;Tsunami;RUSSIA;56.5;163;;30/01/1917;;;location : KAMCHATKA;False;30/01/1917;
Tsunami PHILIPPINES CELEBES SEA;Tsunami;PHILIPPINES;6;125;;31/01/1917;;;location : CELEBES SEA;False;31/01/1917;
Tsunami NEW ZEALAND KERMADEC ISLANDS;Tsunami;NEW ZEALAND;-29.2;-177;;01/05/1917;;;location : KERMADEC ISLANDS;False;01/05/1917;
Tsunami TAIWAN TAIWAN;Tsunami;TAIWAN;23.2;121.6;;06/05/1917;;;location : TAIWAN;False;06/05/1917;
Tsunami SAMOA SAMOA ISLANDS;Tsunami;SAMOA;-15.5;-173;;26/06/1917;;;location : SAMOA ISLANDS;False;26/06/1917;
Tsunami PAPUA NEW GUINEA BISMARCK SEA;Tsunami;PAPUA NEW GUINEA;-3.705;141.729;;29/07/1917;;;location : BISMARCK SEA;False;29/07/1917;
Tsunami NEW ZEALAND KERMADEC ISLANDS;Tsunami;NEW ZEALAND;-29;-177.5;;16/11/1917;;;location : KERMADEC ISLANDS;False;16/11/1917;
Tsunami CHINA GUANGDONG PROVINCE;Tsunami;CHINA;23.5;117.2;;13/02/1918;;;location : GUANGDONG PROVINCE;False;13/02/1918;
Tsunami CHILE NORTHERN CHILE;Tsunami;CHILE;-28.5;-71.5;;20/05/1918;;;location : NORTHERN CHILE;False;20/05/1918;
Tsunami CHINA YUNNAN PROVINCE;Tsunami;CHINA;26.9;103;;14/08/1918;;;location : YUNNAN PROVINCE;False;14/08/1918;
Tsunami PHILIPPINES CELEBES SEA;Tsunami;PHILIPPINES;5.538;123.994;;15/08/1918;;;location : CELEBES SEA;False;15/08/1918;
Tsunami RUSSIA S. KURIL ISLANDS;Tsunami;RUSSIA;45.5;151.5;;07/09/1918;;;location : S. KURIL ISLANDS;False;07/09/1918;
Tsunami USA TERRITORY PUERTO RICO: MONA PASSAGE;Tsunami;USA TERRITORY;18.7;-67.189;;11/10/1918;;;location : PUERTO RICO: MONA PASSAGE;False;11/10/1918;
Tsunami USA TERRITORY PUERTO RICO;Tsunami;USA TERRITORY;18.441;-67.214;;25/10/1918;;;location : PUERTO RICO;False;25/10/1918;
Tsunami RUSSIA S. KURIL ISLANDS;Tsunami;RUSSIA;44.5;151.5;;08/11/1918;;;location : S. KURIL ISLANDS;False;08/11/1918;
Tsunami CHILE NORTHERN CHILE;Tsunami;CHILE;-26;-71;;04/12/1918;;;location : NORTHERN CHILE;False;04/12/1918;
Tsunami PHILIPPINES MINDANAO ISLAND, PHILIPPINES;Tsunami;PHILIPPINES;8;126;;01/01/1919;;;location : MINDANAO ISLAND, PHILIPPINES;False;01/01/1919;
Tsunami TONGA TONGA ISLANDS;Tsunami;TONGA;-19.6;-176.6;;01/01/1919;;;location : TONGA ISLANDS;False;01/01/1919;
Tsunami TONGA TONGA ISLANDS;Tsunami;TONGA;-18.352;-172.515;;30/04/1919;;;location : TONGA ISLANDS;False;30/04/1919;
Tsunami PAPUA NEW GUINEA SOLOMON SEA;Tsunami;PAPUA NEW GUINEA;-4.806;153.859;;06/05/1919;;;location : SOLOMON SEA;False;06/05/1919;
Tsunami NICARAGUA GULF OF FONSECA;Tsunami;NICARAGUA;12.32;-88.301;;29/06/1919;;;location : GULF OF FONSECA;False;29/06/1919;
Tsunami ITALY TYRRHENIAN SEA;Tsunami;ITALY;41.4;12.6;;22/10/1919;;;location : TYRRHENIAN SEA;False;22/10/1919;
Tsunami PAPUA NEW GUINEA SOLOMON SEA;Tsunami;PAPUA NEW GUINEA;-6.5;150;;02/02/1920;;;location : SOLOMON SEA;False;02/02/1920;
Tsunami CHILE CENTRAL CHILE;Tsunami;CHILE;-38;-73.5;;20/08/1920;;;location : CENTRAL CHILE;False;20/08/1920;
Tsunami VANUATU VANUATU ISLANDS;Tsunami;VANUATU;-19.919;168.53;;20/09/1920;;;location : VANUATU ISLANDS;False;20/09/1920;
Tsunami CHINA CHINA: GANSU AND SHANXI PROVINCES;Tsunami;CHINA;36.601;105.317;;16/12/1920;;;location : CHINA: GANSU AND SHANXI PROVINCES;False;16/12/1920;
Tsunami ALBANIA ALBANIAN COASTS;Tsunami;ALBANIA;41.197;20.704;;18/12/1920;;;location : ALBANIAN COASTS;False;18/12/1920;
Tsunami INDONESIA MAKASSAR STRAIT;Tsunami;INDONESIA;0.7;117.9;;14/05/1921;;;location : MAKASSAR STRAIT;False;14/05/1921;
Tsunami INDONESIA JAVA;Tsunami;INDONESIA;-11;111;;11/09/1921;;;location : JAVA;False;11/09/1921;
Tsunami PHILIPPINES PHILIPPINE TRENCH;Tsunami;PHILIPPINES;8;127;;11/11/1921;;;location : PHILIPPINE TRENCH;False;11/11/1921;
Tsunami PERU S. PERU;Tsunami;PERU;-16.5;-73;;06/01/1922;;;location : S. PERU;False;06/01/1922;
Tsunami PAPUA NEW GUINEA BISMARCK SEA;Tsunami;PAPUA NEW GUINEA;-7.111;143.53;;19/01/1922;;;location : BISMARCK SEA;False;19/01/1922;
Tsunami PHILIPPINES CEBU ISLAND;Tsunami;PHILIPPINES;10.2;124.1;;27/02/1922;;;location : CEBU ISLAND;False;27/02/1922;
Tsunami PHILIPPINES SULU SEA;Tsunami;PHILIPPINES;9;123.25;;01/03/1922;;;location : SULU SEA;False;01/03/1922;
Tsunami GREECE AEGEAN SEA;Tsunami;GREECE;38.257;23.589;;08/08/1922;;;location : AEGEAN SEA;False;08/08/1922;
Tsunami PHILIPPINES NEGROS ISLAND;Tsunami;PHILIPPINES;9;123.3;;01/09/1922;;;location : NEGROS ISLAND;False;01/09/1922;
Tsunami TAIWAN TAIWAN;Tsunami;TAIWAN;24.5;122;;01/09/1922;;;location : TAIWAN;False;01/09/1922;
Tsunami CHILE NORTHERN CHILE;Tsunami;CHILE;-28;-72;;07/11/1922;;;location : NORTHERN CHILE;False;07/11/1922;
Tsunami CHILE NORTHERN CHILE;Tsunami;CHILE;-28.293;-69.852;;11/11/1922;;;location : NORTHERN CHILE;False;11/11/1922;
Tsunami NEW ZEALAND SE. NEW ZEALAND;Tsunami;NEW ZEALAND;-43;173;;25/12/1922;;;location : SE. NEW ZEALAND;False;25/12/1922;
Tsunami USA N. CALIFORNIA;Tsunami;USA;40.482;-125.034;;22/01/1923;;;location : N. CALIFORNIA;False;22/01/1923;
Tsunami RUSSIA KAMCHATKA;Tsunami;RUSSIA;54.486;160.472;;03/02/1923;;;location : KAMCHATKA;False;03/02/1923;
Tsunami PHILIPPINES MINDANAO ISLAND, PHILIPPINES;Tsunami;PHILIPPINES;6.5;124;;02/03/1923;;;location : MINDANAO ISLAND, PHILIPPINES;False;02/03/1923;
Tsunami RUSSIA KAMCHATKA;Tsunami;RUSSIA;56.5;162.5;;13/04/1923;;;location : KAMCHATKA;False;13/04/1923;
Tsunami CHILE NORTHERN CHILE;Tsunami;CHILE;-28.75;-71.75;;04/05/1923;;;location : NORTHERN CHILE;False;04/05/1923;
Tsunami JAPAN KASHIMA, JAPAN;Tsunami;JAPAN;35.4;141.8;;01/06/1923;;;location : KASHIMA, JAPAN;False;01/06/1923;
Tsunami PHILIPPINES BUTUAN, SULU SEA;Tsunami;PHILIPPINES;9.3;125;;18/07/1923;;;location : BUTUAN, SULU SEA;False;18/07/1923;
Tsunami JAPAN SAGAMI BAY;Tsunami;JAPAN;35.1;139.5;;01/09/1923;;;location : SAGAMI BAY;False;01/09/1923;
Tsunami JAPAN RYUKYU ISLANDS;Tsunami;JAPAN;34.9;140.2;;02/09/1923;;;location : RYUKYU ISLANDS;False;02/09/1923;
Tsunami PAPUA NEW GUINEA BISMARCK SEA;Tsunami;PAPUA NEW GUINEA;-4.653;154.232;;02/11/1923;;;location : BISMARCK SEA;False;02/11/1923;
Tsunami PAPUA NEW GUINEA NEW BRITAIN;Tsunami;PAPUA NEW GUINEA;-4.539;153.107;;04/11/1923;;;location : NEW BRITAIN;False;04/11/1923;
Tsunami GREECE NORTH AEGEAN SEA;Tsunami;GREECE;39.82;23.594;;05/12/1923;;;location : NORTH AEGEAN SEA;False;05/12/1923;
Tsunami VIETNAM OFF COAST OF CENTRAL VIETNAM;Tsunami;VIETNAM;10.158;109.014;;//1923;;;location : OFF COAST OF CENTRAL VIETNAM;False;//1923;
Tsunami COSTA RICA COSTA RICA;Tsunami;COSTA RICA;9.587;-84.515;;04/03/1924;;;location : COSTA RICA;False;04/03/1924;
Tsunami RUSSIA TATAR STRAIT;Tsunami;RUSSIA;49.179;142.436;;15/03/1924;;;location : TATAR STRAIT;False;15/03/1924;
Tsunami PHILIPPINES E. MINDANAO ISLAND;Tsunami;PHILIPPINES;6.5;126.5;;14/04/1924;;;location : E. MINDANAO ISLAND;False;14/04/1924;
Tsunami PHILIPPINES PHILIPPINES;Tsunami;PHILIPPINES;16;118;;06/05/1924;;;location : PHILIPPINES;False;06/05/1924;
Tsunami AUSTRALIA MACQUARIE ISLAND;Tsunami;AUSTRALIA;-56;157.5;;26/06/1924;;;location : MACQUARIE ISLAND;False;26/06/1924;
Tsunami PHILIPPINES E. MINDANAO ISLAND;Tsunami;PHILIPPINES;8.5;126.5;;30/08/1924;;;location : E. MINDANAO ISLAND;False;30/08/1924;
Tsunami USA GULF OF ALASKA, AK;Tsunami;USA;60;-146;;23/02/1925;;;location : GULF OF ALASKA, AK;False;23/02/1925;
Tsunami PHILIPPINES W. LUZON ISLAND;Tsunami;PHILIPPINES;9.3;122.7;;05/05/1925;;;location : W. LUZON ISLAND;False;05/05/1925;
Tsunami CHILE NORTHERN CHILE;Tsunami;CHILE;-26;-71.5;;15/05/1925;;;location : NORTHERN CHILE;False;15/05/1925;
Tsunami PHILIPPINES W. LUZON ISLAND;Tsunami;PHILIPPINES;12.2;122.1;;25/05/1925;;;location : W. LUZON ISLAND;False;25/05/1925;
Tsunami PHILIPPINES PHILIPPINE SEA;Tsunami;PHILIPPINES;13;125;;13/11/1925;;;location : PHILIPPINE SEA;False;13/11/1925;
Tsunami MEXICO S. MEXICO;Tsunami;MEXICO;18.5;-107;;16/11/1925;;;location : S. MEXICO;False;16/11/1925;
Tsunami SOLOMON ISLANDS SOLOMON SEA;Tsunami;SOLOMON ISLANDS;-10.061;159.215;;25/01/1926;;;location : SOLOMON SEA;False;25/01/1926;
Tsunami INDONESIA SW. SUMATRA;Tsunami;INDONESIA;0.059;101.419;;28/06/1926;;;location : SW. SUMATRA;False;28/06/1926;
Tsunami ITALY AEOLIAN ISLANDS;Tsunami;ITALY;38.567;14.833;;17/08/1926;;;location : AEOLIAN ISLANDS;False;17/08/1926;
Tsunami GREECE ARGOLIKOS GULF;Tsunami;GREECE;36.5;23.3;;30/08/1926;;;location : ARGOLIKOS GULF;False;30/08/1926;
Tsunami PORTUGAL AZORES;Tsunami;PORTUGAL;37.973;-28.59;;31/08/1926;;;location : AZORES;False;31/08/1926;
Tsunami SOLOMON ISLANDS SOLOMON ISLANDS;Tsunami;SOLOMON ISLANDS;-9.674;159.519;;16/09/1926;;;location : SOLOMON ISLANDS;False;16/09/1926;
Tsunami CHILE NORTHERN CHILE;Tsunami;CHILE;-28;-71;;09/12/1926;;;location : NORTHERN CHILE;False;09/12/1926;
Tsunami USA S. CALIFORNIA;Tsunami;USA;32.5;-115.5;;01/01/1927;;;location : S. CALIFORNIA;False;01/01/1927;
Tsunami NORWAY WESTERN NORWAY;Tsunami;NORWAY;59;3;;24/01/1927;;;location : WESTERN NORWAY;False;24/01/1927;
Tsunami JAPAN SW. HONSHU ISLAND;Tsunami;JAPAN;35.6;135.1;;07/03/1927;;;location : SW. HONSHU ISLAND;False;07/03/1927;
Tsunami UKRAINE CRIMEA, BLACK SEA;Tsunami;UKRAINE;44.4;34.4;;26/06/1927;;;location : CRIMEA, BLACK SEA;False;26/06/1927;
Tsunami ISRAEL DEAD SEA;Tsunami;ISRAEL;32;35.5;;11/07/1927;;;location : DEAD SEA;False;11/07/1927;
Tsunami JAPAN SANRIKU;Tsunami;JAPAN;37.9;142;;05/08/1927;;;location : SANRIKU;False;05/08/1927;
Tsunami JAPAN KASHIMA, JAPAN;Tsunami;JAPAN;34.2;142;;18/08/1927;;;location : KASHIMA, JAPAN;False;18/08/1927;
Tsunami UKRAINE CRIMEA, BLACK SEA;Tsunami;UKRAINE;44.4;34.5;;11/09/1927;;;location : CRIMEA, BLACK SEA;False;11/09/1927;
Tsunami USA SE. ALASKA, AK;Tsunami;USA;57.69;-136.07;;24/10/1927;;;location : SE. ALASKA, AK;False;24/10/1927;
Tsunami USA S. CALIFORNIA;Tsunami;USA;34.813;-120.774;;04/11/1927;;;location : S. CALIFORNIA;False;04/11/1927;
Tsunami CHILE SOUTHERN CHILE;Tsunami;CHILE;-44.6;-73;;21/11/1927;;;location : SOUTHERN CHILE;False;21/11/1927;
Tsunami INDONESIA SULAWESI;Tsunami;INDONESIA;-0.7;119.7;;01/12/1927;;;location : SULAWESI;False;01/12/1927;
Tsunami RUSSIA KAMCHATKA;Tsunami;RUSSIA;55.663;160.039;;28/12/1927;;;location : KAMCHATKA;False;28/12/1927;
Tsunami CANADA BRITISH COLUMBIA;Tsunami;CANADA;49;-125;;09/02/1928;;;location : BRITISH COLUMBIA;False;09/02/1928;
Tsunami MEXICO MEXICO;Tsunami;MEXICO;15.67;-96.1;;22/03/1928;;;location : MEXICO;False;22/03/1928;
Tsunami GREECE EAST AEGEAN;Tsunami;GREECE;38.1;27.4;;31/03/1928;;;location : EAST AEGEAN;False;31/03/1928;
Tsunami PERU S. PERU;Tsunami;PERU;-13.595;-70.343;;09/04/1928;;;location : S. PERU;False;09/04/1928;
Tsunami GREECE CORINTHOS-PATRAS GULF;Tsunami;GREECE;38;23;;22/04/1928;;;location : CORINTHOS-PATRAS GULF;False;22/04/1928;
Tsunami GREECE AEGEAN SEA;Tsunami;GREECE;38;23.5;;24/04/1928;;;location : AEGEAN SEA;False;24/04/1928;
Tsunami GREECE GRECIAN ARCHIPELAGO, CRETE;Tsunami;GREECE;38;23;;25/04/1928;;;location : GRECIAN ARCHIPELAGO, CRETE;False;25/04/1928;
Tsunami PERU S. PERU;Tsunami;PERU;-13;-69.5;;27/04/1928;;;location : S. PERU;False;27/04/1928;
Tsunami GREECE NORTH AEGEAN;Tsunami;GREECE;39.6;29.1;;02/05/1928;;;location : NORTH AEGEAN;False;02/05/1928;
Tsunami JAPAN SANRIKU;Tsunami;JAPAN;40;143.2;;27/05/1928;;;location : SANRIKU;False;27/05/1928;
Tsunami PHILIPPINES SULU SEA;Tsunami;PHILIPPINES;12.4;120.9;;15/06/1928;;;location : SULU SEA;False;15/06/1928;
Tsunami MEXICO S. MEXICO;Tsunami;MEXICO;16.028;-97.036;;17/06/1928;;;location : S. MEXICO;False;17/06/1928;
Tsunami PERU N. PERU;Tsunami;PERU;-5.5;-79;;18/07/1928;;;location : N. PERU;False;18/07/1928;
Tsunami CHILE NORTHERN CHILE;Tsunami;CHILE;-22.5;-70.5;;20/11/1928;;;location : NORTHERN CHILE;False;20/11/1928;
Tsunami CHILE CENTRAL CHILE;Tsunami;CHILE;-35;-72;;01/12/1928;;;location : CENTRAL CHILE;False;01/12/1928;
Tsunami PHILIPPINES CELEBES SEA;Tsunami;PHILIPPINES;7;124;;19/12/1928;;;location : CELEBES SEA;False;19/12/1928;
Tsunami PHILIPPINES PHILIPPINES;Tsunami;PHILIPPINES;7.5;123;;28/12/1928;;;location : PHILIPPINES;False;28/12/1928;
Tsunami VENEZUELA CUMANA;Tsunami;VENEZUELA;10.6;-65.6;;17/01/1929;;;location : CUMANA;False;17/01/1929;
Tsunami USA FOX ISLANDS, ALEUTIAN ISLANDS, AK;Tsunami;USA;50.88;-169.71;;07/03/1929;;;location : FOX ISLANDS, ALEUTIAN ISLANDS, AK;False;07/03/1929;
Tsunami JAPAN HYUGANADA SEA;Tsunami;JAPAN;31.7;132.2;;21/05/1929;;;location : HYUGANADA SEA;False;21/05/1929;
Tsunami CANADA BRITISH COLUMBIA;Tsunami;CANADA;51;-131;;26/05/1929;;;location : BRITISH COLUMBIA;False;26/05/1929;
Tsunami PHILIPPINES E. MINDANAO ISLAND;Tsunami;PHILIPPINES;8.5;127;;13/06/1929;;;location : E. MINDANAO ISLAND;False;13/06/1929;
Tsunami NEW ZEALAND TASMAN SEA;Tsunami;NEW ZEALAND;-41.75;172.25;;16/06/1929;;;location : TASMAN SEA;False;16/06/1929;
Tsunami CANADA GRAND BANKS, NEWFOUNDLAND;Tsunami;CANADA;44.426;-56.03;;18/11/1929;;;location : GRAND BANKS, NEWFOUNDLAND;False;18/11/1929;
Tsunami CHINA JIANGSU PROVINCE;Tsunami;CHINA;32.2;119.4;;03/01/1930;;;location : JIANGSU PROVINCE;False;03/01/1930;
Tsunami MYANMAR (BURMA) MYANMAR COAST;Tsunami;MYANMAR (BURMA);17.733;96.406;;05/05/1930;;;location : MYANMAR COAST;False;05/05/1930;
Tsunami INDONESIA SOUTH OF JAVA;Tsunami;INDONESIA;-5.6;105.3;;19/06/1930;;;location : SOUTH OF JAVA;False;19/06/1930;
Tsunami INDONESIA SOUTH OF JAVA;Tsunami;INDONESIA;-9.3;114.3;;19/07/1930;;;location : SOUTH OF JAVA;False;19/07/1930;
Tsunami USA S. CALIFORNIA;Tsunami;USA;34.03;-118.643;;31/08/1930;;;location : S. CALIFORNIA;False;31/08/1930;
Tsunami PAPUA NEW GUINEA BISMARCK SEA;Tsunami;PAPUA NEW GUINEA;-4.423;145.46;;30/09/1930;;;location : BISMARCK SEA;False;30/09/1930;
Tsunami ITALY CENTRAL ADRIATIC;Tsunami;ITALY;43.89;13.483;;30/10/1930;;;location : CENTRAL ADRIATIC;False;30/10/1930;
Tsunami PAPUA NEW GUINEA BISMARCK SEA;Tsunami;PAPUA NEW GUINEA;-1.3;144.3;;23/12/1930;;;location : BISMARCK SEA;False;23/12/1930;
Tsunami CHILE NORTHERN CHILE;Tsunami;CHILE;-28.5;-71;;29/12/1930;;;location : NORTHERN CHILE;False;29/12/1930;
Tsunami NEW ZEALAND N. NEW ZEALAND;Tsunami;NEW ZEALAND;-39.772;176.025;;02/02/1931;;;location : N. NEW ZEALAND;False;02/02/1931;
Tsunami NEW ZEALAND N. NEW ZEALAND;Tsunami;NEW ZEALAND;-39.5;177;;13/02/1931;;;location : N. NEW ZEALAND;False;13/02/1931;
Tsunami JAPAN SANRIKU;Tsunami;JAPAN;41.2;142.5;;09/03/1931;;;location : SANRIKU;False;09/03/1931;
Tsunami CHILE CENTRAL CHILE;Tsunami;CHILE;-32.5;-72;;18/03/1931;;;location : CENTRAL CHILE;False;18/03/1931;
Tsunami UK DOGGER BANK, ENGLAND;Tsunami;UK;54;1.067;;07/06/1931;;;location : DOGGER BANK, ENGLAND;False;07/06/1931;
Tsunami PHILIPPINES PHILIPPINES;Tsunami;PHILIPPINES;12.71;123.889;;12/07/1931;;;location : PHILIPPINES;False;12/07/1931;
Tsunami PAPUA NEW GUINEA BISMARCK SEA;Tsunami;PAPUA NEW GUINEA;-3.417;142.077;;07/08/1931;;;location : BISMARCK SEA;False;07/08/1931;
Tsunami INDONESIA SW. SUMATRA;Tsunami;INDONESIA;-5;102.75;;25/09/1931;;;location : SW. SUMATRA;False;25/09/1931;
Tsunami SOLOMON ISLANDS SAN CRISTOBAL ISLAND;Tsunami;SOLOMON ISLANDS;-10.932;161.016;;03/10/1931;;;location : SAN CRISTOBAL ISLAND;False;03/10/1931;
Tsunami JAPAN SEIKAIDO;Tsunami;JAPAN;32.2;132.1;;02/11/1931;;;location : SEIKAIDO;False;02/11/1931;
Tsunami CUBA SANTIAGO DE CUBA;Tsunami;CUBA;19.706;-75.691;;03/02/1932;;;location : SANTIAGO DE CUBA;False;03/02/1932;
Tsunami PHILIPPINES MINDANAO ISLAND, PHILIPPINES;Tsunami;PHILIPPINES;9.5;127.6;;19/03/1932;;;location : MINDANAO ISLAND, PHILIPPINES;False;19/03/1932;
Tsunami INDONESIA NORTH SULAWESI;Tsunami;INDONESIA;0.386;125.884;;14/05/1932;;;location : NORTH SULAWESI;False;14/05/1932;
Tsunami MEXICO CENTRAL MEXICO;Tsunami;MEXICO;19.623;-103.919;;03/06/1932;;;location : CENTRAL MEXICO;False;03/06/1932;
Tsunami MEXICO CENTRAL MEXICO;Tsunami;MEXICO;19.081;-103.631;;18/06/1932;;;location : CENTRAL MEXICO;False;18/06/1932;
Tsunami MEXICO CENTRAL MEXICO;Tsunami;MEXICO;19.242;-104.383;;22/06/1932;;;location : CENTRAL MEXICO;False;22/06/1932;
Tsunami INDONESIA BANDA SEA;Tsunami;INDONESIA;-3.57;128.35;;09/09/1932;;;location : BANDA SEA;False;09/09/1932;
Tsunami NEW ZEALAND N. NEW ZEALAND;Tsunami;NEW ZEALAND;-39;177.5;;15/09/1932;;;location : N. NEW ZEALAND;False;15/09/1932;
Tsunami GREECE NORTH AEGEAN;Tsunami;GREECE;40.5;23.9;;26/09/1932;;;location : NORTH AEGEAN;False;26/09/1932;
Tsunami RUSSIA KHARIMKOTAN, N. KURIL ISLANDS;Tsunami;RUSSIA;49.12;154.508;;08/01/1933;;;location : KHARIMKOTAN, N. KURIL ISLANDS;False;08/01/1933;
Tsunami CHILE NORTHERN CHILE;Tsunami;CHILE;-20;-71;;23/02/1933;;;location : NORTHERN CHILE;False;23/02/1933;
Tsunami JAPAN SANRIKU;Tsunami;JAPAN;39.209;144.59;;02/03/1933;;;location : SANRIKU;False;02/03/1933;
Tsunami USA S. CALIFORNIA;Tsunami;USA;33.616;-117.966;;11/03/1933;;;location : S. CALIFORNIA;False;11/03/1933;
Tsunami GREECE COS, DODECANESE;Tsunami;GREECE;36.759;27.299;;23/04/1933;;;location : COS, DODECANESE;False;23/04/1933;
Tsunami MEXICO MEXICO;Tsunami;MEXICO;17.404;-100.908;;08/05/1933;;;location : MEXICO;False;08/05/1933;
Tsunami JAPAN SANRIKU;Tsunami;JAPAN;38.1;142.4;;18/06/1933;;;location : SANRIKU;False;18/06/1933;
Tsunami ECUADOR ECUADOR;Tsunami;ECUADOR;-2;-81;;02/10/1933;;;location : ECUADOR;False;02/10/1933;
Tsunami VANUATU VANUATU ISLANDS;Tsunami;VANUATU;-16.895;167.776;;19/11/1933;;;location : VANUATU ISLANDS;False;19/11/1933;
Tsunami NEPAL BIHAR-NEPAL, GANGES RIVER;Tsunami;NEPAL;26.773;86.76;;15/01/1934;;;location : BIHAR-NEPAL, GANGES RIVER;False;15/01/1934;
Tsunami PHILIPPINES SOUTH CHINA SEA;Tsunami;PHILIPPINES;17.5;119;;14/02/1934;;;location : SOUTH CHINA SEA;False;14/02/1934;
Tsunami PANAMA COSTA RICA-PANAMA;Tsunami;PANAMA;8;-82.5;;18/07/1934;;;location : COSTA RICA-PANAMA;False;18/07/1934;
Tsunami SOLOMON ISLANDS SOLOMON ISLANDS;Tsunami;SOLOMON ISLANDS;-11.907;166.731;;18/07/1934;;;location : SOLOMON ISLANDS;False;18/07/1934;
Tsunami SOLOMON ISLANDS SOLOMON ISLANDS;Tsunami;SOLOMON ISLANDS;-11.139;165.503;;21/07/1934;;;location : SOLOMON ISLANDS;False;21/07/1934;
Tsunami MEXICO MEXICO;Tsunami;MEXICO;18.5;-105.5;;30/11/1934;;;location : MEXICO;False;30/11/1934;
Tsunami CHILE NORTHERN CHILE;Tsunami;CHILE;-19.5;-69.5;;04/12/1934;;;location : NORTHERN CHILE;False;04/12/1934;
Tsunami TURKEY MARMARA SEA;Tsunami;TURKEY;40.62;27.451;;04/01/1935;;;location : MARMARA SEA;False;04/01/1935;
Tsunami PAKISTAN QUETTA;Tsunami;PAKISTAN;29.5;66.8;;30/05/1935;;;location : QUETTA;False;30/05/1935;
Tsunami JAPAN JAPAN;Tsunami;JAPAN;36.6;141.4;;19/07/1935;;;location : JAPAN;False;19/07/1935;
Tsunami PAPUA NEW GUINEA BISMARCK SEA;Tsunami;PAPUA NEW GUINEA;-3.824;141.416;;20/09/1935;;;location : BISMARCK SEA;False;20/09/1935;
Tsunami JAPAN SANRIKU;Tsunami;JAPAN;39.9;143.7;;12/10/1935;;;location : SANRIKU;False;12/10/1935;
Tsunami JAPAN SANRIKU;Tsunami;JAPAN;40.7;144.3;;18/10/1935;;;location : SANRIKU;False;18/10/1935;
Tsunami INDONESIA CELEBES SEA;Tsunami;INDONESIA;5.5;94;;25/11/1935;;;location : CELEBES SEA;False;25/11/1935;
Tsunami CHINA SICHUAN PROVINCE;Tsunami;CHINA;28.7;103.6;;18/12/1935;;;location : SICHUAN PROVINCE;False;18/12/1935;
Tsunami INDONESIA SW. SUMATRA;Tsunami;INDONESIA;0.001;98.25;;28/12/1935;;;location : SW. SUMATRA;False;28/12/1935;
Tsunami INDONESIA SULAWESI;Tsunami;INDONESIA;4.5;126.5;;01/04/1936;;;location : SULAWESI;False;01/04/1936;
Tsunami CHILE NORTHERN CHILE;Tsunami;CHILE;-24.5;-70;;13/07/1936;;;location : NORTHERN CHILE;False;13/07/1936;
Tsunami INDONESIA OFF NORTHWEST COAST;Tsunami;INDONESIA;6.1;94.7;;23/08/1936;;;location : OFF NORTHWEST COAST;False;23/08/1936;
Tsunami JAPAN SANRIKU;Tsunami;JAPAN;38.2;142.2;;02/11/1936;;;location : SANRIKU;False;02/11/1936;
Tsunami RUSSIA KAMCHATKA;Tsunami;RUSSIA;55.2;164;;13/11/1936;;;location : KAMCHATKA;False;13/11/1936;
Tsunami PHILIPPINES W. LUZON ISLAND;Tsunami;PHILIPPINES;14.5;121.5;;20/08/1937;;;location : W. LUZON ISLAND;False;20/08/1937;
Tsunami RUSSIA KAMCHATKA;Tsunami;RUSSIA;56;162.5;;21/09/1937;;;location : KAMCHATKA;False;21/09/1937;
Tsunami USA BERING SEA, AK;Tsunami;USA;58;-165;;21/09/1937;;;location : BERING SEA, AK;False;21/09/1937;
Tsunami RUSSIA KAMCHATKA;Tsunami;RUSSIA;58;165;;22/09/1937;;;location : KAMCHATKA;False;22/09/1937;
Tsunami INDONESIA BANDA SEA;Tsunami;INDONESIA;-3;132.3;;06/11/1937;;;location : BANDA SEA;False;06/11/1937;
Tsunami INDONESIA BANDA SEA;Tsunami;INDONESIA;-5.045;131.614;;01/02/1938;;;location : BANDA SEA;False;01/02/1938;
Tsunami INDONESIA BANDA SEA;Tsunami;INDONESIA;-3;132.3;;13/02/1938;;;location : BANDA SEA;False;13/02/1938;
Tsunami CANADA BRITISH COLUMBIA;Tsunami;CANADA;52.2;-131.9;;22/03/1938;;;location : BRITISH COLUMBIA;False;22/03/1938;
Tsunami PAPUA NEW GUINEA SOLOMON SEA;Tsunami;PAPUA NEW GUINEA;-6;147.8;;12/05/1938;;;location : SOLOMON SEA;False;12/05/1938;
Tsunami INDONESIA MAKASSAR STRAIT;Tsunami;INDONESIA;-1;120;;19/05/1938;;;location : MAKASSAR STRAIT;False;19/05/1938;
Tsunami JAPAN JAPAN TRENCH;Tsunami;JAPAN;36.7;141.4;;23/05/1938;;;location : JAPAN TRENCH;False;23/05/1938;
Tsunami JAPAN E. HOKKAIDO ISLAND;Tsunami;JAPAN;43.6;144.3;;28/05/1938;;;location : E. HOKKAIDO ISLAND;False;28/05/1938;
Tsunami JAPAN RYUKYU ISLANDS;Tsunami;JAPAN;25.321;125.115;;10/06/1938;;;location : RYUKYU ISLANDS;False;10/06/1938;
Tsunami GREECE CENTRAL GREECE (EURIPUS STRAIT);Tsunami;GREECE;38.154;23.592;;20/07/1938;;;location : CENTRAL GREECE (EURIPUS STRAIT);False;20/07/1938;
Tsunami JAPAN SANRIKU;Tsunami;JAPAN;37.1;141.7;;05/11/1938;;;location : SANRIKU;False;05/11/1938;
Tsunami JAPAN SANRIKU;Tsunami;JAPAN;37.2;141.7;;05/11/1938;;;location : SANRIKU;False;05/11/1938;
Tsunami JAPAN OFF FUKUSHIMA PREFECTURE;Tsunami;JAPAN;37.5;141.8;;06/11/1938;;;location : OFF FUKUSHIMA PREFECTURE;False;06/11/1938;
Tsunami JAPAN OFF FUKUSHIMA PREFECTURE;Tsunami;JAPAN;37;141.7;;06/11/1938;;;location : OFF FUKUSHIMA PREFECTURE;False;06/11/1938;
Tsunami JAPAN SANRIKU;Tsunami;JAPAN;37.6;141.2;;09/11/1938;;;location : SANRIKU;False;09/11/1938;
Tsunami USA SHUMAGIN ISLANDS, AK;Tsunami;USA;55.48;-158.37;;10/11/1938;;;location : SHUMAGIN ISLANDS, AK;False;10/11/1938;
Tsunami JAPAN SANRIKU;Tsunami;JAPAN;37;141.5;;13/11/1938;;;location : SANRIKU;False;13/11/1938;
Tsunami JAPAN SANRIKU;Tsunami;JAPAN;37.4;141.6;;16/11/1938;;;location : SANRIKU;False;16/11/1938;
Tsunami JAPAN SANRIKU;Tsunami;JAPAN;36.7;142.1;;22/11/1938;;;location : SANRIKU;False;22/11/1938;
Tsunami JAPAN SANRIKU;Tsunami;JAPAN;37;142.2;;30/11/1938;;;location : SANRIKU;False;30/11/1938;
Tsunami CHILE CENTRAL CHILE;Tsunami;CHILE;-36.25;-72.25;;25/01/1939;;;location : CENTRAL CHILE;False;25/01/1939;
Tsunami PAPUA NEW GUINEA SOLOMON SEA;Tsunami;PAPUA NEW GUINEA;-7.08;155.386;;30/01/1939;;;location : SOLOMON SEA;False;30/01/1939;
Tsunami JAPAN SEIKAIDO;Tsunami;JAPAN;32.3;132;;20/03/1939;;;location : SEIKAIDO;False;20/03/1939;
Tsunami CHILE NORTHERN CHILE;Tsunami;CHILE;-27;-70.5;;18/04/1939;;;location : NORTHERN CHILE;False;18/04/1939;
Tsunami SOLOMON ISLANDS SOLOMON ISLANDS;Tsunami;SOLOMON ISLANDS;-9.295;159.234;;30/04/1939;;;location : SOLOMON ISLANDS;False;30/04/1939;
Tsunami JAPAN NW. HONSHU ISLAND;Tsunami;JAPAN;40.1;139.5;;01/05/1939;;;location : NW. HONSHU ISLAND;False;01/05/1939;
Tsunami PHILIPPINES TAYABAS BAY, SULU SEA;Tsunami;PHILIPPINES;13.5;121.25;;06/05/1939;;;location : TAYABAS BAY, SULU SEA;False;06/05/1939;
Tsunami PORTUGAL AZORES;Tsunami;PORTUGAL;37.198;-24.356;;08/05/1939;;;location : AZORES;False;08/05/1939;
Tsunami GHANA GOLD COAST;Tsunami;GHANA;5.568;-0.625;;22/06/1939;;;location : GOLD COAST;False;22/06/1939;
Tsunami CUBA SANTA CLARA;Tsunami;CUBA;22.2;-79.1;;15/08/1939;;;location : SANTA CLARA;False;15/08/1939;
Tsunami INDONESIA N. MOLUCCAS ISLANDS;Tsunami;INDONESIA;0;123;;21/12/1939;;;location : N. MOLUCCAS ISLANDS;False;21/12/1939;
Tsunami TURKEY SOUTH BLACK SEA;Tsunami;TURKEY;39.907;39.586;;26/12/1939;;;location : SOUTH BLACK SEA;False;26/12/1939;
Tsunami ITALY NORTHERN SICILY;Tsunami;ITALY;38.067;13.467;;15/01/1940;;;location : NORTHERN SICILY;False;15/01/1940;
Tsunami PERU CENTRAL PERU;Tsunami;PERU;-10.5;-77;;24/05/1940;;;location : CENTRAL PERU;False;24/05/1940;
Tsunami JAPAN W. HOKKAIDO ISLAND;Tsunami;JAPAN;44.2;139.5;;01/08/1940;;;location : W. HOKKAIDO ISLAND;False;01/08/1940;
Tsunami CHILE NORTHERN CHILE;Tsunami;CHILE;-22;-71;;04/10/1940;;;location : NORTHERN CHILE;False;04/10/1940;
Tsunami CHILE SOUTHERN CHILE;Tsunami;CHILE;-41.5;-74.5;;11/10/1940;;;location : SOUTHERN CHILE;False;11/10/1940;
Tsunami PAPUA NEW GUINEA BISMARCK SEA;Tsunami;PAPUA NEW GUINEA;-4.175;152.071;;13/01/1941;;;location : BISMARCK SEA;False;13/01/1941;
Tsunami CYPRUS LEVANTIAN SEA;Tsunami;CYPRUS;35.221;33.751;;20/01/1941;;;location : LEVANTIAN SEA;False;20/01/1941;
Tsunami USA NORTHERN CALIFORNIA;Tsunami;USA;40.5;-125.25;;09/02/1941;;;location : NORTHERN CALIFORNIA;False;09/02/1941;
Tsunami MEXICO MEXICO;Tsunami;MEXICO;18.68;-102.989;;15/04/1941;;;location : MEXICO;False;15/04/1941;
Tsunami INDIA ANDAMAN SEA, E. COAST INDIA;Tsunami;INDIA;11.94;92.626;;26/06/1941;;;location : ANDAMAN SEA, E. COAST INDIA;False;26/06/1941;
Tsunami JAPAN SEIKAIDO;Tsunami;JAPAN;32;132.1;;18/11/1941;;;location : SEIKAIDO;False;18/11/1941;
Tsunami ATLANTIC OCEAN AZORES GIBRALTAR FRACTURE ZONE;Tsunami;ATLANTIC OCEAN;37.301;-18.966;;25/11/1941;;;location : AZORES GIBRALTAR FRACTURE ZONE;False;25/11/1941;
Tsunami COSTA RICA COSTA RICA-PANAMA;Tsunami;COSTA RICA;8.7;-83.2;;05/12/1941;;;location : COSTA RICA-PANAMA;False;05/12/1941;
Tsunami COSTA RICA COSTA RICA-PANAMA;Tsunami;COSTA RICA;8.5;-84;;06/12/1941;;;location : COSTA RICA-PANAMA;False;06/12/1941;
Tsunami COLOMBIA COLOMBIA;Tsunami;COLOMBIA;4.6;-74.5;;22/05/1942;;;location : COLOMBIA;False;22/05/1942;
Tsunami PERU S. PERU;Tsunami;PERU;-15;-76;;24/08/1942;;;location : S. PERU;False;24/08/1942;
Tsunami CHILE CENTRAL CHILE;Tsunami;CHILE;-30.75;-72;;06/04/1943;;;location : CENTRAL CHILE;False;06/04/1943;
Tsunami JAPAN SE. HOKKAIDO ISLAND;Tsunami;JAPAN;41.2;143.3;;13/06/1943;;;location : SE. HOKKAIDO ISLAND;False;13/06/1943;
Tsunami TURKEY EDREMIT GULF, AEGEAN SEA;Tsunami;TURKEY;39.509;26.587;;06/10/1944;;;location : EDREMIT GULF, AEGEAN SEA;False;06/10/1944;
Tsunami JAPAN OFF SOUTHEAST COAST KII PENINSULA;Tsunami;JAPAN;34;137.1;;07/12/1944;;;location : OFF SOUTHEAST COAST KII PENINSULA;False;07/12/1944;
Tsunami JAPAN TOKAIDO;Tsunami;JAPAN;34.7;137.2;;12/01/1945;;;location : TOKAIDO;False;12/01/1945;
Tsunami JAPAN SANRIKU;Tsunami;JAPAN;40.9;142.1;;10/02/1945;;;location : SANRIKU;False;10/02/1945;
Tsunami PAKISTAN MAKRAN COAST;Tsunami;PAKISTAN;24.5;63;;27/11/1945;;;location : MAKRAN COAST;False;27/11/1945;
Tsunami USA UNIMAK ISLAND, AK;Tsunami;USA;53.492;-162.832;;01/04/1946;;;location : UNIMAK ISLAND, AK;False;01/04/1946;
Tsunami CANADA BRITISH COLUMBIA;Tsunami;CANADA;49.87;-124.92;;23/06/1946;;;location : BRITISH COLUMBIA;False;23/06/1946;
Tsunami CHILE NORTHERN CHILE;Tsunami;CHILE;-26.5;-70.5;;02/08/1946;;;location : NORTHERN CHILE;False;02/08/1946;
Tsunami DOMINICAN REPUBLIC NORTHEASTERN COAST;Tsunami;DOMINICAN REPUBLIC;19.25;-69;;04/08/1946;;;location : NORTHEASTERN COAST;False;04/08/1946;
Tsunami DOMINICAN REPUBLIC NORTHEASTERN COAST;Tsunami;DOMINICAN REPUBLIC;19.5;-69.5;;08/08/1946;;;location : NORTHEASTERN COAST;False;08/08/1946;
Tsunami PERU S. PERU;Tsunami;PERU;-14;-76.25;;30/09/1946;;;location : S. PERU;False;30/09/1946;
Tsunami USA ANDREANOF ISLANDS, AK;Tsunami;USA;51.5;-174.5;;01/11/1946;;;location : ANDREANOF ISLANDS, AK;False;01/11/1946;
Tsunami JAPAN HONSHU: S COAST;Tsunami;JAPAN;33.123;135.905;;20/12/1946;;;location : HONSHU: S COAST;False;20/12/1946;
Tsunami NEW ZEALAND OFF COAST OF NORTH ISLAND;Tsunami;NEW ZEALAND;-38.85;178.87;;25/03/1947;;;location : OFF COAST OF NORTH ISLAND;False;25/03/1947;
Tsunami NEW ZEALAND OFF COAST OF NORTH ISLAND;Tsunami;NEW ZEALAND;-38.42;178.88;;17/05/1947;;;location : OFF COAST OF NORTH ISLAND;False;17/05/1947;
Tsunami GREECE PELOPONNESUS, GREECE;Tsunami;GREECE;36.808;21.916;;06/10/1947;;;location : PELOPONNESUS, GREECE;False;06/10/1947;
Tsunami JAPAN W. HOKKAIDO ISLAND;Tsunami;JAPAN;43.8;141;;04/11/1947;;;location : W. HOKKAIDO ISLAND;False;04/11/1947;
Tsunami PHILIPPINES SULU SEA;Tsunami;PHILIPPINES;10.714;122.235;;24/01/1948;;;location : SULU SEA;False;24/01/1948;
Tsunami GREECE DODECANESE, KARPATHOS IS.;Tsunami;GREECE;35.64;27.158;;09/02/1948;;;location : DODECANESE, KARPATHOS IS.;False;09/02/1948;
Tsunami JAPAN TOKAIDO;Tsunami;JAPAN;33.1;135.6;;17/04/1948;;;location : TOKAIDO;False;17/04/1948;
Tsunami GREECE IONIAN SEA;Tsunami;GREECE;38.532;20.427;;22/04/1948;;;location : IONIAN SEA;False;22/04/1948;
Tsunami CHINA SHANDONG PROVINCE;Tsunami;CHINA;37.2;121.8;;23/05/1948;;;location : SHANDONG PROVINCE;False;23/05/1948;
Tsunami INDONESIA OFF NORTHWEST COAST;Tsunami;INDONESIA;6;95;;01/06/1948;;;location : OFF NORTHWEST COAST;False;01/06/1948;
Tsunami TONGA TONGA TRENCH;Tsunami;TONGA;-21;-174;;08/09/1948;;;location : TONGA TRENCH;False;08/09/1948;
Tsunami MEXICO MEXICO;Tsunami;MEXICO;21.182;-106.818;;04/12/1948;;;location : MEXICO;False;04/12/1948;
Tsunami CHILE NORTHERN CHILE;Tsunami;CHILE;-22.5;-69;;26/12/1948;;;location : NORTHERN CHILE;False;26/12/1948;
Tsunami RUSSIA KAMCHATKA;Tsunami;RUSSIA;54.6;163.5;;27/01/1949;;;location : KAMCHATKA;False;27/01/1949;
Tsunami USA PUGET SOUND, WA;Tsunami;USA;47.167;-122.617;;13/04/1949;;;location : PUGET SOUND, WA;False;13/04/1949;
Tsunami CHILE CENTRAL CHILE;Tsunami;CHILE;-38;-73.5;;20/04/1949;;;location : CENTRAL CHILE;False;20/04/1949;
Tsunami INDONESIA BANDA ACEH;Tsunami;INDONESIA;5;95;;09/05/1949;;;location : BANDA ACEH;False;09/05/1949;
Tsunami GREECE CHIOS ISLAND, AEGEAN ISLANDS;Tsunami;GREECE;38.718;26.482;;23/07/1949;;;location : CHIOS ISLAND, AEGEAN ISLANDS;False;23/07/1949;
Tsunami CANADA BRITISH COLUMBIA;Tsunami;CANADA;53.6;-133.3;;22/08/1949;;;location : BRITISH COLUMBIA;False;22/08/1949;
Tsunami PHILIPPINES NORTHERN LUZON ISLAND;Tsunami;PHILIPPINES;17;121.5;;05/09/1949;;;location : NORTHERN LUZON ISLAND;False;05/09/1949;
Tsunami USA GULF OF ALASKA, AK;Tsunami;USA;59.75;-149;;27/09/1949;;;location : GULF OF ALASKA, AK;False;27/09/1949;
Tsunami PAPUA NEW GUINEA SOLOMON SEA;Tsunami;PAPUA NEW GUINEA;-5.5;154;;19/10/1949;;;location : SOLOMON SEA;False;19/10/1949;
Tsunami CHILE SOUTHERN CHILE;Tsunami;CHILE;-54;-71;;17/12/1949;;;location : SOUTHERN CHILE;False;17/12/1949;
Tsunami CHILE SOUTHERN CHILE;Tsunami;CHILE;-54;-71;;17/12/1949;;;location : SOUTHERN CHILE;False;17/12/1949;
Tsunami PHILIPPINES E. LUZON ISLAND;Tsunami;PHILIPPINES;17;121.63;;29/12/1949;;;location : E. LUZON ISLAND;False;29/12/1949;
Tsunami CHILE SOUTHERN CHILE;Tsunami;CHILE;-53.5;-71.5;;30/01/1950;;;location : SOUTHERN CHILE;False;30/01/1950;
Tsunami NEW ZEALAND N. NEW ZEALAND;Tsunami;NEW ZEALAND;-37.8;177.2;;14/03/1950;;;location : N. NEW ZEALAND;False;14/03/1950;
Tsunami VENEZUELA EL TOCUYO;Tsunami;VENEZUELA;9.71;-69.819;;03/08/1950;;;location : EL TOCUYO;False;03/08/1950;
Tsunami INDIA INDIA-CHINA;Tsunami;INDIA;28.5;96.5;;15/08/1950;;;location : INDIA-CHINA;False;15/08/1950;
Tsunami COSTA RICA COSTA RICA-NICARAGUA;Tsunami;COSTA RICA;11;-85;;05/10/1950;;;location : COSTA RICA-NICARAGUA;False;05/10/1950;
Tsunami INDONESIA BANDA SEA;Tsunami;INDONESIA;-3.8;128.3;;08/10/1950;;;location : BANDA SEA;False;08/10/1950;
Tsunami GUATEMALA GUATEMALA;Tsunami;GUATEMALA;14.31;-91.917;;23/10/1950;;;location : GUATEMALA;False;23/10/1950;
Tsunami SOLOMON ISLANDS SOLOMON SEA;Tsunami;SOLOMON ISLANDS;-10;159.5;;08/11/1950;;;location : SOLOMON SEA;False;08/11/1950;
Tsunami VANUATU VANUATU ISLANDS;Tsunami;VANUATU;-18.25;167.5;;02/12/1950;;;location : VANUATU ISLANDS;False;02/12/1950;
Tsunami PERU S. PERU;Tsunami;PERU;-14.25;-77.75;;10/12/1950;;;location : S. PERU;False;10/12/1950;
Tsunami MEXICO S. MEXICO;Tsunami;MEXICO;16.48;-98.22;;14/12/1950;;;location : S. MEXICO;False;14/12/1950;
Tsunami PAPUA NEW GUINEA BISMARCK SEA;Tsunami;PAPUA NEW GUINEA;-3.252;142.238;;22/02/1951;;;location : BISMARCK SEA;False;22/02/1951;
Tsunami NICARAGUA COSIGUINA VOLCANO;Tsunami;NICARAGUA;13;-87.5;;03/08/1951;;;location : COSIGUINA VOLCANO;False;03/08/1951;
Tsunami USA HAWAII;Tsunami;USA;19.5;-156;;21/08/1951;;;location : HAWAII;False;21/08/1951;
Tsunami TAIWAN TAIWAN;Tsunami;TAIWAN;23.8;121.7;;22/10/1951;;;location : TAIWAN;False;22/10/1951;
Tsunami CHINA CHINA: GANSU AND SHANXI PROVINCES;Tsunami;CHINA;26.7;100;;21/12/1951;;;location : CHINA: GANSU AND SHANXI PROVINCES;False;21/12/1951;
Tsunami JAPAN SE. HOKKAIDO ISLAND;Tsunami;JAPAN;42.15;143.85;;04/03/1952;;;location : SE. HOKKAIDO ISLAND;False;04/03/1952;
Tsunami JAPAN SE. HOKKAIDO ISLAND;Tsunami;JAPAN;41.7;143.6;;09/03/1952;;;location : SE. HOKKAIDO ISLAND;False;09/03/1952;
Tsunami PHILIPPINES E. OF MINDANO, PHILIPPINES;Tsunami;PHILIPPINES;9.5;127.25;;19/03/1952;;;location : E. OF MINDANO, PHILIPPINES;False;19/03/1952;
Tsunami COSTA RICA COSTA RICA-PANAMA;Tsunami;COSTA RICA;10.088;-85.211;;13/05/1952;;;location : COSTA RICA-PANAMA;False;13/05/1952;
Tsunami VANUATU OFF EAST COAST OF VANUATU;Tsunami;VANUATU;-18.5;169.25;;13/07/1952;;;location : OFF EAST COAST OF VANUATU;False;13/07/1952;
Tsunami RUSSIA KAMCHATKA;Tsunami;RUSSIA;52.755;160.057;;04/11/1952;;;location : KAMCHATKA;False;04/11/1952;
Tsunami PERU CENTRAL PERU;Tsunami;PERU;-12;-77.5;;15/02/1953;;;location : CENTRAL PERU;False;15/02/1953;
Tsunami RUSSIA N. KURIL ISLANDS;Tsunami;RUSSIA;50;156.5;;17/03/1953;;;location : N. KURIL ISLANDS;False;17/03/1953;
Tsunami PAPUA NEW GUINEA RABAUL, NEW BRITAIN;Tsunami;PAPUA NEW GUINEA;-4.449;152.868;;23/04/1953;;;location : RABAUL, NEW BRITAIN;False;23/04/1953;
Tsunami CHILE CENTRAL CHILE;Tsunami;CHILE;-36.5;-72.5;;06/05/1953;;;location : CENTRAL CHILE;False;06/05/1953;
Tsunami DOMINICAN REPUBLIC PUERTO PLATA;Tsunami;DOMINICAN REPUBLIC;19.8;-70.7;;31/05/1953;;;location : PUERTO PLATA;False;31/05/1953;
Tsunami GREECE ITHAKI ISLAND;Tsunami;GREECE;38.216;20.83;;09/08/1953;;;location : ITHAKI ISLAND;False;09/08/1953;
Tsunami GREECE IONIAN SEA;Tsunami;GREECE;38.1;20.6;;11/08/1953;;;location : IONIAN SEA;False;11/08/1953;
Tsunami GREECE IONIAN SEA;Tsunami;GREECE;38.3;20.8;;12/08/1953;;;location : IONIAN SEA;False;12/08/1953;
Tsunami CYPRUS LEVANTIAN SEA;Tsunami;CYPRUS;34.741;32.335;;10/09/1953;;;location : LEVANTIAN SEA;False;10/09/1953;
Tsunami FIJI FIJI ISLANDS;Tsunami;FIJI;-18.3;178.2;;14/09/1953;;;location : FIJI ISLANDS;False;14/09/1953;
Tsunami VANUATU CORAL SEA;Tsunami;VANUATU;-13.189;166.516;;04/11/1953;;;location : CORAL SEA;False;04/11/1953;
Tsunami JAPAN KASHIMA, JAPAN;Tsunami;JAPAN;34;141.7;;25/11/1953;;;location : KASHIMA, JAPAN;False;25/11/1953;
Tsunami PERU N. PERU;Tsunami;PERU;-3.4;-80.6;;12/12/1953;;;location : N. PERU;False;12/12/1953;
Tsunami CHINA CHINA: GANSU AND SHANXI PROVINCES;Tsunami;CHINA;;;;11/02/1954;;;location : CHINA: GANSU AND SHANXI PROVINCES;False;11/02/1954;
Tsunami ALGERIA SEA OF ALBORAN;Tsunami;ALGERIA;36.274;1.594;;09/09/1954;;;location : SEA OF ALBORAN;False;09/09/1954;
Tsunami JAPAN MIYAGI, JAPAN;Tsunami;JAPAN;38.9;142.2;;18/11/1954;;;location : MIYAGI, JAPAN;False;18/11/1954;
Tsunami VENEZUELA OFF THE COAST NEAR LA VELA;Tsunami;VENEZUELA;11.46;-69.57;;18/01/1955;;;location : OFF THE COAST NEAR LA VELA;False;18/01/1955;
Tsunami PHILIPPINES LAKE LANAO;Tsunami;PHILIPPINES;7.658;123.157;;31/03/1955;;;location : LAKE LANAO;False;31/03/1955;
Tsunami GREECE VOLOS GULF;Tsunami;GREECE;39.4;23.1;;19/04/1955;;;location : VOLOS GULF;False;19/04/1955;
Tsunami CHILE CENTRAL CHILE;Tsunami;CHILE;-30;-72;;19/04/1955;;;location : CENTRAL CHILE;False;19/04/1955;
Tsunami INDIA LITTLE NICOBAR ISLAND;Tsunami;INDIA;6.5;94;;17/05/1955;;;location : LITTLE NICOBAR ISLAND;False;17/05/1955;
Tsunami GREECE EAST AEGEAN SEA;Tsunami;GREECE;37.617;27.284;;16/07/1955;;;location : EAST AEGEAN SEA;False;16/07/1955;
Tsunami PAPUA NEW GUINEA SOLOMON SEA;Tsunami;PAPUA NEW GUINEA;-6.9;155.7;;08/09/1955;;;location : SOLOMON SEA;False;08/09/1955;
Tsunami CHINA JINSHA RIVER, YUNNAN PROVINCE;Tsunami;CHINA;26.6;101.8;;23/09/1955;;;location : JINSHA RIVER, YUNNAN PROVINCE;False;23/09/1955;
Tsunami PAPUA NEW GUINEA BISMARCK SEA;Tsunami;PAPUA NEW GUINEA;-5.1;152.924;;10/10/1955;;;location : BISMARCK SEA;False;10/10/1955;
Tsunami CHILE NORTHERN CHILE;Tsunami;CHILE;-19;-70;;08/01/1956;;;location : NORTHERN CHILE;False;08/01/1956;
Tsunami NEW ZEALAND LAKE TAUPO, NORTH ISLAND;Tsunami;NEW ZEALAND;-38.9;175.8;;02/03/1956;;;location : LAKE TAUPO, NORTH ISLAND;False;02/03/1956;
Tsunami JAPAN NE. HOKKAIDO ISLAND;Tsunami;JAPAN;44.3;144.1;;05/03/1956;;;location : NE. HOKKAIDO ISLAND;False;05/03/1956;
Tsunami GREECE CYCLADES;Tsunami;GREECE;36.664;25.957;;09/07/1956;;;location : CYCLADES;False;09/07/1956;
Tsunami GREECE AMORGOS ISLAND, AEGEAN ISLANDS;Tsunami;GREECE;36.8;25.5;;09/07/1956;;;location : AMORGOS ISLAND, AEGEAN ISLANDS;False;09/07/1956;
Tsunami JAPAN IZU PENINSULA;Tsunami;JAPAN;33.8;138.8;;12/08/1956;;;location : IZU PENINSULA;False;12/08/1956;
Tsunami NICARAGUA NICARAGUA;Tsunami;NICARAGUA;11.862;-86.556;;24/10/1956;;;location : NICARAGUA;False;24/10/1956;
Tsunami GREECE NORTH AEGEAN;Tsunami;GREECE;39.267;23.173;;02/11/1956;;;location : NORTH AEGEAN;False;02/11/1956;
Tsunami CHILE NORTHERN CHILE;Tsunami;CHILE;-25.5;-71;;18/12/1956;;;location : NORTHERN CHILE;False;18/12/1956;
Tsunami USA ANDREANOF ISLANDS, AK;Tsunami;USA;51.499;-175.626;;09/03/1957;;;location : ANDREANOF ISLANDS, AK;False;09/03/1957;
Tsunami INDONESIA NW. IRIAN JAYA;Tsunami;INDONESIA;-1.5;137;;22/06/1957;;;location : NW. IRIAN JAYA;False;22/06/1957;
Tsunami MEXICO S. MEXICO;Tsunami;MEXICO;16.5;-99.1;;28/07/1957;;;location : S. MEXICO;False;28/07/1957;
Tsunami CHILE NORTHERN CHILE;Tsunami;CHILE;-23.5;-71.5;;29/07/1957;;;location : NORTHERN CHILE;False;29/07/1957;
Tsunami INDONESIA SOUTH OF JAVA;Tsunami;INDONESIA;-8.2;107.3;;26/09/1957;;;location : SOUTH OF JAVA;False;26/09/1957;
Tsunami INDONESIA MAKASSAR STRAIT;Tsunami;INDONESIA;-2;116;;26/10/1957;;;location : MAKASSAR STRAIT;False;26/10/1957;
Tsunami ECUADOR COLOMBIA-ECUADOR;Tsunami;ECUADOR;1.5;-79.5;;19/01/1958;;;location : COLOMBIA-ECUADOR;False;19/01/1958;
Tsunami CHINA SICHUAN PROVINCE;Tsunami;CHINA;31.5;105;;07/02/1958;;;location : SICHUAN PROVINCE;False;07/02/1958;
Tsunami INDONESIA BENGKULU, SUMATRA;Tsunami;INDONESIA;-4.5;104;;21/04/1958;;;location : BENGKULU, SUMATRA;False;21/04/1958;
Tsunami USA SE. ALASKA, AK;Tsunami;USA;58.37;-136.665;;10/07/1958;;;location : SE. ALASKA, AK;False;10/07/1958;
Tsunami RUSSIA N. KURIL ISLANDS;Tsunami;RUSSIA;48.6;156.1;;17/09/1958;;;location : N. KURIL ISLANDS;False;17/09/1958;
Tsunami PACIFIC OCEAN EAST PACIFIC RISE;Tsunami;PACIFIC OCEAN;-50;-115;;04/11/1958;;;location : EAST PACIFIC RISE;False;04/11/1958;
Tsunami RUSSIA S. KURIL ISLANDS;Tsunami;RUSSIA;44.53;148.54;;06/11/1958;;;location : S. KURIL ISLANDS;False;06/11/1958;
Tsunami RUSSIA S. KURIL ISLANDS;Tsunami;RUSSIA;44.2;148.8;;12/11/1958;;;location : S. KURIL ISLANDS;False;12/11/1958;
Tsunami JAPAN SANRIKU;Tsunami;JAPAN;37.5;142.2;;22/01/1959;;;location : SANRIKU;False;22/01/1959;
Tsunami PERU N. PERU;Tsunami;PERU;-4;-81.5;;07/02/1959;;;location : N. PERU;False;07/02/1959;
Tsunami RUSSIA S. KURIL ISLANDS;Tsunami;RUSSIA;44.3;149;;09/04/1959;;;location : S. KURIL ISLANDS;False;09/04/1959;
Tsunami RUSSIA KAMCHATKA;Tsunami;RUSSIA;52.5;159.5;;04/05/1959;;;location : KAMCHATKA;False;04/05/1959;
Tsunami SOLOMON ISLANDS SOLOMON ISLANDS;Tsunami;SOLOMON ISLANDS;-7.5;156;;17/08/1959;;;location : SOLOMON ISLANDS;False;17/08/1959;
Tsunami USA HEGBEN LAKE, MONTANA;Tsunami;USA;44.63;-110.891;;18/08/1959;;;location : HEGBEN LAKE, MONTANA;False;18/08/1959;
Tsunami RUSSIA LAKE BAYKAL (BAIKAL);Tsunami;RUSSIA;52;106.5;;29/08/1959;;;location : LAKE BAYKAL (BAIKAL);False;29/08/1959;
Tsunami JAPAN SANRIKU;Tsunami;JAPAN;37.5;143.2;;26/10/1959;;;location : SANRIKU;False;26/10/1959;
Tsunami PERU S. PERU;Tsunami;PERU;-15.75;-72.75;;13/01/1960;;;location : S. PERU;False;13/01/1960;
Tsunami MOROCCO MOROCCO;Tsunami;MOROCCO;30.5;-9.5;;29/02/1960;;;location : MOROCCO;False;29/02/1960;
Tsunami JAPAN SANRIKU;Tsunami;JAPAN;39.8;143.4;;20/03/1960;;;location : SANRIKU;False;20/03/1960;
Tsunami JAPAN SANRIKU;Tsunami;JAPAN;39.4;143.7;;23/03/1960;;;location : SANRIKU;False;23/03/1960;
Tsunami CHILE CENTRAL CHILE;Tsunami;CHILE;-37.872;-73.243;;21/05/1960;;;location : CENTRAL CHILE;False;21/05/1960;
Tsunami CHILE SOUTHERN CHILE;Tsunami;CHILE;-38.143;-73.407;;22/05/1960;;;location : SOUTHERN CHILE;False;22/05/1960;
Tsunami CHILE SOUTHERN CHILE;Tsunami;CHILE;;;;24/05/1960;;;location : SOUTHERN CHILE;False;24/05/1960;
Tsunami PAPUA NEW GUINEA SOLOMON SEA;Tsunami;PAPUA NEW GUINEA;-9.4;152.3;;11/06/1960;;;location : SOLOMON SEA;False;11/06/1960;
Tsunami JAPAN SANRIKU;Tsunami;JAPAN;40.3;142.5;;29/07/1960;;;location : SANRIKU;False;29/07/1960;
Tsunami CHILE SOUTHERN CHILE;Tsunami;CHILE;-38.5;-75.1;;01/11/1960;;;location : SOUTHERN CHILE;False;01/11/1960;
Tsunami PERU N. PERU;Tsunami;PERU;-6.8;-80.7;;20/11/1960;;;location : N. PERU;False;20/11/1960;
Tsunami JAPAN KASHIMA, JAPAN;Tsunami;JAPAN;36;142.3;;16/01/1961;;;location : KASHIMA, JAPAN;False;16/01/1961;
Tsunami JAPAN KASHIMA, JAPAN;Tsunami;JAPAN;36;141.9;;16/01/1961;;;location : KASHIMA, JAPAN;False;16/01/1961;
Tsunami JAPAN KASHIMA, JAPAN;Tsunami;JAPAN;36.2;141.9;;16/01/1961;;;location : KASHIMA, JAPAN;False;16/01/1961;
Tsunami RUSSIA S. KURIL ISLANDS;Tsunami;RUSSIA;43.2;147.9;;12/02/1961;;;location : S. KURIL ISLANDS;False;12/02/1961;
Tsunami JAPAN SEIKAIDO;Tsunami;JAPAN;31.6;131.8;;26/02/1961;;;location : SEIKAIDO;False;26/02/1961;
Tsunami TURKEY ASIA MINOR;Tsunami;TURKEY;36.693;28.594;;23/05/1961;;;location : ASIA MINOR;False;23/05/1961;
Tsunami COLOMBIA NORTHEASTERN;Tsunami;COLOMBIA;8.9;-73.4;;16/06/1961;;;location : NORTHEASTERN;False;16/06/1961;
Tsunami JAPAN RYUKYU ISLANDS;Tsunami;JAPAN;29.6;131.8;;18/07/1961;;;location : RYUKYU ISLANDS;False;18/07/1961;
Tsunami VANUATU VANUATU ISLANDS;Tsunami;VANUATU;-18.421;168.411;;23/07/1961;;;location : VANUATU ISLANDS;False;23/07/1961;
Tsunami SOLOMON ISLANDS SOLOMON SEA;Tsunami;SOLOMON ISLANDS;-9.849;160.614;;01/08/1961;;;location : SOLOMON SEA;False;01/08/1961;
Tsunami JAPAN SE. HOKKAIDO ISLAND;Tsunami;JAPAN;42.9;145.6;;11/08/1961;;;location : SE. HOKKAIDO ISLAND;False;11/08/1961;
Tsunami CHILE CENTRAL CHILE;Tsunami;CHILE;-36.7;-73;;18/10/1961;;;location : CENTRAL CHILE;False;18/10/1961;
Tsunami JAPAN SE. HOKKAIDO ISLAND;Tsunami;JAPAN;42.7;145.7;;15/11/1961;;;location : SE. HOKKAIDO ISLAND;False;15/11/1961;
Tsunami CROATIA DALMATIAN COASTS;Tsunami;CROATIA;43.3;17.1;;11/01/1962;;;location : DALMATIAN COASTS;False;11/01/1962;
Tsunami PANAMA COSTA RICA-PANAMA;Tsunami;PANAMA;8.008;-82.757;;12/03/1962;;;location : COSTA RICA-PANAMA;False;12/03/1962;
Tsunami JAPAN SANRIKU;Tsunami;JAPAN;38.073;142.741;;12/04/1962;;;location : SANRIKU;False;12/04/1962;
Tsunami JAPAN SE. HOKKAIDO ISLAND;Tsunami;JAPAN;42.2;143.9;;23/04/1962;;;location : SE. HOKKAIDO ISLAND;False;23/04/1962;
Tsunami MEXICO S. MEXICO;Tsunami;MEXICO;17.2;-99.6;;11/05/1962;;;location : S. MEXICO;False;11/05/1962;
Tsunami MEXICO S. MEXICO;Tsunami;MEXICO;17.2;-99.5;;19/05/1962;;;location : S. MEXICO;False;19/05/1962;
Tsunami JAPAN OFF COAST OF HONSHU ISLAND;Tsunami;JAPAN;41.8;142.4;;21/05/1962;;;location : OFF COAST OF HONSHU ISLAND;False;21/05/1962;
Tsunami USA FOX ISLANDS, ALEUTIAN ISLANDS, AK;Tsunami;USA;52.47;-168.54;;21/12/1962;;;location : FOX ISLANDS, ALEUTIAN ISLANDS, AK;False;21/12/1962;
Tsunami TAIWAN E. TAIWAN-RYUKYU ISLANDS;Tsunami;TAIWAN;24.4;122.1;;13/02/1963;;;location : E. TAIWAN-RYUKYU ISLANDS;False;13/02/1963;
Tsunami TURKEY MARMARA SEA;Tsunami;TURKEY;40.698;29.159;;18/09/1963;;;location : MARMARA SEA;False;18/09/1963;
Tsunami PERU CENTRAL PERU;Tsunami;PERU;-10.385;-78.022;;24/09/1963;;;location : CENTRAL PERU;False;24/09/1963;
Tsunami RUSSIA S. KURIL ISLANDS;Tsunami;RUSSIA;44.426;149.272;;12/10/1963;;;location : S. KURIL ISLANDS;False;12/10/1963;
Tsunami RUSSIA S. KURIL ISLANDS;Tsunami;RUSSIA;44.772;149.798;;13/10/1963;;;location : S. KURIL ISLANDS;False;13/10/1963;
Tsunami RUSSIA S. KURIL ISLANDS;Tsunami;RUSSIA;44.772;150.563;;20/10/1963;;;location : S. KURIL ISLANDS;False;20/10/1963;
Tsunami INDONESIA JAVA;Tsunami;INDONESIA;-6.4;105.4;;16/12/1963;;;location : JAVA;False;16/12/1963;
Tsunami TONGA TONGA TRENCH;Tsunami;TONGA;-24.8;-176.6;;18/12/1963;;;location : TONGA TRENCH;False;18/12/1963;
Tsunami USA PRINCE WILLIAM SOUND, AK;Tsunami;USA;60.908;-147.339;;28/03/1964;;;location : PRINCE WILLIAM SOUND, AK;False;28/03/1964;
Tsunami INDONESIA OFF NORTHWEST COAST OF INDONESIA;Tsunami;INDONESIA;5.8;95.4;;02/04/1964;;;location : OFF NORTHWEST COAST OF INDONESIA;False;02/04/1964;
Tsunami JAPAN NW. HONSHU ISLAND;Tsunami;JAPAN;40.3;139;;07/05/1964;;;location : NW. HONSHU ISLAND;False;07/05/1964;
Tsunami JAPAN NW. HONSHU ISLAND;Tsunami;JAPAN;40.4;139;;07/05/1964;;;location : NW. HONSHU ISLAND;False;07/05/1964;
Tsunami JAPAN NW. HONSHU ISLAND;Tsunami;JAPAN;38.65;139.2;;16/06/1964;;;location : NW. HONSHU ISLAND;False;16/06/1964;
Tsunami RUSSIA S. KURIL ISLANDS;Tsunami;RUSSIA;47.159;153.876;;24/07/1964;;;location : S. KURIL ISLANDS;False;24/07/1964;
Tsunami PAPUA NEW GUINEA NEW BRITAIN;Tsunami;PAPUA NEW GUINEA;-5.7;150.7;;17/11/1964;;;location : NEW BRITAIN;False;17/11/1964;
Tsunami JAPAN NW. HONSHU ISLAND;Tsunami;JAPAN;40.4;138.9;;10/12/1964;;;location : NW. HONSHU ISLAND;False;10/12/1964;
Tsunami INDONESIA SANANA ISLAND;Tsunami;INDONESIA;-2.4;126.1;;24/01/1965;;;location : SANANA ISLAND;False;24/01/1965;
Tsunami USA RAT ISLANDS, ALEUTIAN ISLANDS, AK;Tsunami;USA;51.251;178.715;;04/02/1965;;;location : RAT ISLANDS, ALEUTIAN ISLANDS, AK;False;04/02/1965;
Tsunami CHILE NORTHERN CHILE;Tsunami;CHILE;-25.67;-70.63;;23/02/1965;;;location : NORTHERN CHILE;False;23/02/1965;
Tsunami GREECE AEGEAN SEA;Tsunami;GREECE;39.4;24;;09/03/1965;;;location : AEGEAN SEA;False;09/03/1965;
Tsunami CHILE CENTRAL CHILE;Tsunami;CHILE;-31.81;-71.26;;22/03/1965;;;location : CENTRAL CHILE;False;22/03/1965;
Tsunami USA RAT ISLANDS, ALEUTIAN ISLANDS, AK;Tsunami;USA;50.32;177.93;;30/03/1965;;;location : RAT ISLANDS, ALEUTIAN ISLANDS, AK;False;30/03/1965;
Tsunami JAPAN AICHI PREFECTURE;Tsunami;JAPAN;34.9;139;;19/04/1965;;;location : AICHI PREFECTURE;False;19/04/1965;
Tsunami RUSSIA S. KURIL ISLANDS;Tsunami;RUSSIA;44.7;148.7;;11/06/1965;;;location : S. KURIL ISLANDS;False;11/06/1965;
Tsunami USA FOX ISLANDS, ALEUTIAN ISLANDS, AK;Tsunami;USA;53.03;-167.55;;02/07/1965;;;location : FOX ISLANDS, ALEUTIAN ISLANDS, AK;False;02/07/1965;
Tsunami GREECE NORTH CORINTH GULF;Tsunami;GREECE;38.384;22.545;;06/07/1965;;;location : NORTH CORINTH GULF;False;06/07/1965;
Tsunami VANUATU VANUATU ISLANDS;Tsunami;VANUATU;-15.8;167.2;;11/08/1965;;;location : VANUATU ISLANDS;False;11/08/1965;
Tsunami VANUATU VANUATU ISLANDS;Tsunami;VANUATU;-15.9;166.8;;13/08/1965;;;location : VANUATU ISLANDS;False;13/08/1965;
Tsunami MEXICO MEXICO;Tsunami;MEXICO;16.3;-95.8;;23/08/1965;;;location : MEXICO;False;23/08/1965;
Tsunami CHILE SOUTHERN CHILE;Tsunami;CHILE;-42.9;-75.13;;03/10/1965;;;location : SOUTHERN CHILE;False;03/10/1965;
Tsunami TAIWAN E. TAIWAN-RYUKYU ISLANDS;Tsunami;TAIWAN;24.1;122.6;;12/03/1966;;;location : E. TAIWAN-RYUKYU ISLANDS;False;12/03/1966;
Tsunami SOLOMON ISLANDS SOLOMON ISLANDS;Tsunami;SOLOMON ISLANDS;-10.343;160.883;;15/06/1966;;;location : SOLOMON ISLANDS;False;15/06/1966;
Tsunami RUSSIA BLACK SEA;Tsunami;RUSSIA;44.75;37;;12/07/1966;;;location : BLACK SEA;False;12/07/1966;
Tsunami PERU CENTRAL PERU;Tsunami;PERU;-10.748;-78.638;;17/10/1966;;;location : CENTRAL PERU;False;17/10/1966;
Tsunami CHILE NORTHERN CHILE;Tsunami;CHILE;-25.5;-70.7;;28/12/1966;;;location : NORTHERN CHILE;False;28/12/1966;
Tsunami SOLOMON ISLANDS SANTA CRUZ ISLANDS;Tsunami;SOLOMON ISLANDS;-11.893;166.445;;31/12/1966;;;location : SANTA CRUZ ISLANDS;False;31/12/1966;
Tsunami SOLOMON ISLANDS SANTA CRUZ ISLANDS;Tsunami;SOLOMON ISLANDS;-12.334;166.684;;31/12/1966;;;location : SANTA CRUZ ISLANDS;False;31/12/1966;
Tsunami RUSSIA S. KURIL ISLANDS;Tsunami;RUSSIA;45.53;151.11;;19/03/1967;;;location : S. KURIL ISLANDS;False;19/03/1967;
Tsunami INDONESIA MAKASSAR STRAIT;Tsunami;INDONESIA;-3.7;119.3;;11/04/1967;;;location : MAKASSAR STRAIT;False;11/04/1967;
Tsunami INDONESIA NORTHEAST SUMATRA;Tsunami;INDONESIA;5.5;97.3;;12/04/1967;;;location : NORTHEAST SUMATRA;False;12/04/1967;
Tsunami VENEZUELA CARACAS;Tsunami;VENEZUELA;10.559;-67.33;;30/07/1967;;;location : CARACAS;False;30/07/1967;
Tsunami PAPUA NEW GUINEA BISMARCK SEA;Tsunami;PAPUA NEW GUINEA;-4.4;152.5;;13/08/1967;;;location : BISMARCK SEA;False;13/08/1967;
Tsunami PERU CENTRAL PERU;Tsunami;PERU;-10.6;-79.8;;03/09/1967;;;location : CENTRAL PERU;False;03/09/1967;
Tsunami CHILE NORTHERN CHILE;Tsunami;CHILE;-28.78;-71.19;;15/11/1967;;;location : NORTHERN CHILE;False;15/11/1967;
Tsunami CHILE NORTHERN CHILE;Tsunami;CHILE;-21.7;-69.5;;21/12/1967;;;location : NORTHERN CHILE;False;21/12/1967;
Tsunami RUSSIA S. KURIL ISLANDS;Tsunami;RUSSIA;43.586;146.701;;29/01/1968;;;location : S. KURIL ISLANDS;False;29/01/1968;
Tsunami GREECE LEMNOS ISLAND, NORTH AEGEAN SEA;Tsunami;GREECE;39.368;24.957;;19/02/1968;;;location : LEMNOS ISLAND, NORTH AEGEAN SEA;False;19/02/1968;
Tsunami JAPAN SEIKAIDO;Tsunami;JAPAN;32.3;132.5;;01/04/1968;;;location : SEIKAIDO;False;01/04/1968;
Tsunami JAPAN OFF EAST COAST OF HONSHU ISLAND;Tsunami;JAPAN;40.8;143.2;;16/05/1968;;;location : OFF EAST COAST OF HONSHU ISLAND;False;16/05/1968;
Tsunami JAPAN OFF COAST OF HONSHU ISLAND;Tsunami;JAPAN;41.5;142.7;;16/05/1968;;;location : OFF COAST OF HONSHU ISLAND;False;16/05/1968;
Tsunami JAPAN SANRIKU;Tsunami;JAPAN;39.4;143.1;;12/06/1968;;;location : SANRIKU;False;12/06/1968;
Tsunami NEW ZEALAND KERMADEC ISLANDS;Tsunami;NEW ZEALAND;-30.8;-178.4;;25/07/1968;;;location : KERMADEC ISLANDS;False;25/07/1968;
Tsunami PHILIPPINES E. LUZON ISLAND;Tsunami;PHILIPPINES;16.5;122.2;;01/08/1968;;;location : E. LUZON ISLAND;False;01/08/1968;
Tsunami MEXICO ACAPULCO;Tsunami;MEXICO;16.519;-97.739;;02/08/1968;;;location : ACAPULCO;False;02/08/1968;
Tsunami JAPAN SEIKAIDO-NANKAIDO;Tsunami;JAPAN;33.3;132.2;;05/08/1968;;;location : SEIKAIDO-NANKAIDO;False;05/08/1968;
Tsunami INDONESIA N. MOLUCCAS ISLANDS;Tsunami;INDONESIA;1.4;126.2;;10/08/1968;;;location : N. MOLUCCAS ISLANDS;False;10/08/1968;
Tsunami INDONESIA BANDA SEA;Tsunami;INDONESIA;0.2;119.8;;14/08/1968;;;location : BANDA SEA;False;14/08/1968;
Tsunami TURKEY BLACK SEA;Tsunami;TURKEY;41.8;32.3;;03/09/1968;;;location : BLACK SEA;False;03/09/1968;
Tsunami VENEZUELA CARUPANO;Tsunami;VENEZUELA;10.697;-62.748;;20/09/1968;;;location : CARUPANO;False;20/09/1968;
Tsunami MEXICO S. MEXICO-GUATEMALA-NICARAGUA;Tsunami;MEXICO;15.573;-92.536;;25/09/1968;;;location : S. MEXICO-GUATEMALA-NICARAGUA;False;25/09/1968;
Tsunami GREECE ISLAND OF KOS;Tsunami;GREECE;36.52;26.946;;05/12/1968;;;location : ISLAND OF KOS;False;05/12/1968;
Tsunami INDONESIA MAKASSAR STRAIT;Tsunami;INDONESIA;-3.201;118.904;;23/02/1969;;;location : MAKASSAR STRAIT;False;23/02/1969;
Tsunami PORTUGAL PORTUGAL;Tsunami;PORTUGAL;36.017;-10.95;;28/02/1969;;;location : PORTUGAL;False;28/02/1969;
Tsunami EGYPT GULF OF SUEZ;Tsunami;EGYPT;27.7;34;;31/03/1969;;;location : GULF OF SUEZ;False;31/03/1969;
Tsunami JAPAN RYUKYU ISLANDS;Tsunami;JAPAN;32.2;132.1;;21/04/1969;;;location : RYUKYU ISLANDS;False;21/04/1969;
Tsunami CHINA BOHAI SEA;Tsunami;CHINA;38.2;119.4;;18/07/1969;;;location : BOHAI SEA;False;18/07/1969;
Tsunami PAPUA NEW GUINEA BISMARCK SEA;Tsunami;PAPUA NEW GUINEA;-6.6;146.9;;02/08/1969;;;location : BISMARCK SEA;False;02/08/1969;
Tsunami RUSSIA S. KURIL ISLANDS;Tsunami;RUSSIA;43.6;147.9;;11/08/1969;;;location : S. KURIL ISLANDS;False;11/08/1969;
Tsunami RUSSIA KAMCHATKA;Tsunami;RUSSIA;57.7;163.6;;22/11/1969;;;location : KAMCHATKA;False;22/11/1969;
Tsunami GUADELOUPE (FRENCH TERRITORY) GRAND BOURG;Tsunami;GUADELOUPE (FRENCH TERRITORY);15.8;-59.7;;25/12/1969;;;location : GRAND BOURG;False;25/12/1969;
Tsunami PHILIPPINES PHILIPPINE TRENCH;Tsunami;PHILIPPINES;6.8;126.7;;10/01/1970;;;location : PHILIPPINE TRENCH;False;10/01/1970;
Tsunami USA ANDREANOF ISLANDS, AK;Tsunami;USA;57.5;-153.9;;11/03/1970;;;location : ANDREANOF ISLANDS, AK;False;11/03/1970;
Tsunami PHILIPPINES PHILIPPINE SEA;Tsunami;PHILIPPINES;15.78;121.71;;07/04/1970;;;location : PHILIPPINE SEA;False;07/04/1970;
Tsunami RUSSIA CASPIAN SEA;Tsunami;RUSSIA;43.191;47.14;;14/05/1970;;;location : CASPIAN SEA;False;14/05/1970;
Tsunami PERU N. PERU;Tsunami;PERU;-9.2;-78.8;;31/05/1970;;;location : N. PERU;False;31/05/1970;
Tsunami CHILE SOUTHERN CHILE;Tsunami;CHILE;-52;-73.8;;14/06/1970;;;location : SOUTHERN CHILE;False;14/06/1970;
Tsunami CHILE NORTHERN CHILE;Tsunami;CHILE;-22.28;-70.55;;19/06/1970;;;location : NORTHERN CHILE;False;19/06/1970;
Tsunami JAPAN SEIKAIDO;Tsunami;JAPAN;32.2;131.7;;25/07/1970;;;location : SEIKAIDO;False;25/07/1970;
Tsunami NEW ZEALAND NEW ZEALAND;Tsunami;NEW ZEALAND;-44.64;173.62;;28/09/1970;;;location : NEW ZEALAND;False;28/09/1970;
Tsunami PHILIPPINES PHILIPPINE TRENCH;Tsunami;PHILIPPINES;20.675;122.009;;30/09/1970;;;location : PHILIPPINE TRENCH;False;30/09/1970;
Tsunami PAPUA NEW GUINEA PAPUA NEW GUINEA;Tsunami;PAPUA NEW GUINEA;-4.907;145.471;;31/10/1970;;;location : PAPUA NEW GUINEA;False;31/10/1970;
Tsunami CHILE NORTHERN CHILE;Tsunami;CHILE;-20.94;-69.81;;28/11/1970;;;location : NORTHERN CHILE;False;28/11/1970;
Tsunami RUSSIA BLACK SEA;Tsunami;RUSSIA;43.84;39.34;;04/12/1970;;;location : BLACK SEA;False;04/12/1970;
Tsunami USA ANDREANOF ISLANDS, AK;Tsunami;USA;51.228;-177.173;;02/05/1971;;;location : ANDREANOF ISLANDS, AK;False;02/05/1971;
Tsunami CHILE CENTRAL CHILE;Tsunami;CHILE;-32.5;-71.2;;09/07/1971;;;location : CENTRAL CHILE;False;09/07/1971;
Tsunami PAPUA NEW GUINEA SOLOMON SEA;Tsunami;PAPUA NEW GUINEA;-5.5;153.9;;14/07/1971;;;location : SOLOMON SEA;False;14/07/1971;
Tsunami PAPUA NEW GUINEA SOLOMON SEA;Tsunami;PAPUA NEW GUINEA;-4.9;153.2;;26/07/1971;;;location : SOLOMON SEA;False;26/07/1971;
Tsunami JAPAN JAPAN TRENCH;Tsunami;JAPAN;41.4;143.5;;02/08/1971;;;location : JAPAN TRENCH;False;02/08/1971;
Tsunami RUSSIA TATAR STRAIT;Tsunami;RUSSIA;46.5;141.2;;05/09/1971;;;location : TATAR STRAIT;False;05/09/1971;
Tsunami RUSSIA TATAR STRAIT;Tsunami;RUSSIA;46.7;141.4;;06/09/1971;;;location : TATAR STRAIT;False;06/09/1971;
Tsunami RUSSIA TATAR STRAIT;Tsunami;RUSSIA;46.4;141.1;;08/09/1971;;;location : TATAR STRAIT;False;08/09/1971;
Tsunami RUSSIA TATAR STRAIT;Tsunami;RUSSIA;46.3;140.9;;08/09/1971;;;location : TATAR STRAIT;False;08/09/1971;
Tsunami PAPUA NEW GUINEA BISMARCK SEA;Tsunami;PAPUA NEW GUINEA;-6.5;146.6;;25/09/1971;;;location : BISMARCK SEA;False;25/09/1971;
Tsunami RUSSIA TATAR STRAIT;Tsunami;RUSSIA;46.4;141.1;;27/09/1971;;;location : TATAR STRAIT;False;27/09/1971;
Tsunami USA RAT ISLANDS, ALEUTIAN ISLANDS, AK;Tsunami;USA;51.5;179.1;;06/11/1971;;;location : RAT ISLANDS, ALEUTIAN ISLANDS, AK;False;06/11/1971;
Tsunami RUSSIA KAMCHATKA;Tsunami;RUSSIA;56;163.3;;15/12/1971;;;location : KAMCHATKA;False;15/12/1971;
Tsunami TAIWAN E. TAIWAN;Tsunami;TAIWAN;22.5;122.3;;25/01/1972;;;location : E. TAIWAN;False;25/01/1972;
Tsunami JAPAN EAST OFF HACHIJO ISLAND;Tsunami;JAPAN;33.3;140.8;;29/02/1972;;;location : EAST OFF HACHIJO ISLAND;False;29/02/1972;
Tsunami CHILE CENTRAL CHILE;Tsunami;CHILE;-30.5;-71.8;;08/06/1972;;;location : CENTRAL CHILE;False;08/06/1972;
Tsunami USA SE. ALASKA, AK;Tsunami;USA;56.82;-135.685;;30/07/1972;;;location : SE. ALASKA, AK;False;30/07/1972;
Tsunami PAPUA NEW GUINEA SOLOMON SEA;Tsunami;PAPUA NEW GUINEA;-6;152.9;;17/08/1972;;;location : SOLOMON SEA;False;17/08/1972;
Tsunami JAPAN JAPAN;Tsunami;JAPAN;32.9;130.3;;06/09/1972;;;location : JAPAN;False;06/09/1972;
Tsunami PHILIPPINES MINDANAO ISLAND, PHILIPPINES;Tsunami;PHILIPPINES;6.5;126.6;;02/12/1972;;;location : MINDANAO ISLAND, PHILIPPINES;False;02/12/1972;
Tsunami JAPAN CHICHI JIMA;Tsunami;JAPAN;33.3;140.7;;04/12/1972;;;location : CHICHI JIMA;False;04/12/1972;
Tsunami CHILE CENTRAL CHILE;Tsunami;CHILE;-30.6;-71;;29/12/1972;;;location : CENTRAL CHILE;False;29/12/1972;
Tsunami MEXICO S. MEXICO;Tsunami;MEXICO;18.48;-103;;30/01/1973;;;location : S. MEXICO;False;30/01/1973;
Tsunami RUSSIA N. KURIL ISLANDS;Tsunami;RUSSIA;50.5;156.6;;28/02/1973;;;location : N. KURIL ISLANDS;False;28/02/1973;
Tsunami PHILIPPINES QUEZON;Tsunami;PHILIPPINES;13.4;122.8;;17/03/1973;;;location : QUEZON;False;17/03/1973;
Tsunami JAPAN HOKKAIDO ISLAND;Tsunami;JAPAN;43.2;145.8;;17/06/1973;;;location : HOKKAIDO ISLAND;False;17/06/1973;
Tsunami RUSSIA S. KURIL ISLANDS;Tsunami;RUSSIA;43.3;146.4;;24/06/1973;;;location : S. KURIL ISLANDS;False;24/06/1973;
Tsunami RUSSIA S. KURIL ISLANDS;Tsunami;RUSSIA;43.2;146.6;;26/06/1973;;;location : S. KURIL ISLANDS;False;26/06/1973;
Tsunami CHILE CENTRAL CHILE;Tsunami;CHILE;-32.5;-71.5;;05/10/1973;;;location : CENTRAL CHILE;False;05/10/1973;
Tsunami SOLOMON ISLANDS SOLOMON ISLANDS;Tsunami;SOLOMON ISLANDS;-7.5;155.9;;31/01/1974;;;location : SOLOMON ISLANDS;False;31/01/1974;
Tsunami SOLOMON ISLANDS SOLOMON ISLANDS;Tsunami;SOLOMON ISLANDS;-7.4;155.6;;01/02/1974;;;location : SOLOMON ISLANDS;False;01/02/1974;
Tsunami JAPAN TOKAIDO;Tsunami;JAPAN;34.6;138.7;;08/05/1974;;;location : TOKAIDO;False;08/05/1974;
Tsunami CHILE SOUTHERN CHILE;Tsunami;CHILE;-38.5;-73.4;;18/08/1974;;;location : SOUTHERN CHILE;False;18/08/1974;
Tsunami RUSSIA S. KURIL ISLANDS;Tsunami;RUSSIA;43.2;146.7;;27/09/1974;;;location : S. KURIL ISLANDS;False;27/09/1974;
Tsunami PERU CENTRAL PERU;Tsunami;PERU;-12.27;-77.79;;03/10/1974;;;location : CENTRAL PERU;False;03/10/1974;
Tsunami PAKISTAN PAKISTAN;Tsunami;PAKISTAN;35.1;72.9;;28/12/1974;;;location : PAKISTAN;False;28/12/1974;
Tsunami INDONESIA BANDA SEA;Tsunami;INDONESIA;-5;130;;15/01/1975;;;location : BANDA SEA;False;15/01/1975;
Tsunami INDONESIA SANANA ISLAND;Tsunami;INDONESIA;-2.444;126.145;;05/03/1975;;;location : SANANA ISLAND;False;05/03/1975;
Tsunami CHILE CENTRAL CHILE;Tsunami;CHILE;-29.9;-71.3;;13/03/1975;;;location : CENTRAL CHILE;False;13/03/1975;
Tsunami ATLANTIC OCEAN AZORES GIBRALTAR FRACTURE ZONE;Tsunami;ATLANTIC OCEAN;35.962;-17.576;;26/05/1975;;;location : AZORES GIBRALTAR FRACTURE ZONE;False;26/05/1975;
Tsunami RUSSIA S. KURIL ISLANDS;Tsunami;RUSSIA;43.024;147.734;;10/06/1975;;;location : S. KURIL ISLANDS;False;10/06/1975;
Tsunami PAPUA NEW GUINEA SOLOMON SEA;Tsunami;PAPUA NEW GUINEA;-6.59;155.054;;20/07/1975;;;location : SOLOMON SEA;False;20/07/1975;
Tsunami PHILIPPINES PHILIPPINE TRENCH;Tsunami;PHILIPPINES;12.54;125.993;;31/10/1975;;;location : PHILIPPINE TRENCH;False;31/10/1975;
Tsunami USA HAWAII;Tsunami;USA;19.451;-155.033;;29/11/1975;;;location : HAWAII;False;29/11/1975;
Tsunami SAMOA SAMOA ISLANDS;Tsunami;SAMOA;-16.265;-172.467;;26/12/1975;;;location : SAMOA ISLANDS;False;26/12/1975;
Tsunami NEW ZEALAND KERMADEC ISLANDS;Tsunami;NEW ZEALAND;-29.19;-177.443;;14/01/1976;;;location : KERMADEC ISLANDS;False;14/01/1976;
Tsunami RUSSIA S. KURIL ISLANDS;Tsunami;RUSSIA;44.915;149.123;;21/01/1976;;;location : S. KURIL ISLANDS;False;21/01/1976;
Tsunami GUATEMALA GUATEMALA;Tsunami;GUATEMALA;15.324;-89.101;;04/02/1976;;;location : GUATEMALA;False;04/02/1976;
Tsunami PANAMA PANAMA;Tsunami;PANAMA;7.4;-78.1;;11/07/1976;;;location : PANAMA;False;11/07/1976;
Tsunami PHILIPPINES MORO GULF;Tsunami;PHILIPPINES;6.292;124.09;;16/08/1976;;;location : MORO GULF;False;16/08/1976;
Tsunami SAMOA SAMOA ISLANDS;Tsunami;SAMOA;-16.696;-172.095;;02/04/1977;;;location : SAMOA ISLANDS;False;02/04/1977;
Tsunami SOLOMON ISLANDS SOLOMON ISLANDS;Tsunami;SOLOMON ISLANDS;-9.828;163.323;;20/04/1977;;;location : SOLOMON ISLANDS;False;20/04/1977;
Tsunami SOLOMON ISLANDS SOLOMON ISLANDS;Tsunami;SOLOMON ISLANDS;-9.89;160.348;;20/04/1977;;;location : SOLOMON ISLANDS;False;20/04/1977;
Tsunami SOLOMON ISLANDS SOLOMON ISLANDS;Tsunami;SOLOMON ISLANDS;-9.965;160.731;;21/04/1977;;;location : SOLOMON ISLANDS;False;21/04/1977;
Tsunami TONGA TONGA TRENCH;Tsunami;TONGA;-22.878;-175.9;;22/06/1977;;;location : TONGA TRENCH;False;22/06/1977;
Tsunami INDONESIA SUNDA ISLANDS;Tsunami;INDONESIA;-11.164;118.378;;19/08/1977;;;location : SUNDA ISLANDS;False;19/08/1977;
Tsunami PAPUA NEW GUINEA ADMIRALTY ISLANDS;Tsunami;PAPUA NEW GUINEA;-1.1;146.2;;20/08/1977;;;location : ADMIRALTY ISLANDS;False;20/08/1977;
Tsunami PAPUA NEW GUINEA ADMIRALTY ISLANDS;Tsunami;PAPUA NEW GUINEA;-1.081;146.23;;28/08/1977;;;location : ADMIRALTY ISLANDS;False;28/08/1977;
Tsunami TONGA TONGA TRENCH;Tsunami;TONGA;-25.856;-175.406;;10/10/1977;;;location : TONGA TRENCH;False;10/10/1977;
Tsunami JAPAN TOKAIDO;Tsunami;JAPAN;34.809;139.259;;14/01/1978;;;location : TOKAIDO;False;14/01/1978;
Tsunami RUSSIA S. KURIL ISLANDS;Tsunami;RUSSIA;44.026;149.002;;22/03/1978;;;location : S. KURIL ISLANDS;False;22/03/1978;
Tsunami RUSSIA S. KURIL ISLANDS;Tsunami;RUSSIA;44.14;149.029;;22/03/1978;;;location : S. KURIL ISLANDS;False;22/03/1978;
Tsunami RUSSIA S. KURIL ISLANDS;Tsunami;RUSSIA;44.209;148.971;;23/03/1978;;;location : S. KURIL ISLANDS;False;23/03/1978;
Tsunami RUSSIA S. KURIL ISLANDS;Tsunami;RUSSIA;44.932;148.439;;23/03/1978;;;location : S. KURIL ISLANDS;False;23/03/1978;
Tsunami RUSSIA S. KURIL ISLANDS;Tsunami;RUSSIA;44.244;148.862;;24/03/1978;;;location : S. KURIL ISLANDS;False;24/03/1978;
Tsunami JAPAN SANRIKU;Tsunami;JAPAN;38.19;142.03;;12/06/1978;;;location : SANRIKU;False;12/06/1978;
Tsunami PHILIPPINES MINDANAO ISLAND, PHILIPPINES;Tsunami;PHILIPPINES;8.249;122.403;;14/06/1978;;;location : MINDANAO ISLAND, PHILIPPINES;False;14/06/1978;
Tsunami GREECE THESSALONIKI (SALONICA), GREECE;Tsunami;GREECE;40.739;23.229;;20/06/1978;;;location : THESSALONIKI (SALONICA), GREECE;False;20/06/1978;
Tsunami TAIWAN TAIWAN;Tsunami;TAIWAN;22.282;121.512;;23/07/1978;;;location : TAIWAN;False;23/07/1978;
Tsunami MEXICO MEXICO;Tsunami;MEXICO;16.01;-96.591;;29/11/1978;;;location : MEXICO;False;29/11/1978;
Tsunami JAPAN IWATE, JAPAN;Tsunami;JAPAN;40.232;143.703;;20/02/1979;;;location : IWATE, JAPAN;False;20/02/1979;
Tsunami USA SE. ALASKA, AK;Tsunami;USA;60.691;-141.671;;28/02/1979;;;location : SE. ALASKA, AK;False;28/02/1979;
Tsunami MEXICO S. MEXICO;Tsunami;MEXICO;17.813;-101.276;;14/03/1979;;;location : S. MEXICO;False;14/03/1979;
Tsunami MONTENEGRO MONTENEGRO: BAR ULCINJ;Tsunami;MONTENEGRO;41.956;19.023;;09/04/1979;;;location : MONTENEGRO: BAR ULCINJ;False;09/04/1979;
Tsunami MONTENEGRO MONTENEGRO;Tsunami;MONTENEGRO;42.096;19.209;;15/04/1979;;;location : MONTENEGRO;False;15/04/1979;
Tsunami GREECE CRETE;Tsunami;GREECE;34.53;24.437;;15/05/1979;;;location : CRETE;False;15/05/1979;
Tsunami VENEZUELA PUERTO CUMAREBO;Tsunami;VENEZUELA;11.517;-69.5;;03/09/1979;;;location : PUERTO CUMAREBO;False;03/09/1979;
Tsunami INDONESIA IRIAN JAYA;Tsunami;INDONESIA;-1.679;136.04;;12/09/1979;;;location : IRIAN JAYA;False;12/09/1979;
Tsunami FIJI FIJI ISLANDS;Tsunami;FIJI;-16.76;179.984;;16/11/1979;;;location : FIJI ISLANDS;False;16/11/1979;
Tsunami COLOMBIA COLOMBIA: OFF SHORE, PACIFIC OCEAN;Tsunami;COLOMBIA;1.555;-79.276;;12/12/1979;;;location : COLOMBIA: OFF SHORE, PACIFIC OCEAN;False;12/12/1979;
Tsunami PORTUGAL AZORES;Tsunami;PORTUGAL;38.727;-27.75;;01/01/1980;;;location : AZORES;False;01/01/1980;
Tsunami RUSSIA S. KURIL ISLANDS;Tsunami;RUSSIA;43.53;146.753;;23/02/1980;;;location : S. KURIL ISLANDS;False;23/02/1980;
Tsunami VANUATU VANUATU ISLANDS;Tsunami;VANUATU;-14.464;167.902;;12/05/1980;;;location : VANUATU ISLANDS;False;12/05/1980;
Tsunami JAPAN HONSHU ISLAND;Tsunami;JAPAN;34.808;139.181;;29/06/1980;;;location : HONSHU ISLAND;False;29/06/1980;
Tsunami VANUATU SANTA CRUZ IS. VANUATU;Tsunami;VANUATU;-12.41;166.381;;08/07/1980;;;location : SANTA CRUZ IS. VANUATU;False;08/07/1980;
Tsunami SOLOMON ISLANDS SOLOMON ISLANDS;Tsunami;SOLOMON ISLANDS;-12.525;165.916;;17/07/1980;;;location : SOLOMON ISLANDS;False;17/07/1980;
Tsunami ALGERIA EL ASNAM;Tsunami;ALGERIA;36.199;1.374;;10/10/1980;;;location : EL ASNAM;False;10/10/1980;
Tsunami JAPAN E. HONSHU ISLAND;Tsunami;JAPAN;38.64;142.75;;18/01/1981;;;location : E. HONSHU ISLAND;False;18/01/1981;
Tsunami GREECE ATHENS-EASTERN GULF OF CORINTH;Tsunami;GREECE;38.222;22.934;;24/02/1981;;;location : ATHENS-EASTERN GULF OF CORINTH;False;24/02/1981;
Tsunami GREECE GULF OF CORINTH;Tsunami;GREECE;38.209;23.288;;04/03/1981;;;location : GULF OF CORINTH;False;04/03/1981;
Tsunami NEW ZEALAND NEW ZEALAND;Tsunami;NEW ZEALAND;-48.786;164.357;;25/05/1981;;;location : NEW ZEALAND;False;25/05/1981;
Tsunami SAMOA SAMOA ISLANDS;Tsunami;SAMOA;-14.96;-173.085;;01/09/1981;;;location : SAMOA ISLANDS;False;01/09/1981;
Tsunami MEXICO MEXICO;Tsunami;MEXICO;18.084;-102.084;;25/10/1981;;;location : MEXICO;False;25/10/1981;
Tsunami PHILIPPINES PHILIPPINES;Tsunami;PHILIPPINES;13.752;124.358;;11/01/1982;;;location : PHILIPPINES;False;11/01/1982;
Tsunami INDONESIA JAVA TRENCH;Tsunami;INDONESIA;4.374;97.755;;24/02/1982;;;location : JAVA TRENCH;False;24/02/1982;
Tsunami INDONESIA SUMBAWA ISLAND;Tsunami;INDONESIA;-9.265;118.479;;11/03/1982;;;location : SUMBAWA ISLAND;False;11/03/1982;
Tsunami JAPAN HOKKAIDO ISLAND;Tsunami;JAPAN;42.158;142.361;;21/03/1982;;;location : HOKKAIDO ISLAND;False;21/03/1982;
Tsunami JAPAN IBARAKI, JAPAN;Tsunami;JAPAN;36.194;141.702;;23/07/1982;;;location : IBARAKI, JAPAN;False;23/07/1982;
Tsunami TONGA KERMADEC ISLANDS;Tsunami;TONGA;-24.133;-175.864;;19/12/1982;;;location : KERMADEC ISLANDS;False;19/12/1982;
Tsunami INDONESIA FLORES SEA;Tsunami;INDONESIA;-8.405;123.08;;25/12/1982;;;location : FLORES SEA;False;25/12/1982;
Tsunami JAPAN S. OF HONSHU ISLAND;Tsunami;JAPAN;33.826;139.434;;28/12/1982;;;location : S. OF HONSHU ISLAND;False;28/12/1982;
Tsunami GREECE IONIAN SEA;Tsunami;GREECE;38.026;20.228;;17/01/1983;;;location : IONIAN SEA;False;17/01/1983;
Tsunami INDONESIA BANDA SEA;Tsunami;INDONESIA;-4.056;127.924;;12/03/1983;;;location : BANDA SEA;False;12/03/1983;
Tsunami PAPUA NEW GUINEA NEW BRITAIN;Tsunami;PAPUA NEW GUINEA;-4.883;153.581;;18/03/1983;;;location : NEW BRITAIN;False;18/03/1983;
Tsunami COSTA RICA COSTA RICA;Tsunami;COSTA RICA;8.677;-83.098;;03/04/1983;;;location : COSTA RICA;False;03/04/1983;
Tsunami JAPAN NOSHIRO, JAPAN;Tsunami;JAPAN;40.462;139.102;;26/05/1983;;;location : NOSHIRO, JAPAN;False;26/05/1983;
Tsunami JAPAN NOSHIRO, JAPAN;Tsunami;JAPAN;40.249;138.948;;09/06/1983;;;location : NOSHIRO, JAPAN;False;09/06/1983;
Tsunami JAPAN N. HONSHU ISLAND;Tsunami;JAPAN;41.346;139.099;;21/06/1983;;;location : N. HONSHU ISLAND;False;21/06/1983;
Tsunami GREECE NORTH AEGEAN SEA;Tsunami;GREECE;40.142;24.766;;06/08/1983;;;location : NORTH AEGEAN SEA;False;06/08/1983;
Tsunami RUSSIA KAMCHATKA BAY, RUSSIA;Tsunami;RUSSIA;55.867;161.287;;17/08/1983;;;location : KAMCHATKA BAY, RUSSIA;False;17/08/1983;
Tsunami PHILIPPINES LUZON ISLAND;Tsunami;PHILIPPINES;18.231;120.86;;17/08/1983;;;location : LUZON ISLAND;False;17/08/1983;
Tsunami CHILE NORTHERN CHILE;Tsunami;CHILE;-26.535;-70.563;;04/10/1983;;;location : NORTHERN CHILE;False;04/10/1983;
Tsunami UK TERRITORY CHAGOS ARCHIPELAGO REGION;Tsunami;UK TERRITORY;-6.852;72.11;;30/11/1983;;;location : CHAGOS ARCHIPELAGO REGION;False;30/11/1983;
Tsunami INDONESIA SULAWESI;Tsunami;INDONESIA;-2.823;118.806;;08/01/1984;;;location : SULAWESI;False;08/01/1984;
Tsunami GREECE CORINTHOS GULF, GREECE;Tsunami;GREECE;38.308;22.11;;11/02/1984;;;location : CORINTHOS GULF, GREECE;False;11/02/1984;
Tsunami RUSSIA S. KURIL ISLANDS;Tsunami;RUSSIA;44.117;148.192;;24/03/1984;;;location : S. KURIL ISLANDS;False;24/03/1984;
Tsunami JAPAN TORI SHIMA, OKINAWA;Tsunami;JAPAN;31.448;140.036;;13/06/1984;;;location : TORI SHIMA, OKINAWA;False;13/06/1984;
Tsunami JAPAN KYUSHU, JAPAN;Tsunami;JAPAN;32.386;131.945;;06/08/1984;;;location : KYUSHU, JAPAN;False;06/08/1984;
Tsunami JAPAN HONSHU ISLAND;Tsunami;JAPAN;34.006;141.5;;18/09/1984;;;location : HONSHU ISLAND;False;18/09/1984;
Tsunami RUSSIA KAMCHATKA;Tsunami;RUSSIA;56.194;163.46;;28/12/1984;;;location : KAMCHATKA;False;28/12/1984;
Tsunami CHILE CENTRAL CHILE;Tsunami;CHILE;-33.132;-71.708;;03/03/1985;;;location : CENTRAL CHILE;False;03/03/1985;
Tsunami GUADELOUPE (FRENCH TERRITORY) GUADELOUPE;Tsunami;GUADELOUPE (FRENCH TERRITORY);17.013;-62.448;;16/03/1985;;;location : GUADELOUPE;False;16/03/1985;
Tsunami INDONESIA BALI ISLAND;Tsunami;INDONESIA;-9.245;114.185;;13/04/1985;;;location : BALI ISLAND;False;13/04/1985;
Tsunami PAPUA NEW GUINEA NEW IRELAND;Tsunami;PAPUA NEW GUINEA;-4.439;152.828;;03/07/1985;;;location : NEW IRELAND;False;03/07/1985;
Tsunami MEXICO MEXICO;Tsunami;MEXICO;18.19;-102.533;;19/09/1985;;;location : MEXICO;False;19/09/1985;
Tsunami MEXICO MEXICO;Tsunami;MEXICO;17.802;-101.647;;21/09/1985;;;location : MEXICO;False;21/09/1985;
Tsunami TURKMENISTAN CASPIAN SEA;Tsunami;TURKMENISTAN;40.368;51.555;;06/03/1986;;;location : CASPIAN SEA;False;06/03/1986;
Tsunami USA ANDREANOF ISLANDS, AK;Tsunami;USA;51.52;-174.776;;07/05/1986;;;location : ANDREANOF ISLANDS, AK;False;07/05/1986;
Tsunami USA ANDREANOF ISLANDS, AK;Tsunami;USA;52.327;-174.504;;17/05/1986;;;location : ANDREANOF ISLANDS, AK;False;17/05/1986;
Tsunami NEW ZEALAND KERMADEC ISLANDS;Tsunami;NEW ZEALAND;-28.117;-176.367;;20/10/1986;;;location : KERMADEC ISLANDS;False;20/10/1986;
Tsunami TAIWAN TAIWAN;Tsunami;TAIWAN;23.901;121.574;;14/11/1986;;;location : TAIWAN;False;14/11/1986;
Tsunami JAPAN E. HONSHU ISLAND;Tsunami;JAPAN;36.988;141.689;;06/02/1987;;;location : E. HONSHU ISLAND;False;06/02/1987;
Tsunami PAPUA NEW GUINEA SOLOMON SEA;Tsunami;PAPUA NEW GUINEA;-6.088;147.689;;08/02/1987;;;location : SOLOMON SEA;False;08/02/1987;
Tsunami CHILE NORTHERN CHILE;Tsunami;CHILE;-24.388;-70.161;;05/03/1987;;;location : NORTHERN CHILE;False;05/03/1987;
Tsunami JAPAN KYUSHU ISLAND;Tsunami;JAPAN;32.034;131.837;;18/03/1987;;;location : KYUSHU ISLAND;False;18/03/1987;
Tsunami JAPAN HONSHU ISLAND;Tsunami;JAPAN;37.447;137.865;;24/03/1987;;;location : HONSHU ISLAND;False;24/03/1987;
Tsunami PHILIPPINES SABTANG ISLAND;Tsunami;PHILIPPINES;20.429;121.366;;07/06/1987;;;location : SABTANG ISLAND;False;07/06/1987;
Tsunami SOLOMON ISLANDS SOLOMON ISLANDS;Tsunami;SOLOMON ISLANDS;-10.717;162.33;;18/06/1987;;;location : SOLOMON ISLANDS;False;18/06/1987;
Tsunami VANUATU VANUATU ISLANDS;Tsunami;VANUATU;-14.074;167.828;;06/07/1987;;;location : VANUATU ISLANDS;False;06/07/1987;
Tsunami TONGA TONGA ISLANDS;Tsunami;TONGA;-17.94;-172.225;;06/10/1987;;;location : TONGA ISLANDS;False;06/10/1987;
Tsunami PAPUA NEW GUINEA SOLOMON SEA;Tsunami;PAPUA NEW GUINEA;-7.288;154.371;;12/10/1987;;;location : SOLOMON SEA;False;12/10/1987;
Tsunami PAPUA NEW GUINEA SOLOMON SEA;Tsunami;PAPUA NEW GUINEA;-6.266;149.06;;16/10/1987;;;location : SOLOMON SEA;False;16/10/1987;
Tsunami USA GULF OF ALASKA, AK;Tsunami;USA;58.586;-143.27;;17/11/1987;;;location : GULF OF ALASKA, AK;False;17/11/1987;
Tsunami INDONESIA TIMOR SEA;Tsunami;INDONESIA;-8.247;124.155;;26/11/1987;;;location : TIMOR SEA;False;26/11/1987;
Tsunami USA GULF OF ALASKA, AK;Tsunami;USA;58.679;-142.786;;30/11/1987;;;location : GULF OF ALASKA, AK;False;30/11/1987;
Tsunami CHILE NORTHERN CHILE;Tsunami;CHILE;-24.753;-70.433;;05/02/1988;;;location : NORTHERN CHILE;False;05/02/1988;
Tsunami USA GULF OF ALASKA, AK;Tsunami;USA;57.262;-142.747;;06/03/1988;;;location : GULF OF ALASKA, AK;False;06/03/1988;
Tsunami PHILIPPINES NORTH OF LUZON ISLAND;Tsunami;PHILIPPINES;18.606;121.013;;24/06/1988;;;location : NORTH OF LUZON ISLAND;False;24/06/1988;
Tsunami PAPUA NEW GUINEA PAPUA NEW GUINEA;Tsunami;PAPUA NEW GUINEA;-5.964;148.78;;05/07/1988;;;location : PAPUA NEW GUINEA;False;05/07/1988;
Tsunami BANGLADESH JAMUNA RIVER, ARICHA, BANGLADESH;Tsunami;BANGLADESH;25.149;95.127;;06/08/1988;;;location : JAMUNA RIVER, ARICHA, BANGLADESH;False;06/08/1988;
Tsunami SOLOMON ISLANDS SOLOMON ISLANDS;Tsunami;SOLOMON ISLANDS;-10.258;160.896;;10/08/1988;;;location : SOLOMON ISLANDS;False;10/08/1988;
Tsunami BANGLADESH BANGLADESH;Tsunami;BANGLADESH;26.755;86.616;;20/08/1988;;;location : BANGLADESH;False;20/08/1988;
Tsunami AUSTRALIA MACQUARIE ISLAND;Tsunami;AUSTRALIA;-52.341;160.568;;23/05/1989;;;location : MACQUARIE ISLAND;False;23/05/1989;
Tsunami USA HAWAII;Tsunami;USA;19.362;-155.083;;26/06/1989;;;location : HAWAII;False;26/06/1989;
Tsunami USA SEMIDI ISLANDS, AK;Tsunami;USA;55.543;-156.835;;04/09/1989;;;location : SEMIDI ISLANDS, AK;False;04/09/1989;
Tsunami USA N. CALIFORNIA;Tsunami;USA;37.036;-121.883;;18/10/1989;;;location : N. CALIFORNIA;False;18/10/1989;
Tsunami JAPAN N. HONSHU ISLAND;Tsunami;JAPAN;39.571;143.333;;29/10/1989;;;location : N. HONSHU ISLAND;False;29/10/1989;
Tsunami ALGERIA ALGIERS, CHERCHELL, TIPAZA;Tsunami;ALGERIA;36.788;2.448;;29/10/1989;;;location : ALGIERS, CHERCHELL, TIPAZA;False;29/10/1989;
Tsunami JAPAN JAPAN;Tsunami;JAPAN;39.837;142.76;;01/11/1989;;;location : JAPAN;False;01/11/1989;
Tsunami PHILIPPINES PHILIPPINES;Tsunami;PHILIPPINES;9.755;124.694;;08/02/1990;;;location : PHILIPPINES;False;08/02/1990;
Tsunami JAPAN JAPAN;Tsunami;JAPAN;34.706;139.252;;20/02/1990;;;location : JAPAN;False;20/02/1990;
Tsunami COSTA RICA COSTA RICA;Tsunami;COSTA RICA;9.907;-84.753;;25/03/1990;;;location : COSTA RICA;False;25/03/1990;
Tsunami USA TERRITORY MARIANA TRENCH, N. MARIANA ISLANDS;Tsunami;USA TERRITORY;15.125;147.596;;05/04/1990;;;location : MARIANA TRENCH, N. MARIANA ISLANDS;False;05/04/1990;
Tsunami IRAN CASPIAN SEA;Tsunami;IRAN;36.957;49.409;;20/06/1990;;;location : CASPIAN SEA;False;20/06/1990;
Tsunami PHILIPPINES W. LUZON ISLAND;Tsunami;PHILIPPINES;15.679;121.172;;16/07/1990;;;location : W. LUZON ISLAND;False;16/07/1990;
Tsunami JAPAN W. OF BONIN ISLANDS, IZU IS., JAPAN;Tsunami;JAPAN;33.267;138.643;;23/09/1990;;;location : W. OF BONIN ISLANDS, IZU IS., JAPAN;False;23/09/1990;
Tsunami ITALY EASTERN SICILY;Tsunami;ITALY;37.3;15.438;;13/12/1990;;;location : EASTERN SICILY;False;13/12/1990;
Tsunami TAIWAN TAIWAN;Tsunami;TAIWAN;23.722;121.627;;13/12/1990;;;location : TAIWAN;False;13/12/1990;
Tsunami SOLOMON ISLANDS SOLOMON ISLANDS;Tsunami;SOLOMON ISLANDS;-9.929;159.139;;09/02/1991;;;location : SOLOMON ISLANDS;False;09/02/1991;
Tsunami RUSSIA N. KURIL ISLANDS;Tsunami;RUSSIA;48.268;154.328;;16/02/1991;;;location : N. KURIL ISLANDS;False;16/02/1991;
Tsunami USA BERING SEA, AK;Tsunami;USA;58.427;-175.45;;21/02/1991;;;location : BERING SEA, AK;False;21/02/1991;
Tsunami COSTA RICA LIMON, PANDORA;Tsunami;COSTA RICA;9.685;-83.073;;22/04/1991;;;location : LIMON, PANDORA;False;22/04/1991;
Tsunami SOLOMON ISLANDS SOLOMON ISLANDS;Tsunami;SOLOMON ISLANDS;-9.094;158.442;;14/10/1991;;;location : SOLOMON ISLANDS;False;14/10/1991;
Tsunami RUSSIA S. KURIL ISLANDS;Tsunami;RUSSIA;45.533;151.021;;22/12/1991;;;location : S. KURIL ISLANDS;False;22/12/1991;
Tsunami USA CAPE MENDOCINO, N. CALIFORNIA;Tsunami;USA;40.368;-124.316;;25/04/1992;;;location : CAPE MENDOCINO, N. CALIFORNIA;False;25/04/1992;
Tsunami PHILIPPINES PHILIPPINES;Tsunami;PHILIPPINES;7.191;126.762;;17/05/1992;;;location : PHILIPPINES;False;17/05/1992;
Tsunami SOLOMON ISLANDS SANTA CRUZ ISLANDS;Tsunami;SOLOMON ISLANDS;-11.122;165.239;;27/05/1992;;;location : SANTA CRUZ ISLANDS;False;27/05/1992;
Tsunami JAPAN HONSHU ISLAND;Tsunami;JAPAN;39.419;143.33;;18/07/1992;;;location : HONSHU ISLAND;False;18/07/1992;
Tsunami JAPAN HONSHU;Tsunami;JAPAN;32.536;141.641;;11/08/1992;;;location : HONSHU;False;11/08/1992;
Tsunami NICARAGUA NICARAGUA;Tsunami;NICARAGUA;11.5;-87.609;;02/09/1992;;;location : NICARAGUA;False;02/09/1992;
Tsunami GREECE CORINTH GULF;Tsunami;GREECE;38.364;22.596;;18/11/1992;;;location : CORINTH GULF;False;18/11/1992;
Tsunami INDONESIA FLORES SEA;Tsunami;INDONESIA;-8.48;121.896;;12/12/1992;;;location : FLORES SEA;False;12/12/1992;
Tsunami JAPAN HONSHU ISLAND;Tsunami;JAPAN;37.634;137.245;;07/02/1993;;;location : HONSHU ISLAND;False;07/02/1993;
Tsunami WALLIS AND FUTUNA (FRENCH TERRITORY) FUTUNA;Tsunami;WALLIS AND FUTUNA (FRENCH TERRITORY);-14.385;-178.252;;12/03/1993;;;location : FUTUNA;False;12/03/1993;
Tsunami RUSSIA KAMCHATKA;Tsunami;RUSSIA;51.218;157.829;;08/06/1993;;;location : KAMCHATKA;False;08/06/1993;
Tsunami NEW ZEALAND KERMADEC ISLANDS;Tsunami;NEW ZEALAND;-28.886;-176.819;;18/06/1993;;;location : KERMADEC ISLANDS;False;18/06/1993;
Tsunami JAPAN SEA OF JAPAN;Tsunami;JAPAN;42.851;139.197;;12/07/1993;;;location : SEA OF JAPAN;False;12/07/1993;
Tsunami JAPAN JAPAN;Tsunami;JAPAN;41.985;139.839;;07/08/1993;;;location : JAPAN;False;07/08/1993;
Tsunami USA TERRITORY GUAM, MARIANA ISLANDS;Tsunami;USA TERRITORY;12.982;144.801;;08/08/1993;;;location : GUAM, MARIANA ISLANDS;False;08/08/1993;
Tsunami RUSSIA KAMCHATKA;Tsunami;RUSSIA;51.934;158.647;;13/11/1993;;;location : KAMCHATKA;False;13/11/1993;
Tsunami USA WEST COAST, USA;Tsunami;USA;34.213;-118.537;;17/01/1994;;;location : WEST COAST, USA;False;17/01/1994;
Tsunami INDONESIA HALMAHERA;Tsunami;INDONESIA;1.015;127.733;;21/01/1994;;;location : HALMAHERA;False;21/01/1994;
Tsunami VANUATU VANUATU ISLANDS;Tsunami;VANUATU;-20.553;169.361;;12/02/1994;;;location : VANUATU ISLANDS;False;12/02/1994;
Tsunami INDONESIA SOUTHERN SUMATRA;Tsunami;INDONESIA;-4.967;104.302;;15/02/1994;;;location : SOUTHERN SUMATRA;False;15/02/1994;
Tsunami JAPAN HOKKAIDO ISLAND;Tsunami;JAPAN;40.608;143.683;;08/04/1994;;;location : HOKKAIDO ISLAND;False;08/04/1994;
Tsunami TAIWAN TAIWAN;Tsunami;TAIWAN;23.959;122.448;;24/05/1994;;;location : TAIWAN;False;24/05/1994;
Tsunami INDONESIA SOUTH OF JAVA;Tsunami;INDONESIA;-10.477;112.835;;02/06/1994;;;location : SOUTH OF JAVA;False;02/06/1994;
Tsunami INDONESIA SOUTH OF JAVA;Tsunami;INDONESIA;-10.362;112.892;;03/06/1994;;;location : SOUTH OF JAVA;False;03/06/1994;
Tsunami INDONESIA SOUTH OF JAVA;Tsunami;INDONESIA;-10.777;113.366;;04/06/1994;;;location : SOUTH OF JAVA;False;04/06/1994;
Tsunami INDONESIA SOUTH OF JAVA;Tsunami;INDONESIA;-10.341;113.369;;05/06/1994;;;location : SOUTH OF JAVA;False;05/06/1994;
Tsunami VANUATU VANUATU ISLANDS;Tsunami;VANUATU;-16.62;167.518;;13/07/1994;;;location : VANUATU ISLANDS;False;13/07/1994;
Tsunami USA N. CALIFORNIA;Tsunami;USA;40.402;-125.68;;01/09/1994;;;location : N. CALIFORNIA;False;01/09/1994;
Tsunami TAIWAN TAIWAN STRAIT;Tsunami;TAIWAN;22.528;118.711;;16/09/1994;;;location : TAIWAN STRAIT;False;16/09/1994;
Tsunami RUSSIA S. KURIL ISLANDS;Tsunami;RUSSIA;43.773;147.321;;04/10/1994;;;location : S. KURIL ISLANDS;False;04/10/1994;
Tsunami INDONESIA HALMAHERA;Tsunami;INDONESIA;-1.258;127.98;;08/10/1994;;;location : HALMAHERA;False;08/10/1994;
Tsunami RUSSIA S. KURIL ISLANDS;Tsunami;RUSSIA;43.905;147.916;;09/10/1994;;;location : S. KURIL ISLANDS;False;09/10/1994;
Tsunami PHILIPPINES PHILIPPINE ISLANDS;Tsunami;PHILIPPINES;13.525;121.067;;14/11/1994;;;location : PHILIPPINE ISLANDS;False;14/11/1994;
Tsunami JAPAN TOHUKU, JAPAN;Tsunami;JAPAN;40.525;143.419;;28/12/1994;;;location : TOHUKU, JAPAN;False;28/12/1994;
Tsunami JAPAN KOBE, JAPAN;Tsunami;JAPAN;34.59;135.069;;16/01/1995;;;location : KOBE, JAPAN;False;16/01/1995;
Tsunami SAMOA SAMOA ISLANDS;Tsunami;SAMOA;-15.199;-173.529;;07/04/1995;;;location : SAMOA ISLANDS;False;07/04/1995;
Tsunami PHILIPPINES SAMAR ISLAND;Tsunami;PHILIPPINES;12.059;125.58;;21/04/1995;;;location : SAMAR ISLAND;False;21/04/1995;
Tsunami PHILIPPINES SAMAR ISLAND;Tsunami;PHILIPPINES;12.047;125.92;;21/04/1995;;;location : SAMAR ISLAND;False;21/04/1995;
Tsunami GREECE GREECE;Tsunami;GREECE;40.149;21.695;;13/05/1995;;;location : GREECE;False;13/05/1995;
Tsunami INDONESIA TIMOR SEA;Tsunami;INDONESIA;-8.452;125.049;;14/05/1995;;;location : TIMOR SEA;False;14/05/1995;
Tsunami NEW CALEDONIA LOYALTY ISLANDS;Tsunami;NEW CALEDONIA;-23.008;169.9;;16/05/1995;;;location : LOYALTY ISLANDS;False;16/05/1995;
Tsunami RUSSIA SAKHALIN ISLAND;Tsunami;RUSSIA;52.629;142.827;;27/05/1995;;;location : SAKHALIN ISLAND;False;27/05/1995;
Tsunami GREECE GULF OF CORINTH: AIYION;Tsunami;GREECE;38.401;22.283;;15/06/1995;;;location : GULF OF CORINTH: AIYION;False;15/06/1995;
Tsunami CHILE NORTHERN CHILE;Tsunami;CHILE;-23.34;-70.294;;30/07/1995;;;location : NORTHERN CHILE;False;30/07/1995;
Tsunami PAPUA NEW GUINEA SOLOMON SEA;Tsunami;PAPUA NEW GUINEA;-5.799;154.178;;16/08/1995;;;location : SOLOMON SEA;False;16/08/1995;
Tsunami MEXICO S. MEXICO;Tsunami;MEXICO;16.779;-98.597;;14/09/1995;;;location : S. MEXICO;False;14/09/1995;
Tsunami MEXICO S. MEXICO;Tsunami;MEXICO;19.055;-104.205;;09/10/1995;;;location : S. MEXICO;False;09/10/1995;
Tsunami JAPAN RYUKYU ISLANDS;Tsunami;JAPAN;27.929;130.175;;18/10/1995;;;location : RYUKYU ISLANDS;False;18/10/1995;
Tsunami JAPAN RYUKYU ISLANDS;Tsunami;JAPAN;28.094;130.148;;19/10/1995;;;location : RYUKYU ISLANDS;False;19/10/1995;
Tsunami CHILE NORTHERN CHILE;Tsunami;CHILE;-28.906;-71.417;;01/11/1995;;;location : NORTHERN CHILE;False;01/11/1995;
Tsunami EGYPT GULF OF ELAT-AQABA;Tsunami;EGYPT;28.826;34.799;;22/11/1995;;;location : GULF OF ELAT-AQABA;False;22/11/1995;
Tsunami RUSSIA S. KURIL ISLANDS;Tsunami;RUSSIA;44.663;149.3;;03/12/1995;;;location : S. KURIL ISLANDS;False;03/12/1995;
Tsunami INDONESIA SULAWESI;Tsunami;INDONESIA;0.729;119.931;;01/01/1996;;;location : SULAWESI;False;01/01/1996;
Tsunami INDONESIA IRIAN JAYA;Tsunami;INDONESIA;-0.891;136.952;;17/02/1996;;;location : IRIAN JAYA;False;17/02/1996;
Tsunami PERU N. PERU;Tsunami;PERU;-9.593;-79.587;;21/02/1996;;;location : N. PERU;False;21/02/1996;
Tsunami MEXICO MEXICO;Tsunami;MEXICO;15.978;-98.07;;25/02/1996;;;location : MEXICO;False;25/02/1996;
Tsunami USA ANDREANOF ISLANDS, AK;Tsunami;USA;51.564;-177.632;;10/06/1996;;;location : ANDREANOF ISLANDS, AK;False;10/06/1996;
Tsunami USA ANDREANOF ISLANDS, AK;Tsunami;USA;51.478;-176.847;;10/06/1996;;;location : ANDREANOF ISLANDS, AK;False;10/06/1996;
Tsunami JAPAN HONSHU ISLAND;Tsunami;JAPAN;31.555;139.931;;04/09/1996;;;location : HONSHU ISLAND;False;04/09/1996;
Tsunami CHILE EASTER ISLAND REGION;Tsunami;CHILE;-22.118;-113.436;;05/09/1996;;;location : EASTER ISLAND REGION;False;05/09/1996;
Tsunami TAIWAN TAIWAN REGION;Tsunami;TAIWAN;21.898;121.498;;05/09/1996;;;location : TAIWAN REGION;False;05/09/1996;
Tsunami JAPAN KYUSHU ISLAND;Tsunami;JAPAN;30.568;131.093;;18/10/1996;;;location : KYUSHU ISLAND;False;18/10/1996;
Tsunami JAPAN KYUSHU ISLAND;Tsunami;JAPAN;31.885;131.468;;19/10/1996;;;location : KYUSHU ISLAND;False;19/10/1996;
Tsunami PERU S. PERU;Tsunami;PERU;-14.993;-75.675;;12/11/1996;;;location : S. PERU;False;12/11/1996;
Tsunami JAPAN SEA OF JAPAN;Tsunami;JAPAN;31.789;131.314;;02/12/1996;;;location : SEA OF JAPAN;False;02/12/1996;
Tsunami SOLOMON ISLANDS SANTA CRUZ IS. VANUATU;Tsunami;SOLOMON ISLANDS;-12.584;166.676;;21/04/1997;;;location : SANTA CRUZ IS. VANUATU;False;21/04/1997;
Tsunami VENEZUELA CARIACO-CUMANA;Tsunami;VENEZUELA;10.598;-63.486;;09/07/1997;;;location : CARIACO-CUMANA;False;09/07/1997;
Tsunami JAPAN S. OF HONSHU ISLAND;Tsunami;JAPAN;31.959;141.878;;30/09/1997;;;location : S. OF HONSHU ISLAND;False;30/09/1997;
Tsunami TONGA TONGA ISLANDS;Tsunami;TONGA;-22.1;-176.77;;14/10/1997;;;location : TONGA ISLANDS;False;14/10/1997;
Tsunami RUSSIA KAMCHATKA;Tsunami;RUSSIA;54.841;162.035;;05/12/1997;;;location : KAMCHATKA;False;05/12/1997;
Tsunami ANTARCTICA BALLENY ISLANDS;Tsunami;ANTARCTICA;-62.877;149.527;;25/03/1998;;;location : BALLENY ISLANDS;False;25/03/1998;
Tsunami TAIWAN TAIWAN:  SOUTHEAST OF;Tsunami;TAIWAN;22.306;125.308;;03/05/1998;;;location : TAIWAN:  SOUTHEAST OF;False;03/05/1998;
Tsunami JAPAN SANRIKU;Tsunami;JAPAN;39.027;143.441;;30/05/1998;;;location : SANRIKU;False;30/05/1998;
Tsunami PAPUA NEW GUINEA PAPUA NEW GUINEA;Tsunami;PAPUA NEW GUINEA;-2.943;142.582;;17/07/1998;;;location : PAPUA NEW GUINEA;False;17/07/1998;
Tsunami INDONESIA TALIABU ISLAND;Tsunami;INDONESIA;-2.071;124.891;;29/11/1998;;;location : TALIABU ISLAND;False;29/11/1998;
Tsunami TURKEY KOCAELI, TURKEY;Tsunami;TURKEY;40.76;29.97;;17/08/1999;;;location : KOCAELI, TURKEY;False;17/08/1999;
Tsunami VANUATU VANUATU ISLANDS;Tsunami;VANUATU;-16.423;168.214;;26/11/1999;;;location : VANUATU ISLANDS;False;26/11/1999;
Tsunami PHILIPPINES LUZON ISLAND;Tsunami;PHILIPPINES;15.766;119.74;;11/12/1999;;;location : LUZON ISLAND;False;11/12/1999;
Tsunami GREECE CRETE;Tsunami;GREECE;34.22;25.69;;05/04/2000;;;location : CRETE;False;05/04/2000;
Tsunami INDONESIA SULAWESI;Tsunami;INDONESIA;-1.105;123.573;;04/05/2000;;;location : SULAWESI;False;04/05/2000;
Tsunami AUSTRALIA SOUTH INDIAN OCEAN;Tsunami;AUSTRALIA;-13.802;97.453;;18/06/2000;;;location : SOUTH INDIAN OCEAN;False;18/06/2000;
Tsunami JAPAN KOZU-SHIMA ISLAND, HONSHU;Tsunami;JAPAN;34.221;139.131;;01/07/2000;;;location : KOZU-SHIMA ISLAND, HONSHU;False;01/07/2000;
Tsunami JAPAN HONSHU: S COAST;Tsunami;JAPAN;34.319;139.26;;15/07/2000;;;location : HONSHU: S COAST;False;15/07/2000;
Tsunami PHILIPPINES PHILIPPINE TRENCH;Tsunami;PHILIPPINES;20.253;122.043;;16/07/2000;;;location : PHILIPPINE TRENCH;False;16/07/2000;
Tsunami JAPAN HONSHU: S COAST;Tsunami;JAPAN;33.901;139.376;;30/07/2000;;;location : HONSHU: S COAST;False;30/07/2000;
Tsunami PAPUA NEW GUINEA BISMARCK SEA;Tsunami;PAPUA NEW GUINEA;-4.001;152.327;;16/11/2000;;;location : BISMARCK SEA;False;16/11/2000;
Tsunami EL SALVADOR EL SALVADOR;Tsunami;EL SALVADOR;13.049;-88.66;;13/01/2001;;;location : EL SALVADOR;False;13/01/2001;
Tsunami PERU S. PERU;Tsunami;PERU;-16.265;-73.641;;23/06/2001;;;location : S. PERU;False;23/06/2001;
Tsunami CANADA QUEEN CHARLOTTE ISLANDS;Tsunami;CANADA;52.63;-132.2;;12/10/2001;;;location : QUEEN CHARLOTTE ISLANDS;False;12/10/2001;
Tsunami TAIWAN TAIWAN;Tsunami;TAIWAN;23.954;122.734;;18/12/2001;;;location : TAIWAN;False;18/12/2001;
Tsunami VANUATU VANUATU ISLANDS;Tsunami;VANUATU;-17.6;167.856;;02/01/2002;;;location : VANUATU ISLANDS;False;02/01/2002;
Tsunami PHILIPPINES MINDANAO ISLAND, PHILIPPINES;Tsunami;PHILIPPINES;6.033;124.249;;05/03/2002;;;location : MINDANAO ISLAND, PHILIPPINES;False;05/03/2002;
Tsunami JAPAN JAPAN;Tsunami;JAPAN;23.346;124.09;;26/03/2002;;;location : JAPAN;False;26/03/2002;
Tsunami TAIWAN TAIWAN;Tsunami;TAIWAN;24.279;122.179;;31/03/2002;;;location : TAIWAN;False;31/03/2002;
Tsunami MEXICO S. MEXICO;Tsunami;MEXICO;16.985;-100.865;;18/04/2002;;;location : S. MEXICO;False;18/04/2002;
Tsunami PAPUA NEW GUINEA BISMARCK SEA;Tsunami;PAPUA NEW GUINEA;-3.26;142.94;;08/09/2002;;;location : BISMARCK SEA;False;08/09/2002;
Tsunami INDIA ANDAMAN ISLANDS, INDIA;Tsunami;INDIA;13.036;93.068;;13/09/2002;;;location : ANDAMAN ISLANDS, INDIA;False;13/09/2002;
Tsunami INDONESIA IRIAN JAYA;Tsunami;INDONESIA;-1.757;134.297;;10/10/2002;;;location : IRIAN JAYA;False;10/10/2002;
Tsunami SOLOMON ISLANDS SOLOMON ISLANDS;Tsunami;SOLOMON ISLANDS;-10.491;160.77;;20/01/2003;;;location : SOLOMON ISLANDS;False;20/01/2003;
Tsunami MEXICO S. MEXICO;Tsunami;MEXICO;18.77;-104.104;;22/01/2003;;;location : S. MEXICO;False;22/01/2003;
Tsunami PHILIPPINES SAMAR SEA;Tsunami;PHILIPPINES;12.168;124.079;;15/02/2003;;;location : SAMAR SEA;False;15/02/2003;
Tsunami ALGERIA N. ALGERIA;Tsunami;ALGERIA;36.964;3.634;;21/05/2003;;;location : N. ALGERIA;False;21/05/2003;
Tsunami ALGERIA ALGIERS;Tsunami;ALGERIA;36.939;3.578;;27/05/2003;;;location : ALGIERS;False;27/05/2003;
Tsunami ANTARCTICA SCOTIA SEA;Tsunami;ANTARCTICA;-60.532;-43.411;;04/08/2003;;;location : SCOTIA SEA;False;04/08/2003;
Tsunami GREECE IONIAN SEA;Tsunami;GREECE;39.16;20.605;;14/08/2003;;;location : IONIAN SEA;False;14/08/2003;
Tsunami NEW ZEALAND SOUTH ISLAND;Tsunami;NEW ZEALAND;-45.104;167.144;;21/08/2003;;;location : SOUTH ISLAND;False;21/08/2003;
Tsunami JAPAN HOKKAIDO ISLAND;Tsunami;JAPAN;41.815;143.91;;25/09/2003;;;location : HOKKAIDO ISLAND;False;25/09/2003;
Tsunami JAPAN E. HONSHU ISLAND;Tsunami;JAPAN;37.812;142.619;;31/10/2003;;;location : E. HONSHU ISLAND;False;31/10/2003;
Tsunami USA RAT ISLANDS, ALEUTIAN ISLANDS, AK;Tsunami;USA;51.146;178.65;;17/11/2003;;;location : RAT ISLANDS, ALEUTIAN ISLANDS, AK;False;17/11/2003;
Tsunami NEW CALEDONIA LOYALTY ISLANDS;Tsunami;NEW CALEDONIA;-22.015;169.766;;27/12/2003;;;location : LOYALTY ISLANDS;False;27/12/2003;
Tsunami NEW CALEDONIA LOYALTY ISLANDS;Tsunami;NEW CALEDONIA;-22.253;169.683;;03/01/2004;;;location : LOYALTY ISLANDS;False;03/01/2004;
Tsunami INDONESIA SERAM ISLAND;Tsunami;INDONESIA;-3.12;127.4;;28/01/2004;;;location : SERAM ISLAND;False;28/01/2004;
Tsunami JORDAN DEAD SEA;Tsunami;JORDAN;31.675;35.551;;11/02/2004;;;location : DEAD SEA;False;11/02/2004;
Tsunami JAPAN SOUTH COAST HONSHU ISLAND;Tsunami;JAPAN;33.07;136.618;;05/09/2004;;;location : SOUTH COAST HONSHU ISLAND;False;05/09/2004;
Tsunami JAPAN SOUTH COAST HONSHU ISLAND;Tsunami;JAPAN;33.184;137.071;;05/09/2004;;;location : SOUTH COAST HONSHU ISLAND;False;05/09/2004;
Tsunami CANADA VANCOUVER ISLAND;Tsunami;CANADA;49.277;-128.772;;02/11/2004;;;location : VANCOUVER ISLAND;False;02/11/2004;
Tsunami INDONESIA KEPULAUAN ALOR;Tsunami;INDONESIA;-8.152;124.868;;11/11/2004;;;location : KEPULAUAN ALOR;False;11/11/2004;
Tsunami GUADELOUPE (FRENCH TERRITORY) BASSE-TERRE, LES SAINTES;Tsunami;GUADELOUPE (FRENCH TERRITORY);15.679;-61.706;;21/11/2004;;;location : BASSE-TERRE, LES SAINTES;False;21/11/2004;
Tsunami NEW ZEALAND PUYSEGUR TRENCH;Tsunami;NEW ZEALAND;-46.676;164.721;;22/11/2004;;;location : PUYSEGUR TRENCH;False;22/11/2004;
Tsunami JAPAN HOKKAIDO ISLAND;Tsunami;JAPAN;43.006;145.119;;28/11/2004;;;location : HOKKAIDO ISLAND;False;28/11/2004;
Tsunami AUSTRALIA MACQUARIE ISLAND;Tsunami;AUSTRALIA;-49.312;161.345;;23/12/2004;;;location : MACQUARIE ISLAND;False;23/12/2004;
Tsunami INDONESIA OFF W. COAST OF SUMATRA;Tsunami;INDONESIA;3.295;95.982;;26/12/2004;;;location : OFF W. COAST OF SUMATRA;False;26/12/2004;
Tsunami JAPAN E. HONSHU ISLAND;Tsunami;JAPAN;34.064;141.491;;19/01/2005;;;location : E. HONSHU ISLAND;False;19/01/2005;
Tsunami GUADELOUPE (FRENCH TERRITORY) DOMINICA PASSAGE;Tsunami;GUADELOUPE (FRENCH TERRITORY);15.775;-61.744;;14/02/2005;;;location : DOMINICA PASSAGE;False;14/02/2005;
Tsunami INDONESIA INDONESIA;Tsunami;INDONESIA;2.085;97.108;;28/03/2005;;;location : INDONESIA;False;28/03/2005;
Tsunami INDONESIA KEPULAUAN MENTAWAI;Tsunami;INDONESIA;-1.644;99.607;;10/04/2005;;;location : KEPULAUAN MENTAWAI;False;10/04/2005;
Tsunami USA N. CALIFORNIA;Tsunami;USA;41.301;-125.97;;15/06/2005;;;location : N. CALIFORNIA;False;15/06/2005;
Tsunami JAPAN E. COAST HONSHU ISLAND;Tsunami;JAPAN;38.276;142.039;;16/08/2005;;;location : E. COAST HONSHU ISLAND;False;16/08/2005;
Tsunami JAPAN E. COAST HONSHU ISLAND;Tsunami;JAPAN;38.107;144.896;;14/11/2005;;;location : E. COAST HONSHU ISLAND;False;14/11/2005;
Tsunami JAPAN S. OF HONSHU ISLAND;Tsunami;JAPAN;31.394;140.131;;01/01/2006;;;location : S. OF HONSHU ISLAND;False;01/01/2006;
Tsunami INDONESIA SERAM ISLAND;Tsunami;INDONESIA;-3.595;127.214;;14/03/2006;;;location : SERAM ISLAND;False;14/03/2006;
Tsunami TONGA TONGA;Tsunami;TONGA;-20.187;-174.123;;03/05/2006;;;location : TONGA;False;03/05/2006;
Tsunami BRAZIL ARQUIPELAGO SAO PEDRO E SAO PAULO;Tsunami;BRAZIL;1.175;-28.065;;05/06/2006;;;location : ARQUIPELAGO SAO PEDRO E SAO PAULO;False;05/06/2006;
Tsunami INDONESIA SOUTH OF JAVA;Tsunami;INDONESIA;-9.284;107.419;;17/07/2006;;;location : SOUTH OF JAVA;False;17/07/2006;
Tsunami SAMOA SAMOA ISLANDS;Tsunami;SAMOA;-16.592;-172.033;;28/09/2006;;;location : SAMOA ISLANDS;False;28/09/2006;
Tsunami USA HAWAII;Tsunami;USA;19.878;-155.935;;15/10/2006;;;location : HAWAII;False;15/10/2006;
Tsunami JAPAN IZU ISLANDS, JAPAN;Tsunami;JAPAN;29.351;140.27;;23/10/2006;;;location : IZU ISLANDS, JAPAN;False;23/10/2006;
Tsunami TAIWAN SOUTH CHINA SEA;Tsunami;TAIWAN;20.656;119.997;;13/11/2006;;;location : SOUTH CHINA SEA;False;13/11/2006;
Tsunami RUSSIA S. KURIL ISLANDS;Tsunami;RUSSIA;46.592;153.266;;15/11/2006;;;location : S. KURIL ISLANDS;False;15/11/2006;
Tsunami TAIWAN TAIWAN;Tsunami;TAIWAN;21.799;120.547;;26/12/2006;;;location : TAIWAN;False;26/12/2006;
Tsunami RUSSIA S. KURIL ISLANDS;Tsunami;RUSSIA;46.243;154.524;;13/01/2007;;;location : S. KURIL ISLANDS;False;13/01/2007;
Tsunami VANUATU VANUATU ISLANDS;Tsunami;VANUATU;-20.617;169.357;;25/03/2007;;;location : VANUATU ISLANDS;False;25/03/2007;
Tsunami JAPAN HONSHU: W COAST;Tsunami;JAPAN;37.336;136.588;;25/03/2007;;;location : HONSHU: W COAST;False;25/03/2007;
Tsunami SOLOMON ISLANDS SOLOMON ISLANDS;Tsunami;SOLOMON ISLANDS;-8.46;157.044;;01/04/2007;;;location : SOLOMON ISLANDS;False;01/04/2007;
Tsunami CHILE SOUTHERN CHILE;Tsunami;CHILE;-45.285;-72.606;;21/04/2007;;;location : SOUTHERN CHILE;False;21/04/2007;
Tsunami JAPAN HONSHU: W COAST;Tsunami;JAPAN;37.57;138.478;;16/07/2007;;;location : HONSHU: W COAST;False;16/07/2007;
Tsunami RUSSIA TATAR STRAIT;Tsunami;RUSSIA;47.116;141.798;;02/08/2007;;;location : TATAR STRAIT;False;02/08/2007;
Tsunami USA ALEUTIAN ISLANDS, AK;Tsunami;USA;51.307;-179.971;;02/08/2007;;;location : ALEUTIAN ISLANDS, AK;False;02/08/2007;
Tsunami PERU S. PERU;Tsunami;PERU;-13.386;-76.603;;15/08/2007;;;location : S. PERU;False;15/08/2007;
Tsunami SOLOMON ISLANDS SANTA CRUZ ISLANDS;Tsunami;SOLOMON ISLANDS;-11.61;165.762;;02/09/2007;;;location : SANTA CRUZ ISLANDS;False;02/09/2007;
Tsunami INDONESIA SUMATRA;Tsunami;INDONESIA;-4.438;101.367;;12/09/2007;;;location : SUMATRA;False;12/09/2007;
Tsunami NEW ZEALAND AUCKLAND ISLANDS;Tsunami;NEW ZEALAND;-49.418;163.954;;30/09/2007;;;location : AUCKLAND ISLANDS;False;30/09/2007;
Tsunami CHILE NORTHERN CHILE;Tsunami;CHILE;-22.247;-69.89;;14/11/2007;;;location : NORTHERN CHILE;False;14/11/2007;
Tsunami MARTINIQUE (FRENCH TERRITORY) MARTINIQUE;Tsunami;MARTINIQUE (FRENCH TERRITORY);14.944;-61.274;;29/11/2007;;;location : MARTINIQUE;False;29/11/2007;
Tsunami KERMADEC ISLANDS KERMADEC ISLANDS;Tsunami;KERMADEC ISLANDS;-25.996;-177.514;;09/12/2007;;;location : KERMADEC ISLANDS;False;09/12/2007;
Tsunami INDONESIA SUMATRA;Tsunami;INDONESIA;-2.486;99.972;;25/02/2008;;;location : SUMATRA;False;25/02/2008;
Tsunami NEW CALEDONIA LOYALTY ISLANDS;Tsunami;NEW CALEDONIA;-20.071;168.892;;09/04/2008;;;location : LOYALTY ISLANDS;False;09/04/2008;
Tsunami VANUATU VANUATU ISLANDS;Tsunami;VANUATU;-19.941;168.953;;28/04/2008;;;location : VANUATU ISLANDS;False;28/04/2008;
Tsunami CHINA SICHUAN PROVINCE;Tsunami;CHINA;30.98;103.396;;12/05/2008;;;location : SICHUAN PROVINCE;False;12/05/2008;
Tsunami JAPAN ARATOZAWA, JAPAN;Tsunami;JAPAN;39.03;140.881;;13/06/2008;;;location : ARATOZAWA, JAPAN;False;13/06/2008;
Tsunami JAPAN OFF EAST COAST OF HONSHU ISLAND;Tsunami;JAPAN;37.552;142.214;;19/07/2008;;;location : OFF EAST COAST OF HONSHU ISLAND;False;19/07/2008;
Tsunami JAPAN HOKKAIDO ISLAND;Tsunami;JAPAN;41.892;143.754;;11/09/2008;;;location : HOKKAIDO ISLAND;False;11/09/2008;
Tsunami INDONESIA SULAWESI;Tsunami;INDONESIA;1.271;122.091;;16/11/2008;;;location : SULAWESI;False;16/11/2008;
Tsunami INDONESIA NEAR NORTH COAST;Tsunami;INDONESIA;-0.414;132.885;;03/01/2009;;;location : NEAR NORTH COAST;False;03/01/2009;
Tsunami INDONESIA NEAR NORTH COAST;Tsunami;INDONESIA;-0.691;133.305;;03/01/2009;;;location : NEAR NORTH COAST;False;03/01/2009;
Tsunami RUSSIA KAMCHATKA;Tsunami;RUSSIA;46.857;155.154;;15/01/2009;;;location : KAMCHATKA;False;15/01/2009;
Tsunami INDONESIA CELEBES SEA;Tsunami;INDONESIA;3.884;126.397;;11/02/2009;;;location : CELEBES SEA;False;11/02/2009;
Tsunami TONGA TONGA;Tsunami;TONGA;-23.046;-174.659;;19/03/2009;;;location : TONGA;False;19/03/2009;
Tsunami HONDURAS OFF COAST OF HONDURAS;Tsunami;HONDURAS;16.72;-86.236;;28/05/2009;;;location : OFF COAST OF HONDURAS;False;28/05/2009;
Tsunami PAPUA NEW GUINEA SOLOMON SEA;Tsunami;PAPUA NEW GUINEA;-5.157;153.782;;23/06/2009;;;location : SOLOMON SEA;False;23/06/2009;
Tsunami GREECE CRETE;Tsunami;GREECE;34.164;25.471;;01/07/2009;;;location : CRETE;False;01/07/2009;
Tsunami NEW ZEALAND OFF WEST COAST OF SOUTH ISLAND;Tsunami;NEW ZEALAND;-45.762;166.562;;15/07/2009;;;location : OFF WEST COAST OF SOUTH ISLAND;False;15/07/2009;
Tsunami INDIA ANDAMAN ISLANDS;Tsunami;INDIA;14.099;92.888;;10/08/2009;;;location : ANDAMAN ISLANDS;False;10/08/2009;
Tsunami JAPAN HONSHU: S COAST;Tsunami;JAPAN;34.743;138.264;;10/08/2009;;;location : HONSHU: S COAST;False;10/08/2009;
Tsunami INDONESIA SUMATRA;Tsunami;INDONESIA;-1.479;99.49;;16/08/2009;;;location : SUMATRA;False;16/08/2009;
Tsunami INDONESIA JAVA SEA;Tsunami;INDONESIA;-7.782;107.297;;02/09/2009;;;location : JAVA SEA;False;02/09/2009;
Tsunami SAMOA SAMOA ISLANDS;Tsunami;SAMOA;-15.489;-172.095;;29/09/2009;;;location : SAMOA ISLANDS;False;29/09/2009;
Tsunami INDONESIA SUMATRA;Tsunami;INDONESIA;-0.72;99.867;;30/09/2009;;;location : SUMATRA;False;30/09/2009;
Tsunami VANUATU VANUATU ISLANDS;Tsunami;VANUATU;-13.006;166.51;;07/10/2009;;;location : VANUATU ISLANDS;False;07/10/2009;
Tsunami SOLOMON ISLANDS SOLOMON ISLANDS;Tsunami;SOLOMON ISLANDS;-8.743;157.477;;03/01/2010;;;location : SOLOMON ISLANDS;False;03/01/2010;
Tsunami SOLOMON ISLANDS SOLOMON ISLANDS;Tsunami;SOLOMON ISLANDS;-8.799;157.346;;03/01/2010;;;location : SOLOMON ISLANDS;False;03/01/2010;
Tsunami SOLOMON ISLANDS SOLOMON ISLANDS;Tsunami;SOLOMON ISLANDS;-9.019;157.551;;05/01/2010;;;location : SOLOMON ISLANDS;False;05/01/2010;
Tsunami HAITI HAITI & DOMINICAN REPUBLIC;Tsunami;HAITI;18.457;-72.533;;12/01/2010;;;location : HAITI & DOMINICAN REPUBLIC;False;12/01/2010;
Tsunami JAPAN RYUKYU ISLANDS;Tsunami;JAPAN;25.93;128.425;;26/02/2010;;;location : RYUKYU ISLANDS;False;26/02/2010;
Tsunami CHILE CENTRAL CHILE;Tsunami;CHILE;-36.122;-72.898;;27/02/2010;;;location : CENTRAL CHILE;False;27/02/2010;
Tsunami CHILE CENTRAL CHILE;Tsunami;CHILE;-34.29;-71.891;;11/03/2010;;;location : CENTRAL CHILE;False;11/03/2010;
Tsunami INDONESIA SUMATRA;Tsunami;INDONESIA;2.383;97.048;;06/04/2010;;;location : SUMATRA;False;06/04/2010;
Tsunami VANUATU VANUATU ISLANDS;Tsunami;VANUATU;-13.698;166.643;;27/05/2010;;;location : VANUATU ISLANDS;False;27/05/2010;
Tsunami INDIA LITTLE NICOBAR ISLAND;Tsunami;INDIA;7.881;91.936;;12/06/2010;;;location : LITTLE NICOBAR ISLAND;False;12/06/2010;
Tsunami PAPUA NEW GUINEA SOLOMON SEA;Tsunami;PAPUA NEW GUINEA;-5.931;150.59;;18/07/2010;;;location : SOLOMON SEA;False;18/07/2010;
Tsunami VANUATU VANUATU ISLANDS;Tsunami;VANUATU;-17.541;168.069;;10/08/2010;;;location : VANUATU ISLANDS;False;10/08/2010;
Tsunami USA TERRITORY GUAM, MARIANA ISLANDS;Tsunami;USA TERRITORY;12.484;141.476;;13/08/2010;;;location : GUAM, MARIANA ISLANDS;False;13/08/2010;
Tsunami INDONESIA SUMATRA;Tsunami;INDONESIA;-3.487;100.082;;25/10/2010;;;location : SUMATRA;False;25/10/2010;
Tsunami JAPAN BONIN ISLANDS;Tsunami;JAPAN;26.901;143.698;;21/12/2010;;;location : BONIN ISLANDS;False;21/12/2010;
Tsunami VANUATU VANUATU ISLANDS;Tsunami;VANUATU;-19.702;167.947;;25/12/2010;;;location : VANUATU ISLANDS;False;25/12/2010;
Tsunami VANUATU VANUATU ISLANDS;Tsunami;VANUATU;-19.157;168.311;;09/01/2011;;;location : VANUATU ISLANDS;False;09/01/2011;
Tsunami VANUATU VANUATU ISLANDS;Tsunami;VANUATU;-20.628;168.471;;13/01/2011;;;location : VANUATU ISLANDS;False;13/01/2011;
Tsunami CHILE CENTRAL CHILE;Tsunami;CHILE;-36.474;-73.125;;11/02/2011;;;location : CENTRAL CHILE;False;11/02/2011;
Tsunami NEW ZEALAND SOUTH ISLAND;Tsunami;NEW ZEALAND;-43.583;172.68;;21/02/2011;;;location : SOUTH ISLAND;False;21/02/2011;
Tsunami JAPAN HONSHU ISLAND;Tsunami;JAPAN;38.435;142.842;;09/03/2011;;;location : HONSHU ISLAND;False;09/03/2011;
Tsunami JAPAN OFF SANRIKU;Tsunami;JAPAN;38.296;142.808;;09/03/2011;;;location : OFF SANRIKU;False;09/03/2011;
Tsunami JAPAN HONSHU ISLAND;Tsunami;JAPAN;38.297;142.373;;11/03/2011;;;location : HONSHU ISLAND;False;11/03/2011;
Tsunami JAPAN E. COAST HONSHU ISLAND;Tsunami;JAPAN;38.276;141.588;;07/04/2011;;;location : E. COAST HONSHU ISLAND;False;07/04/2011;
Tsunami NEW CALEDONIA LOYALTY ISLANDS;Tsunami;NEW CALEDONIA;-20.244;168.226;;10/05/2011;;;location : LOYALTY ISLANDS;False;10/05/2011;
Tsunami USA ATKA, ALEUTIAN ISLANDS, AK;Tsunami;USA;52.05;-171.836;;24/06/2011;;;location : ATKA, ALEUTIAN ISLANDS, AK;False;24/06/2011;
Tsunami NEW ZEALAND KERMADEC ISLANDS;Tsunami;NEW ZEALAND;-29.539;-176.34;;06/07/2011;;;location : KERMADEC ISLANDS;False;06/07/2011;
Tsunami JAPAN OFF EAST COAST OF HONSHU ISLAND;Tsunami;JAPAN;38.034;143.264;;10/07/2011;;;location : OFF EAST COAST OF HONSHU ISLAND;False;10/07/2011;
Tsunami VANUATU VANUATU ISLANDS;Tsunami;VANUATU;-18.365;168.143;;20/08/2011;;;location : VANUATU ISLANDS;False;20/08/2011;
Tsunami VANUATU VANUATU ISLANDS;Tsunami;VANUATU;-18.311;168.218;;20/08/2011;;;location : VANUATU ISLANDS;False;20/08/2011;
Tsunami USA FOX ISLANDS, ALEUTIAN ISLANDS, AK;Tsunami;USA;52.171;-171.708;;02/09/2011;;;location : FOX ISLANDS, ALEUTIAN ISLANDS, AK;False;02/09/2011;
Tsunami NEW ZEALAND KERMADEC ISLANDS;Tsunami;NEW ZEALAND;-28.993;-176.238;;21/10/2011;;;location : KERMADEC ISLANDS;False;21/10/2011;
Tsunami SOLOMON ISLANDS SANTA CRUZ ISLANDS;Tsunami;SOLOMON ISLANDS;-10.617;165.16;;09/01/2012;;;location : SANTA CRUZ ISLANDS;False;09/01/2012;
Tsunami VANUATU VANUATU ISLANDS;Tsunami;VANUATU;-17.827;167.133;;02/02/2012;;;location : VANUATU ISLANDS;False;02/02/2012;
Tsunami PHILIPPINES TANON STRAIT;Tsunami;PHILIPPINES;9.999;123.206;;06/02/2012;;;location : TANON STRAIT;False;06/02/2012;
Tsunami NEW CALEDONIA LOYALTY ISLANDS;Tsunami;NEW CALEDONIA;-22.141;170.34;;03/03/2012;;;location : LOYALTY ISLANDS;False;03/03/2012;
Tsunami VANUATU OFF EAST COAST OF VANUATU;Tsunami;VANUATU;-19.125;169.613;;09/03/2012;;;location : OFF EAST COAST OF VANUATU;False;09/03/2012;
Tsunami JAPAN HOKKAIDO ISLAND;Tsunami;JAPAN;40.887;144.944;;14/03/2012;;;location : HOKKAIDO ISLAND;False;14/03/2012;
Tsunami MEXICO S. MEXICO;Tsunami;MEXICO;16.493;-98.231;;20/03/2012;;;location : S. MEXICO;False;20/03/2012;
Tsunami INDONESIA OFF W. COAST OF N SUMATRA;Tsunami;INDONESIA;2.327;93.063;;11/04/2012;;;location : OFF W. COAST OF N SUMATRA;False;11/04/2012;
Tsunami INDONESIA OFF W. COAST OF N SUMATRA;Tsunami;INDONESIA;0.802;92.463;;11/04/2012;;;location : OFF W. COAST OF N SUMATRA;False;11/04/2012;
Tsunami VANUATU VANUATU ISLANDS;Tsunami;VANUATU;-18.972;168.741;;14/04/2012;;;location : VANUATU ISLANDS;False;14/04/2012;
Tsunami EL SALVADOR EL SALVADOR-NICARAGUA;Tsunami;EL SALVADOR;12.139;-88.59;;27/08/2012;;;location : EL SALVADOR-NICARAGUA;False;27/08/2012;
Tsunami PHILIPPINES PHILIPPINE ISLANDS;Tsunami;PHILIPPINES;10.811;126.638;;31/08/2012;;;location : PHILIPPINE ISLANDS;False;31/08/2012;
Tsunami COSTA RICA COSTA RICA;Tsunami;COSTA RICA;10.085;-85.315;;05/09/2012;;;location : COSTA RICA;False;05/09/2012;
Tsunami CANADA BRITISH COLUMBIA;Tsunami;CANADA;52.788;-132.101;;28/10/2012;;;location : BRITISH COLUMBIA;False;28/10/2012;
Tsunami GUATEMALA GUATEMALA;Tsunami;GUATEMALA;13.988;-91.895;;07/11/2012;;;location : GUATEMALA;False;07/11/2012;
Tsunami JAPAN OFF EAST COAST OF HONSHU ISLAND;Tsunami;JAPAN;37.89;143.949;;07/12/2012;;;location : OFF EAST COAST OF HONSHU ISLAND;False;07/12/2012;
Tsunami USA SE. ALASKA, AK;Tsunami;USA;55.393;-134.652;;05/01/2013;;;location : SE. ALASKA, AK;False;05/01/2013;
Tsunami SOLOMON ISLANDS SANTA CRUZ ISLANDS;Tsunami;SOLOMON ISLANDS;-10.766;165.114;;06/02/2013;;;location : SANTA CRUZ ISLANDS;False;06/02/2013;
Tsunami SOLOMON ISLANDS SANTA CRUZ ISLANDS;Tsunami;SOLOMON ISLANDS;-10.928;166.018;;08/02/2013;;;location : SANTA CRUZ ISLANDS;False;08/02/2013;
Tsunami RUSSIA S. KURIL ISLANDS;Tsunami;RUSSIA;46.221;150.788;;19/04/2013;;;location : S. KURIL ISLANDS;False;19/04/2013;
Tsunami MEXICO MEXICO;Tsunami;MEXICO;18.081;-102.182;;22/04/2013;;;location : MEXICO;False;22/04/2013;
Tsunami GREECE CRETE;Tsunami;GREECE;34.4;25.02;;15/06/2013;;;location : CRETE;False;15/06/2013;
Tsunami NEW ZEALAND COOK STRAIT;Tsunami;NEW ZEALAND;-41.704;174.337;;21/07/2013;;;location : COOK STRAIT;False;21/07/2013;
Tsunami NEW ZEALAND WELLINGTON;Tsunami;NEW ZEALAND;-41.734;174.152;;16/08/2013;;;location : WELLINGTON;False;16/08/2013;
Tsunami PAKISTAN OFF COAST GWADAR;Tsunami;PAKISTAN;25.18;62.26;;24/09/2013;;;location : OFF COAST GWADAR;False;24/09/2013;
Tsunami NEW ZEALAND S OF RAOUL ISLAND, KERMADEC ISLANDS;Tsunami;NEW ZEALAND;-30.926;-178.323;;30/09/2013;;;location : S OF RAOUL ISLAND, KERMADEC ISLANDS;False;30/09/2013;
Tsunami GREECE CRETE;Tsunami;GREECE;35.514;23.252;;12/10/2013;;;location : CRETE;False;12/10/2013;
Tsunami JAPAN E. COAST HONSHU ISLAND;Tsunami;JAPAN;37.156;144.661;;25/10/2013;;;location : E. COAST HONSHU ISLAND;False;25/10/2013;
Tsunami ANTARCTICA SCOTIA SEA;Tsunami;ANTARCTICA;-60.274;-46.401;;17/11/2013;;;location : SCOTIA SEA;False;17/11/2013;
Tsunami CHILE NORTHERN CHILE;Tsunami;CHILE;-19.981;-70.702;;16/03/2014;;;location : NORTHERN CHILE;False;16/03/2014;
Tsunami CHILE NORTHERN CHILE;Tsunami;CHILE;-19.61;-70.769;;01/04/2014;;;location : NORTHERN CHILE;False;01/04/2014;
Tsunami CHILE NORTHERN CHILE;Tsunami;CHILE;-20.571;-70.493;;03/04/2014;;;location : NORTHERN CHILE;False;03/04/2014;
Tsunami SOLOMON ISLANDS SOLOMON ISLANDS;Tsunami;SOLOMON ISLANDS;-11.27;162.148;;12/04/2014;;;location : SOLOMON ISLANDS;False;12/04/2014;
Tsunami SOLOMON ISLANDS SOLOMON ISLANDS;Tsunami;SOLOMON ISLANDS;-11.463;162.051;;13/04/2014;;;location : SOLOMON ISLANDS;False;13/04/2014;
Tsunami MEXICO S. MEXICO;Tsunami;MEXICO;17.397;-100.972;;18/04/2014;;;location : S. MEXICO;False;18/04/2014;
Tsunami PAPUA NEW GUINEA SOLOMON SEA;Tsunami;PAPUA NEW GUINEA;-6.755;155.024;;19/04/2014;;;location : SOLOMON SEA;False;19/04/2014;
Tsunami GREECE NORTH AEGEAN SEA;Tsunami;GREECE;40.289;25.389;;24/05/2014;;;location : NORTH AEGEAN SEA;False;24/05/2014;
Tsunami NEW ZEALAND S OF RAOUL ISLAND, KERMADEC ISLANDS;Tsunami;NEW ZEALAND;-29.977;-177.725;;23/06/2014;;;location : S OF RAOUL ISLAND, KERMADEC ISLANDS;False;23/06/2014;
Tsunami USA ALEUTIAN ISLANDS, AK;Tsunami;USA;51.849;178.735;;23/06/2014;;;location : ALEUTIAN ISLANDS, AK;False;23/06/2014;
Tsunami JAPAN SANRIKU;Tsunami;JAPAN;37.005;142.453;;11/07/2014;;;location : SANRIKU;False;11/07/2014;
Tsunami USA PALMA BAY, AK;Tsunami;USA;58.335;-136.971;;25/07/2014;;;location : PALMA BAY, AK;False;25/07/2014;
Tsunami CHILE EASTER ISLAND REGION;Tsunami;CHILE;-32.108;-110.811;;09/10/2014;;;location : EASTER ISLAND REGION;False;09/10/2014;
Tsunami EL SALVADOR GULF OF FONSECA;Tsunami;EL SALVADOR;12.526;-88.123;;14/10/2014;;;location : GULF OF FONSECA;False;14/10/2014;
Tsunami INDONESIA N. MOLUCCAS ISLANDS;Tsunami;INDONESIA;1.893;126.522;;15/11/2014;;;location : N. MOLUCCAS ISLANDS;False;15/11/2014;
Tsunami JAPAN HONSHU;Tsunami;JAPAN;39.856;142.881;;16/02/2015;;;location : HONSHU;False;16/02/2015;
Tsunami VANUATU VANUATU ISLANDS;Tsunami;VANUATU;-16.431;168.148;;19/02/2015;;;location : VANUATU ISLANDS;False;19/02/2015;
Tsunami PAPUA NEW GUINEA BISMARCK SEA;Tsunami;PAPUA NEW GUINEA;-4.729;152.562;;29/03/2015;;;location : BISMARCK SEA;False;29/03/2015;
Tsunami JAPAN S. OF HONSHU ISLAND;Tsunami;JAPAN;31.529;140.213;;02/05/2015;;;location : S. OF HONSHU ISLAND;False;02/05/2015;
Tsunami PAPUA NEW GUINEA NEW BRITAIN;Tsunami;PAPUA NEW GUINEA;-5.462;151.875;;05/05/2015;;;location : NEW BRITAIN;False;05/05/2015;
Tsunami SOLOMON ISLANDS SOLOMON ISLANDS;Tsunami;SOLOMON ISLANDS;-9.307;158.403;;10/07/2015;;;location : SOLOMON ISLANDS;False;10/07/2015;
Tsunami SOLOMON ISLANDS SANTA CRUZ ISLANDS;Tsunami;SOLOMON ISLANDS;-10.401;165.141;;18/07/2015;;;location : SANTA CRUZ ISLANDS;False;18/07/2015;
Tsunami USA FOX ISLANDS, ALEUTIAN ISLANDS, AK;Tsunami;USA;52.376;-169.446;;27/07/2015;;;location : FOX ISLANDS, ALEUTIAN ISLANDS, AK;False;27/07/2015;
Tsunami CHILE CENTRAL CHILE;Tsunami;CHILE;-31.573;-71.674;;16/09/2015;;;location : CENTRAL CHILE;False;16/09/2015;
Tsunami CHILE CENTRAL CHILE;Tsunami;CHILE;-29.507;-72.007;;11/11/2015;;;location : CENTRAL CHILE;False;11/11/2015;
Tsunami JAPAN JAPAN;Tsunami;JAPAN;31.001;128.873;;13/11/2015;;;location : JAPAN;False;13/11/2015;
Tsunami GREECE IONIAN SEA;Tsunami;GREECE;38.67;20.6;;17/11/2015;;;location : IONIAN SEA;False;17/11/2015;
Tsunami SOLOMON ISLANDS SOLOMON ISLANDS;Tsunami;SOLOMON ISLANDS;-8.899;158.422;;18/11/2015;;;location : SOLOMON ISLANDS;False;18/11/2015;
Tsunami MOROCCO MOROCCO;Tsunami;MOROCCO;35.649;-3.682;;25/01/2016;;;location : MOROCCO;False;25/01/2016;
Tsunami INDONESIA SW. SUMATRA;Tsunami;INDONESIA;-4.952;94.33;;02/03/2016;;;location : SW. SUMATRA;False;02/03/2016;
Tsunami VANUATU VANUATU ISLANDS;Tsunami;VANUATU;-14.324;166.855;;03/04/2016;;;location : VANUATU ISLANDS;False;03/04/2016;
Tsunami ECUADOR OFF COAST;Tsunami;ECUADOR;0.382;-79.922;;16/04/2016;;;location : OFF COAST;False;16/04/2016;
Tsunami VANUATU VANUATU ISLANDS;Tsunami;VANUATU;-16.043;167.379;;28/04/2016;;;location : VANUATU ISLANDS;False;28/04/2016;
Tsunami NEW CALEDONIA LOYALTY ISLANDS;Tsunami;NEW CALEDONIA;-22.477;173.117;;12/08/2016;;;location : LOYALTY ISLANDS;False;12/08/2016;
Tsunami UK TERRITORY SOUTHERN ATLANTIC OCEAN;Tsunami;UK TERRITORY;-55.285;-31.877;;19/08/2016;;;location : SOUTHERN ATLANTIC OCEAN;False;19/08/2016;
Tsunami JAPAN SANRIKU;Tsunami;JAPAN;40.394;143.68;;20/08/2016;;;location : SANRIKU;False;20/08/2016;
Tsunami NEW ZEALAND GISBORNE;Tsunami;NEW ZEALAND;-37.359;179.146;;01/09/2016;;;location : GISBORNE;False;01/09/2016;
Tsunami NEW ZEALAND OFF EAST COAST OF SOUTH ISLAND;Tsunami;NEW ZEALAND;-42.737;173.054;;13/11/2016;;;location : OFF EAST COAST OF SOUTH ISLAND;False;13/11/2016;
Tsunami JAPAN E. COAST HONSHU ISLAND;Tsunami;JAPAN;37.393;141.387;;21/11/2016;;;location : E. COAST HONSHU ISLAND;False;21/11/2016;
Tsunami NICARAGUA NICARAGUA;Tsunami;NICARAGUA;11.91;-88.897;;24/11/2016;;;location : NICARAGUA;False;24/11/2016;
Tsunami SOLOMON ISLANDS SOLOMON ISLANDS;Tsunami;SOLOMON ISLANDS;-10.681;161.327;;08/12/2016;;;location : SOLOMON ISLANDS;False;08/12/2016;
Tsunami SOLOMON ISLANDS SOLOMON ISLANDS;Tsunami;SOLOMON ISLANDS;-10.749;161.132;;09/12/2016;;;location : SOLOMON ISLANDS;False;09/12/2016;
Tsunami PAPUA NEW GUINEA SOLOMON SEA;Tsunami;PAPUA NEW GUINEA;-4.505;153.522;;17/12/2016;;;location : SOLOMON SEA;False;17/12/2016;
Tsunami CHILE SOUTHERN CHILE;Tsunami;CHILE;-43.406;-73.941;;25/12/2016;;;location : SOUTHERN CHILE;False;25/12/2016;
Tsunami FIJI FIJI ISLANDS;Tsunami;FIJI;-19.373;176.052;;03/01/2017;;;location : FIJI ISLANDS;False;03/01/2017;
Tsunami PAPUA NEW GUINEA BOUGAINVILLE ISLAND;Tsunami;PAPUA NEW GUINEA;-6.246;155.172;;22/01/2017;;;location : BOUGAINVILLE ISLAND;False;22/01/2017;
Tsunami CHILE CENTRAL CHILE;Tsunami;CHILE;-33.038;-72.062;;24/04/2017;;;location : CENTRAL CHILE;False;24/04/2017;
Tsunami PHILIPPINES SOCCSKSARGEN, PHILIPPINES;Tsunami;PHILIPPINES;5.504;125.066;;28/04/2017;;;location : SOCCSKSARGEN, PHILIPPINES;False;28/04/2017;
Tsunami USA SKAGWAY, AK;Tsunami;USA;59.821;-136.711;;01/05/2017;;;location : SKAGWAY, AK;False;01/05/2017;
Tsunami GREECE LESBOS;Tsunami;GREECE;38.93;26.365;;12/06/2017;;;location : LESBOS;False;12/06/2017;
Tsunami PAPUA NEW GUINEA SOLOMON SEA;Tsunami;PAPUA NEW GUINEA;-4.779;153.211;;13/07/2017;;;location : SOLOMON SEA;False;13/07/2017;
Tsunami RUSSIA BERING ISLAND;Tsunami;RUSSIA;54.443;168.857;;17/07/2017;;;location : BERING ISLAND;False;17/07/2017;
Tsunami TURKEY GULF OF GÖKOVA;Tsunami;TURKEY;36.929;27.414;;20/07/2017;;;location : GULF OF GÖKOVA;False;20/07/2017;
Tsunami MEXICO S. MEXICO;Tsunami;MEXICO;15.022;-93.899;;08/09/2017;;;location : S. MEXICO;False;08/09/2017;
Tsunami NEW CALEDONIA LOYALTY ISLANDS;Tsunami;NEW CALEDONIA;-21.697;169.149;;31/10/2017;;;location : LOYALTY ISLANDS;False;31/10/2017;
Tsunami NEW CALEDONIA LOYALTY ISLANDS;Tsunami;NEW CALEDONIA;-21.648;168.859;;01/11/2017;;;location : LOYALTY ISLANDS;False;01/11/2017;
Tsunami JAPAN BONIN ISLANDS;Tsunami;JAPAN;25.437;141.383;;15/11/2017;;;location : BONIN ISLANDS;False;15/11/2017;
Tsunami NEW CALEDONIA LOYALTY ISLANDS;Tsunami;NEW CALEDONIA;-21.638;168.673;;19/11/2017;;;location : LOYALTY ISLANDS;False;19/11/2017;
Tsunami NEW CALEDONIA LOYALTY ISLANDS;Tsunami;NEW CALEDONIA;-21.503;168.598;;19/11/2017;;;location : LOYALTY ISLANDS;False;19/11/2017;
Tsunami NEW CALEDONIA LOYALTY ISLANDS;Tsunami;NEW CALEDONIA;-21.325;168.672;;19/11/2017;;;location : LOYALTY ISLANDS;False;19/11/2017;
Tsunami HONDURAS OFF COAST OF HONDURAS;Tsunami;HONDURAS;17.483;-83.52;;10/01/2018;;;location : OFF COAST OF HONDURAS;False;10/01/2018;
Tsunami PERU S. PERU;Tsunami;PERU;-15.768;-74.709;;14/01/2018;;;location : S. PERU;False;14/01/2018;
Tsunami USA KODIAK ISLAND, AK;Tsunami;USA;56.004;-149.166;;23/01/2018;;;location : KODIAK ISLAND, AK;False;23/01/2018;
Tsunami USA HAWAII;Tsunami;USA;19.318;-155;;04/05/2018;;;location : HAWAII;False;04/05/2018;
Tsunami JAPAN S. OF HONSHU ISLAND;Tsunami;JAPAN;31.444;140.193;;06/05/2018;;;location : S. OF HONSHU ISLAND;False;06/05/2018;
Tsunami INDONESIA BALI SEA;Tsunami;INDONESIA;-8.24;116.508;;28/07/2018;;;location : BALI SEA;False;28/07/2018;
Tsunami INDONESIA BALI SEA;Tsunami;INDONESIA;-8.258;116.438;;05/08/2018;;;location : BALI SEA;False;05/08/2018;
Tsunami FIJI FIJI ISLANDS;Tsunami;FIJI;-18.113;-178.153;;19/08/2018;;;location : FIJI ISLANDS;False;19/08/2018;
Tsunami INDONESIA BALI SEA;Tsunami;INDONESIA;-8.337;116.599;;19/08/2018;;;location : BALI SEA;False;19/08/2018;
Tsunami VENEZUELA SUCRE;Tsunami;VENEZUELA;10.773;-62.902;;21/08/2018;;;location : SUCRE;False;21/08/2018;
Tsunami NEW CALEDONIA LOYALTY ISLANDS;Tsunami;NEW CALEDONIA;-22.03;170.126;;29/08/2018;;;location : LOYALTY ISLANDS;False;29/08/2018;
Tsunami INDONESIA SULAWESI;Tsunami;INDONESIA;-0.256;119.846;;28/09/2018;;;location : SULAWESI;False;28/09/2018;
Tsunami NEW CALEDONIA LOYALTY ISLANDS;Tsunami;NEW CALEDONIA;-21.743;169.522;;16/10/2018;;;location : LOYALTY ISLANDS;False;16/10/2018;
Tsunami GREECE IONIAN SEA;Tsunami;GREECE;37.52;20.557;;25/10/2018;;;location : IONIAN SEA;False;25/10/2018;
Tsunami NEW CALEDONIA LOYALTY ISLANDS;Tsunami;NEW CALEDONIA;-21.95;169.427;;05/12/2018;;;location : LOYALTY ISLANDS;False;05/12/2018;
Tsunami RUSSIA KAMCHATKA;Tsunami;RUSSIA;55.1;164.699;;20/12/2018;;;location : KAMCHATKA;False;20/12/2018;
Tsunami JAPAN BONIN ISLANDS;Tsunami;JAPAN;25.6;141.462;;11/03/2019;;;location : BONIN ISLANDS;False;11/03/2019;
Tsunami PAPUA NEW GUINEA RABAUL, NEW BRITAIN;Tsunami;PAPUA NEW GUINEA;-4.051;152.597;;14/05/2019;;;location : RABAUL, NEW BRITAIN;False;14/05/2019;
Tsunami CHILE CENTRAL CHILE;Tsunami;CHILE;-30.056;-72.082;;14/06/2019;;;location : CENTRAL CHILE;False;14/06/2019;
Tsunami NEW ZEALAND S OF RAOUL ISLAND, KERMADEC ISLANDS;Tsunami;NEW ZEALAND;-30.805;-178.095;;15/06/2019;;;location : S OF RAOUL ISLAND, KERMADEC ISLANDS;False;15/06/2019;
Tsunami JAPAN NIIGATA;Tsunami;JAPAN;38.646;139.472;;18/06/2019;;;location : NIIGATA;False;18/06/2019;
Tsunami RUSSIA KAMCHATKA;Tsunami;RUSSIA;56.182;164.088;;26/06/2019;;;location : KAMCHATKA;False;26/06/2019;
Tsunami INDONESIA W. JAVA;Tsunami;INDONESIA;-7.282;104.791;;02/08/2019;;;location : W. JAVA;False;02/08/2019;
Tsunami INDONESIA N. MOLUCCAS ISLANDS;Tsunami;INDONESIA;1.6;126.416;;14/11/2019;;;location : N. MOLUCCAS ISLANDS;False;14/11/2019;
Tsunami USA TERRITORY PUERTO RICO;Tsunami;USA TERRITORY;17.916;-66.813;;07/01/2020;;;location : PUERTO RICO;False;07/01/2020;
Tsunami CUBA OFF SE COAST OF CUBA;Tsunami;CUBA;19.44;-78.755;;28/01/2020;;;location : OFF SE COAST OF CUBA;False;28/01/2020;
Tsunami KERMADEC ISLANDS KERMADEC ISLANDS;Tsunami;KERMADEC ISLANDS;-27.367;-175.61;;14/03/2020;;;location : KERMADEC ISLANDS;False;14/03/2020;
Tsunami RUSSIA N. KURIL ISLANDS;Tsunami;RUSSIA;48.986;157.693;;25/03/2020;;;location : N. KURIL ISLANDS;False;25/03/2020;
Tsunami GREECE CRETE;Tsunami;GREECE;34.205;25.712;;02/05/2020;;;location : CRETE;False;02/05/2020;
Tsunami NEW ZEALAND S OF RAOUL ISLAND, KERMADEC ISLANDS;Tsunami;NEW ZEALAND;-33.294;-177.838;;18/06/2020;;;location : S OF RAOUL ISLAND, KERMADEC ISLANDS;False;18/06/2020;
Tsunami MEXICO OFF COAST OF OAXACA;Tsunami;MEXICO;16.029;-95.901;;23/06/2020;;;location : OFF COAST OF OAXACA;False;23/06/2020;
Tsunami USA SHUMAGIN ISLANDS, AK;Tsunami;USA;55.03;-158.522;;22/07/2020;;;location : SHUMAGIN ISLANDS, AK;False;22/07/2020;
Tsunami USA SHUMAGIN ISLANDS, AK;Tsunami;USA;54.608;-159.655;;19/10/2020;;;location : SHUMAGIN ISLANDS, AK;False;19/10/2020;
Tsunami TURKEY AEGEAN SEA;Tsunami;TURKEY;37.918;26.79;;30/10/2020;;;location : AEGEAN SEA;False;30/10/2020;
Tsunami CHILE CENTRAL CHILE;Tsunami;CHILE;-39.343;-74.99;;27/12/2020;;;location : CENTRAL CHILE;False;27/12/2020;
Tsunami ANTARCTICA SCOTIA SEA;Tsunami;ANTARCTICA;-61.825;-55.494;;23/01/2021;;;location : SCOTIA SEA;False;23/01/2021;
Tsunami NEW CALEDONIA LOYALTY ISLANDS;Tsunami;NEW CALEDONIA;-23.054;171.601;;10/02/2021;;;location : LOYALTY ISLANDS;False;10/02/2021;
Tsunami JAPAN OFF FUKUSHIMA PREFECTURE;Tsunami;JAPAN;37.745;141.749;;13/02/2021;;;location : OFF FUKUSHIMA PREFECTURE;False;13/02/2021;
Tsunami NEW ZEALAND GISBORNE;Tsunami;NEW ZEALAND;-37.563;179.444;;04/03/2021;;;location : GISBORNE;False;04/03/2021;
Tsunami NEW ZEALAND S OF RAOUL ISLAND, KERMADEC ISLANDS;Tsunami;NEW ZEALAND;-29.613;-177.843;;04/03/2021;;;location : S OF RAOUL ISLAND, KERMADEC ISLANDS;False;04/03/2021;
Tsunami NEW ZEALAND S OF RAOUL ISLAND, KERMADEC ISLANDS;Tsunami;NEW ZEALAND;-29.74;-177.267;;04/03/2021;;;location : S OF RAOUL ISLAND, KERMADEC ISLANDS;False;04/03/2021;
Tsunami ALGERIA N. ALGERIA;Tsunami;ALGERIA;36.915;5.199;;18/03/2021;;;location : N. ALGERIA;False;18/03/2021;
Tsunami INDONESIA BANDA SEA;Tsunami;INDONESIA;-3.593;129.503;;16/06/2021;;;location : BANDA SEA;False;16/06/2021;
Tsunami USA KODIAK ISLAND, AK;Tsunami;USA;55.325;-157.841;;29/07/2021;;;location : KODIAK ISLAND, AK;False;29/07/2021;
Tsunami PHILIPPINES MINDANAO ISLAND, PHILIPPINES;Tsunami;PHILIPPINES;6.455;126.742;;11/08/2021;;;location : MINDANAO ISLAND, PHILIPPINES;False;11/08/2021;
Tsunami UK TERRITORY SOUTHERN ATLANTIC OCEAN;Tsunami;UK TERRITORY;-58.416;-25.321;;12/08/2021;;;location : SOUTHERN ATLANTIC OCEAN;False;12/08/2021;
Tsunami HAITI PORT-AU-PRINCE;Tsunami;HAITI;18.408;-73.475;;14/08/2021;;;location : PORT-AU-PRINCE;False;14/08/2021;
Tsunami MEXICO S. MEXICO;Tsunami;MEXICO;16.982;-99.773;;08/09/2021;;;location : S. MEXICO;False;08/09/2021;
Tsunami GREECE CRETE;Tsunami;GREECE;35.193;26.256;;12/10/2021;;;location : CRETE;False;12/10/2021;
Tsunami INDONESIA FLORES SEA;Tsunami;INDONESIA;-7.603;122.2;;14/12/2021;;;location : FLORES SEA;False;14/12/2021;
Tsunami NEW ZEALAND KERMADEC ISLANDS;Tsunami;NEW ZEALAND;-29.531;-176.749;;29/01/2022;;;location : KERMADEC ISLANDS;False;29/01/2022;
Tsunami JAPAN OFF FUKUSHIMA PREFECTURE;Tsunami;JAPAN;37.702;141.587;;16/03/2022;;;location : OFF FUKUSHIMA PREFECTURE;False;16/03/2022;
Tsunami NEW CALEDONIA LOYALTY ISLANDS;Tsunami;NEW CALEDONIA;-22.716;170.286;;30/03/2022;;;location : LOYALTY ISLANDS;False;30/03/2022;
Tsunami NEW CALEDONIA LOYALTY ISLANDS;Tsunami;NEW CALEDONIA;-22.579;170.354;;31/03/2022;;;location : LOYALTY ISLANDS;False;31/03/2022;
Tsunami MEXICO S. MEXICO;Tsunami;MEXICO;16.325;-95.856;;25/05/2022;;;location : S. MEXICO;False;25/05/2022;
Tsunami PHILIPPINES N. LUZON ISLAND;Tsunami;PHILIPPINES;17.56;120.801;;27/07/2022;;;location : N. LUZON ISLAND;False;27/07/2022;
Tsunami MEXICO MEXICO;Tsunami;MEXICO;18.367;-103.252;;19/09/2022;;;location : MEXICO;False;19/09/2022;
Tsunami MEXICO S. MEXICO;Tsunami;MEXICO;18.308;-102.923;;22/09/2022;;;location : S. MEXICO;False;22/09/2022;
Tsunami TONGA TONGA ISLANDS;Tsunami;TONGA;-19.318;-172.1;;11/11/2022;;;location : TONGA ISLANDS;False;11/11/2022;
Tsunami INDONESIA SW. SUMATRA;Tsunami;INDONESIA;-4.904;100.786;;18/11/2022;;;location : SW. SUMATRA;False;18/11/2022;
Tsunami SOLOMON ISLANDS SOLOMON ISLANDS;Tsunami;SOLOMON ISLANDS;-9.812;159.596;;22/11/2022;;;location : SOLOMON ISLANDS;False;22/11/2022;
Tsunami NEW ZEALAND LAKE TAUPO, NORTH ISLAND;Tsunami;NEW ZEALAND;-38.808;175.906;;30/11/2022;;;location : LAKE TAUPO, NORTH ISLAND;False;30/11/2022;
Tsunami INDONESIA SOUTH MALUKU;Tsunami;INDONESIA;-7.049;130.038;;09/01/2023;;;location : SOUTH MALUKU;False;09/01/2023;
Tsunami TURKEY GULF OF ISKENDERUN;Tsunami;TURKEY;37.166;37.042;;06/02/2023;;;location : GULF OF ISKENDERUN;False;06/02/2023;
Tsunami TURKEY EASTERN TURKEY;Tsunami;TURKEY;38.024;37.203;;06/02/2023;;;location : EASTERN TURKEY;False;06/02/2023;
Tsunami TURKEY ANTALYA, TURKEY;Tsunami;TURKEY;36.109;36.017;;20/02/2023;;;location : ANTALYA, TURKEY;False;20/02/2023;
Tsunami KERMADEC ISLANDS SE RAOUL ISLAND, KERMADEC ISLANDS;Tsunami;KERMADEC ISLANDS;-30.115;-176.112;;16/03/2023;;;location : SE RAOUL ISLAND, KERMADEC ISLANDS;False;16/03/2023;
Tsunami NEW ZEALAND S OF RAOUL ISLAND, KERMADEC ISLANDS;Tsunami;NEW ZEALAND;-29.968;-177.826;;24/04/2023;;;location : S OF RAOUL ISLAND, KERMADEC ISLANDS;False;24/04/2023;
Tsunami INDONESIA SW. SUMATRA;Tsunami;INDONESIA;-0.799;98.524;;24/04/2023;;;location : SW. SUMATRA;False;24/04/2023;
Tsunami JAPAN NOTO PENINSULA, JAPAN;Tsunami;JAPAN;37.54;137.305;;05/05/2023;;;location : NOTO PENINSULA, JAPAN;False;05/05/2023;
Tsunami NEW CALEDONIA LOYALTY ISLANDS;Tsunami;NEW CALEDONIA;-23.229;170.694;;19/05/2023;;;location : LOYALTY ISLANDS;False;19/05/2023;
Tsunami NEW CALEDONIA LOYALTY ISLANDS;Tsunami;NEW CALEDONIA;-23.062;170.456;;20/05/2023;;;location : LOYALTY ISLANDS;False;20/05/2023;
Tsunami USA SAND POINT, AK;Tsunami;USA;54.46;-160.76;;16/07/2023;;;location : SAND POINT, AK;False;16/07/2023;
Tsunami JAPAN IZU ISLANDS, JAPAN;Tsunami;JAPAN;29.94;139.95;;05/10/2023;;;location : IZU ISLANDS, JAPAN;False;05/10/2023;
Tsunami JAPAN IZU ISLANDS, JAPAN;Tsunami;JAPAN;30.141;139.968;;06/10/2023;;;location : IZU ISLANDS, JAPAN;False;06/10/2023;
Tsunami VANUATU VANUATU ISLANDS;Tsunami;VANUATU;-14.985;167.983;;22/11/2023;;;location : VANUATU ISLANDS;False;22/11/2023;
Tsunami PHILIPPINES E. MINDANAO ISLAND;Tsunami;PHILIPPINES;8.527;126.449;;02/12/2023;;;location : E. MINDANAO ISLAND;False;02/12/2023;
Tsunami VANUATU VANUATU ISLANDS;Tsunami;VANUATU;-20.659;169.206;;07/12/2023;;;location : VANUATU ISLANDS;False;07/12/2023;
Tsunami JAPAN HONSHU: W COAST;Tsunami;JAPAN;37.487;137.271;;01/01/2024;;;location : HONSHU: W COAST;False;01/01/2024;
Tsunami TAIWAN E. TAIWAN-RYUKYU ISLANDS;Tsunami;TAIWAN;23.819;121.562;;02/04/2024;;;location : E. TAIWAN-RYUKYU ISLANDS;False;02/04/2024;
Tsunami PERU S. PERU;Tsunami;PERU;-15.811;-74.445;;28/06/2024;;;location : S. PERU;False;28/06/2024;
Tsunami JAPAN HYUGANADA SEA;Tsunami;JAPAN;31.719;131.527;;08/08/2024;;;location : HYUGANADA SEA;False;08/08/2024;
Tsunami RUSSIA KAMCHATKA;Tsunami;RUSSIA;52.924;160.141;;17/08/2024;;;location : KAMCHATKA;False;17/08/2024;
Tsunami JAPAN IZU ISLANDS, JAPAN;Tsunami;JAPAN;31.546;140.064;;23/09/2024;;;location : IZU ISLANDS, JAPAN;False;23/09/2024;
Tsunami USA CAPE MENDOCINO, N. CALIFORNIA;Tsunami;USA;40.374;-125.022;;05/12/2024;;;location : CAPE MENDOCINO, N. CALIFORNIA;False;05/12/2024;
Tsunami VANUATU VANUATU ISLANDS;Tsunami;VANUATU;-17.686;168.034;;17/12/2024;;;location : VANUATU ISLANDS;False;17/12/2024;
Tsunami JAPAN HYUGANADA SEA;Tsunami;JAPAN;31.806;131.565;;13/01/2025;;;location : HYUGANADA SEA;False;13/01/2025;
Tsunami HONDURAS NORTH OF HONDURAS;Tsunami;HONDURAS;17.702;-82.456;;08/02/2025;;;location : NORTH OF HONDURAS;False;08/02/2025;
Tsunami NEW ZEALAND PUYSEGUR TRENCH;Tsunami;NEW ZEALAND;-46.708;165.933;;25/03/2025;;;location : PUYSEGUR TRENCH;False;25/03/2025;
Tsunami TONGA TONGA;Tsunami;TONGA;-20.329;-173.907;;30/03/2025;;;location : TONGA;False;30/03/2025;
Tsunami TURKEY MARMARA SEA;Tsunami;TURKEY;40.84;28.142;;23/04/2025;;;location : MARMARA SEA;False;23/04/2025;
Tsunami ECUADOR ECUADOR;Tsunami;ECUADOR;1.105;-79.535;;25/04/2025;;;location : ECUADOR;False;25/04/2025;
Tsunami CHILE SOUTHERN CHILE;Tsunami;CHILE;-56.782;-68.209;;02/05/2025;;;location : SOUTHERN CHILE;False;02/05/2025;
Tsunami GREECE ISLAND OF CRETE;Tsunami;GREECE;35.811;25.858;;22/05/2025;;;location : ISLAND OF CRETE;False;22/05/2025;
Tsunami USA SAND POINT, AK;Tsunami;USA;54.549;-160.472;;16/07/2025;;;location : SAND POINT, AK;False;16/07/2025;
Tsunami RUSSIA KAMCHATKA PENINSULA, RUSSIA;Tsunami;RUSSIA;52.83;160.682;;20/07/2025;;;location : KAMCHATKA PENINSULA, RUSSIA;False;20/07/2025;
Tsunami RUSSIA KAMCHATKA PENINSULA, RUSSIA;Tsunami;RUSSIA;52.512;160.324;;29/07/2025;;;location : KAMCHATKA PENINSULA, RUSSIA;False;29/07/2025;
Tsunami INDONESIA SULAWESI;Tsunami;INDONESIA;-1.282;120.727;;16/08/2025;;;location : SULAWESI;False;16/08/2025;
Tsunami ANTARCTICA DRAKE PASSAGE;Tsunami;ANTARCTICA;-60.186;-61.821;;22/08/2025;;;location : DRAKE PASSAGE;False;22/08/2025;
Tsunami RUSSIA KAMCHATKA PENINSULA, RUSSIA;Tsunami;RUSSIA;53.19;160.143;;13/09/2025;;;location : KAMCHATKA PENINSULA, RUSSIA;False;13/09/2025;
Tsunami RUSSIA KAMCHATKA PENINSULA, RUSSIA;Tsunami;RUSSIA;53.193;160.513;;18/09/2025;;;location : KAMCHATKA PENINSULA, RUSSIA;False;18/09/2025;
Tsunami PHILIPPINES MINDANAO ISLAND, PHILIPPINES;Tsunami;PHILIPPINES;7.287;126.69;;10/10/2025;;;location : MINDANAO ISLAND, PHILIPPINES;False;10/10/2025;
Tsunami JAPAN SANRIKU;Tsunami;JAPAN;39.396;143.411;;09/11/2025;;;location : SANRIKU;False;09/11/2025;
Tsunami JAPAN OFF NORTHEAST COAST HONSHU;Tsunami;JAPAN;41.003;142.171;;08/12/2025;;;location : OFF NORTHEAST COAST HONSHU;False;08/12/2025;
Tsunami JAPAN OFF NORTHEAST COAST HONSHU;Tsunami;JAPAN;40.918;142.745;;12/12/2025;;;location : OFF NORTHEAST COAST HONSHU;False;12/12/2025;
Tsunami MEXICO ACAPULCO;Tsunami;MEXICO;16.902;-99.303;;02/01/2026;;;location : ACAPULCO;False;02/01/2026;
