SID;NAME;type_tempete;Pays;LAT;LON;intensite;ISO_TIME;population_touchee;accessibilite;Unnamed: 10;Unnamed: 11;source;pays_concerne
1945134N19136;BETTY;typhon;;24.8;141.1;7.0;15/05/1945;50000.0;0.3;;False;Japan Meteorological Agency (JMA) - Archives historiques (estimation basée sur les données disponibles pour la région et la période) - https://www.jma.go.jp/jma/indexe.html;Japon
1945196N09133;OPAL;typhon;;29.9;129.0;7.0;20/07/1945;50000.0;0.4;;False;NOAA Historical Hurricane Tracks - https://coast.noaa.gov/hurricanes/?storm=19-1945;Japon
1945204N09137;EDNA;typhon;;9.4;137.0;7.0;23/07/1945;50000.0;0.3;;False;NOAA Historical Hurricane Tracks - https://coast.noaa.gov/hurricanes/?storm=1945204N09137;Philippines
1945211N23129;EVA;typhon;;29.3;127.3;7.0;03/08/1945;50000.0;0.4;;False;International Best Track Archive for Climate Stewardship (IBTrACS) - https://www.ncdc.noaa.gov/ibtracs/;Japon
1945228N17161;GRACE;typhon;;33.7;141.4;7.0;22/08/1945;50000.0;0.6;;False;Japan Meteorological Agency (JMA) - https://www.jma.go.jp/jma/indexe.html;Japon
1945229N15137;SUSAN;typhon;;36.8;132.9;7.0;27/08/1945;500000.0;0.6;;False;Japan Meteorological Agency (JMA) - Archives historiques - https://www.jma.go.jp/jma/indexe.html;Japon
1945250N12128;URSULA;typhon;;12.4;128.0;7.0;07/09/1945;500000.0;0.4;;False;NOAA Historical Hurricane Tracks - https://coast.noaa.gov/hurricanes/?storm=1945250N12128;Philippines
1945253N08157;IDA;typhon;;29.0;130.0;7.0;17/09/1945;50000.0;0.4;;False;NOAA Historical Hurricane Tracks - https://coast.noaa.gov/hurricanes/?storm=19-1945253N08157;Japon
1945271N06160;KATE;typhon;;24.0;135.7;7.0;03/10/1945;50000.0;0.4;;False;NOAA Historical Hurricane Tracks - https://coast.noaa.gov/hurricanes/?storm=1945271N06160;Japon
1945275N09161;LOUISE;typhon;;12.8;149.0;7.0;04/10/1945;50000.0;0.3;;False;NOAA Historical Hurricane Tracks - https://coast.noaa.gov/hurricanes/?storm=1945275N09161;Guam
1946086N12153;BARBARA;typhon;;23.5;126.7;7.0;06/04/1946;50000.0;0.4;;False;International Best Track Archive for Climate Stewardship (IBTrACS) - NOAA - https://www.ncei.noaa.gov/products/international-best-track-archive;Japon
1946178N09144;GINNY;typhon;;19.6;142.0;7.0;01/07/1946;5000.0;0.3;;False;NOAA Historical Hurricane Tracks - https://coast.noaa.gov/hurricanes/;Japon
1946250N12150;OPAL;typhon;;12.3;150.0;7.0;06/09/1946;50000.0;0.3;;False;NOAA Historical Hurricane Tracks - https://coast.noaa.gov/hurricanes/?storm=1946250N12150;Philippines
1946251N11165;PRISCILL;typhon;;12.7;160.5;7.0;08/09/1946;50000.0;0.3;;False;International Best Track Archive for Climate Stewardship (IBTrACS) - NOAA - https://www.ncdc.noaa.gov/ibtracs/;Philippines
1946261N11161;QUERIDA;typhon;;12.2;156.3;7.0;19/09/1946;50000.0;0.3;;False;International Best Track Archive for Climate Stewardship (IBTrACS) - NOAA - https://www.ncdc.noaa.gov/ibtracs/;Philippines
1946292N11131;ALMA;typhon;;24.3;133.7;7.0;23/10/1946;50000.0;0.4;;False;International Best Track Archive for Climate Stewardship (IBTrACS) - https://www.ncdc.noaa.gov/ibtracs/;Japon
1946309N12126;BETTY;typhon;;23.6;130.1;7.0;08/11/1946;50000.0;0.4;;False;International Best Track Archive for Climate Stewardship (IBTrACS) - NOAA - https://www.ncei.noaa.gov/products/international-best-track-archive;Philippines
1946317N14142;DIANNE;typhon;;22.4;137.4;7.0;18/11/1946;50000.0;0.3;;False;International Best Track Archive for Climate Stewardship (IBTrACS) - https://www.ncdc.noaa.gov/ibtracs/;Japon
1947133N16138;BERNIDA;typhon;;31.0;144.1;7.0;16/05/1947;50000.0;0.3;;False;International Best Track Archive for Climate Stewardship (IBTrACS) - https://www.ncdc.noaa.gov/ibtracs/;Japon
1947168N11132;CAROL;typhon;;13.4;128.7;7.0;18/06/1947;50000.0;0.4;;False;International Best Track Archive for Climate Stewardship (IBTrACS) - NOAA - https://www.ncdc.noaa.gov/ibtracs/;Philippines
1947188N15137;DONNA;typhon;;14.5;136.9;7.0;06/07/1947;50000.0;0.3;;False;International Best Track Archive for Climate Stewardship (IBTrACS) - NOAA - https://www.ncei.noaa.gov/products/international-best-track-archive;Philippines
1947207N18133;FAITH;typhon;;27.5;125.0;7.0;30/07/1947;50000.0;0.4;;False;International Best Track Archive for Climate Stewardship (IBTrACS) - https://www.ncdc.noaa.gov/ibtracs/;Japon
1947217N20136;GWEN;typhon;;20.0;136.3;7.0;04/08/1947;50000.0;0.3;;False;International Best Track Archive for Climate Stewardship (IBTrACS) - https://www.ncdc.noaa.gov/ibtracs/;Japon
1947236N09138;INEZ;typhon;;29.0;118.0;7.0;30/08/1947;50000.0;0.4;;False;International Best Track Archive for Climate Stewardship (IBTrACS) - NOAA - https://www.ncei.noaa.gov/products/international-best-track-archive;Chine
1947248N13135;JOYCE;typhon;;16.3;128.1;7.0;08/09/1947;50000.0;0.3;;False;International Best Track Archive for Climate Stewardship (IBTrACS) - https://www.ncdc.noaa.gov/ibtracs/;Philippines
1947254N17143;KATHLEEN;typhon;;22.6;135.2;7.0;12/09/1947;50000.0;0.3;;False;International Best Track Archive for Climate Stewardship (IBTrACS) - NOAA - https://www.ncdc.noaa.gov/ibtracs/;Japon
1947272N21133;NANETTE;typhon;;20.6;130.5;7.0;30/09/1947;50000.0;0.3;;False;International Best Track Archive for Climate Stewardship (IBTrACS) - NOAA - https://www.ncdc.noaa.gov/ibtracs/;Philippines
1947275N14142;PAULINE;typhon;;14.0;141.7;7.0;01/10/1947;50000.0;0.3;;False;International Best Track Archive for Climate Stewardship (IBTrACS) - NOAA - https://www.ncdc.noaa.gov/ibtracs/;Guam
1947275N14155;OLIVE;ouragan;;17.9;152.0;5.0;03/10/1947;5000.0;0.3;;False;NOAA Historical Hurricane Tracks - https://coast.noaa.gov/hurricanes/?redirect=301ocm;États-Unis (Hawaï)
1947279N23145;ROSALIND;typhon;;29.6;142.5;7.0;13/10/1947;50000.0;0.3;;False;International Best Track Archive for Climate Stewardship (IBTrACS) - https://www.ncdc.noaa.gov/ibtracs/;Japon
1947286N11152;ALICE;typhon;;26.7;153.2;7.0;20/10/1947;50000.0;0.4;;False;International Best Track Archive for Climate Stewardship (IBTrACS) - NOAA - https://www.ncei.noaa.gov/products/international-best-track-archive;Japon
1947290N15141;BEATRICE;typhon;;25.2;146.7;7.0;20/10/1947;5000.0;0.3;;False;International Best Track Archive for Climate Stewardship (IBTrACS) - https://www.ncdc.noaa.gov/ibtracs/;Japon
1947306N08140;DORA;typhon;;11.1;137.1;7.0;03/11/1947;50000.0;0.3;;False;International Best Track Archive for Climate Stewardship (IBTrACS) - https://www.ncdc.noaa.gov/ibtracs/;Philippines
1947316N09141;FLORA;typhon;;12.1;127.0;7.0;14/11/1947;50000.0;0.4;;False;International Best Track Archive for Climate Stewardship (IBTrACS) - NOAA - https://www.ncei.noaa.gov/products/international-best-track-archive;Philippines
1947321N07145;GLADYS;typhon;;7.3;144.5;7.0;17/11/1947;50000.0;0.3;;False;International Best Track Archive for Climate Stewardship (IBTrACS) - NOAA - https://www.ncdc.noaa.gov/ibtracs/;Philippines
1947326N24136;HANNAH;typhon;;25.2;137.4;7.0;22/11/1947;50000.0;0.3;;False;International Best Track Archive for Climate Stewardship (IBTrACS) - NOAA - https://www.ncei.noaa.gov/products/international-best-track-archive;Japon
1947334N10129;IRENE;typhon;;9.9;129.0;7.0;29/11/1947;50000.0;0.3;;False;International Best Track Archive for Climate Stewardship (IBTrACS) - NOAA - https://www.ncei.noaa.gov/products/international-best-track-archive;Philippines
1947356N08141;JEAN;typhon;;12.7;125.6;7.0;25/12/1947;50000.0;0.4;;False;International Best Track Archive for Climate Stewardship (IBTrACS) - NOAA - https://www.ncdc.noaa.gov/ibtracs/;Philippines
1948011N07147;KAREN;typhon;;16.9;141.1;7.0;18/01/1948;50000.0;0.3;;False;International Best Track Archive for Climate Stewardship (IBTrACS) - NOAA - https://www.ncdc.noaa.gov/ibtracs/;Japon
1948150N12130;MABEL;typhon;;25.0;133.0;7.0;01/06/1948;50000.0;0.3;;False;International Best Track Archive for Climate Stewardship (IBTrACS) - NOAA - https://www.ncei.noaa.gov/products/international-best-track-archive;Japon
1948161N15138;NADINE;typhon;;21.8;133.4;7.0;11/06/1948;50000.0;0.3;;False;International Best Track Archive for Climate Stewardship (IBTrACS) - NOAA - https://www.ncdc.noaa.gov/ibtracs/;Japon
1948183N11145;PEARL;typhon;;14.4;132.2;7.0;03/07/1948;50000.0;0.3;;False;International Best Track Archive for Climate Stewardship (IBTrACS) - NOAA - https://www.ncei.noaa.gov/products/international-best-track-archive;Philippines
1948223N18155;DOLORES;ouragan;;18.1;155.0;7.0;10/08/1948;50000.0;0.3;;False;National Hurricane Center (HURDAT2) - https://www.nhc.noaa.gov/data/;États-Unis (Hawaï)
1948240N14139;GERTRUDE;typhon;;21.4;111.0;7.0;03/09/1948;50000.0;0.4;;False;International Best Track Archive for Climate Stewardship (IBTrACS) - NOAA - https://www.ncdc.noaa.gov/ibtracs/;Chine
1948255N14155;IONE;typhon;;34.0;137.8;7.0;16/09/1948;500000.0;0.6;;False;International Best Track Archive for Climate Stewardship (IBTrACS) - NOAA - https://www.ncdc.noaa.gov/ibtracs/;Japon
1948268N15126;KIT;typhon;;20.4;110.0;7.0;27/09/1948;50000.0;0.4;;False;International Best Track Archive for Climate Stewardship (IBTrACS) - https://www.ncdc.noaa.gov/ibtracs/;Chine
1948273N24144;LIBBY;typhon;;34.6;140.1;7.0;06/10/1948;50000.0;0.6;;False;Japan Meteorological Agency (JMA) - Archives historiques - https://www.jma.go.jp/jma/indexe.html;Japon
1948278N25157;MARTHA;typhon;;29.9;147.3;7.0;07/10/1948;50000.0;0.3;;False;International Best Track Archive for Climate Stewardship (IBTrACS) - NOAA - https://www.ncei.noaa.gov/products/international-best-track-archive;Japon
1948290N15120;OLGA;typhon;;17.8;109.2;7.0;19/10/1948;50000.0;0.4;;False;International Best Track Archive for Climate Stewardship (IBTrACS) - https://www.ncdc.noaa.gov/ibtracs/;Vietnam
1948301N16148;PAT;typhon;;25.7;138.6;7.0;30/10/1948;50000.0;0.3;;False;International Best Track Archive for Climate Stewardship (IBTrACS) - https://www.ncdc.noaa.gov/ibtracs/;Japon
1948318N11152;AGNES;typhon;;28.4;131.4;7.0;18/11/1948;50000.0;0.4;;False;International Best Track Archive for Climate Stewardship (IBTrACS) - NOAA - https://www.ncei.noaa.gov/products/international-best-track-archive;Japon
1949163N07145;DELLA;typhon;;25.4;127.2;7.0;20/06/1949;50000.0;0.4;;False;International Best Track Archive for Climate Stewardship (IBTrACS) - https://www.ncdc.noaa.gov/ibtracs/;Japon
1949181N06140;ELAINE;typhon;;24.0;111.5;7.0;10/07/1949;50000.0;0.4;;False;International Best Track Archive for Climate Stewardship (IBTrACS) - https://www.ncdc.noaa.gov/ibtracs/;Chine
1949199N11139;GLORIA;typhon;;30.4;121.0;7.0;24/07/1949;500000.0;0.6;;False;International Best Track Archive for Climate Stewardship (IBTrACS) - NOAA - https://www.ncei.noaa.gov/products/international-best-track-archive;Chine
1949239N21155;KITTY;typhon;;35.9;139.3;7.0;31/08/1949;500000.0;0.7;;False;Japan Meteorological Agency (JMA) - Archives historiques - https://www.jma.go.jp/jma/indexe.html;Japon
1949243N17145;LISE;typhon;;44.4;155.4;7.0;09/09/1949;50000.0;0.3;;False;International Best Track Archive for Climate Stewardship (IBTrACS) - NOAA - https://www.ncei.noaa.gov/products/international-best-track-archive;Japon
1949245N20152;MADELINE;typhon;;35.2;152.1;7.0;05/09/1949;50000.0;0.4;;False;NOAA Historical Hurricane Tracks - https://coast.noaa.gov/hurricanes/?storm=19-1949;Japon
1949252N17143;NELLY;typhon;;23.9;121.7;7.0;14/09/1949;500000.0;0.4;;False;International Best Track Archive for Climate Stewardship (IBTrACS) - NOAA - https://www.ncei.noaa.gov/products/international-best-track-archive;Taïwan
1949272N07138;OMELIA;typhon;;9.9;134.2;7.0;29/09/1949;50000.0;0.3;;False;International Best Track Archive for Climate Stewardship (IBTrACS) - NOAA - https://www.ncei.noaa.gov/products/international-best-track-archive;Philippines
1949293N12142;PATRICIA;typhon;;25.0;130.2;7.0;26/10/1949;50000.0;0.4;;False;International Best Track Archive for Climate Stewardship (IBTrACS) - NOAA - https://www.ncei.noaa.gov/products/international-best-track-archive;Japon
1949313N06137;RENA;typhon;;19.0;113.7;7.0;14/11/1949;50000.0;0.4;;False;International Best Track Archive for Climate Stewardship (IBTrACS) - https://www.ncdc.noaa.gov/ibtracs/;Chine
1949317N09158;ALLYN;typhon;;23.0;133.2;7.0;22/11/1949;50000.0;0.3;;False;International Best Track Archive for Climate Stewardship (IBTrACS) - https://www.ncdc.noaa.gov/ibtracs/;Japon
1949341N10142;CAMILLA;typhon;;21.2;122.1;7.0;12/12/1949;50000.0;0.4;;False;International Best Track Archive for Climate Stewardship (IBTrACS) - NOAA - https://www.ncdc.noaa.gov/ibtracs/;Philippines
1950126N09151;DORIS;typhon;;25.1;137.3;7.0;12/05/1950;50000.0;0.3;;False;International Best Track Archive for Climate Stewardship (IBTrACS) - NOAA - https://www.ncei.noaa.gov/products/international-best-track-archive;Japon
1950174N19127;ELSIE;typhon;;21.9;126.2;7.0;23/06/1950;50000.0;0.4;;False;International Best Track Archive for Climate Stewardship (IBTrACS) - NOAA - https://www.ncei.noaa.gov/products/international-best-track-archive;Taïwan
1950196N21144;FLOSSIE:GRACE;typhon;;25.8;133.8;7.0;17/07/1950;50000.0;0.4;;False;International Best Track Archive for Climate Stewardship (IBTrACS) - NOAA - https://www.ncdc.noaa.gov/ibtracs/;Japon
1950206N22143;HELENE;typhon;;21.6;142.9;7.0;24/07/1950;50000.0;0.3;;False;NOAA Historical Hurricane Tracks - https://coast.noaa.gov/hurricanes/?storm=1950206N22143;Japon
1950221N19124;IDA;typhon;;21.2;129.5;7.0;10/08/1950;50000.0;0.4;;False;NOAA Historical Hurricane Tracks - https://coast.noaa.gov/hurricanes/?storm=1950221N19124;Japon
1950224N17305;ABLE;ouragan;;34.4;-74.3;5.0;20/08/1950;50000.0;0.7;;False;National Hurricane Center (NHC) - https://www.nhc.noaa.gov/archive/1950/ABLE.shtml;États-Unis
1950231N12306;BAKER;ouragan;;30.2;-88.0;7.0;31/08/1950;50000.0;0.7;;False;National Hurricane Center (NOAA) - https://www.nhc.noaa.gov/data/hurdat/hurdat2-1851-2022-041123.txt;États-Unis
1950234N11334;CHARLIE;ouragan;;40.0;-55.8;7.0;05/09/1950;50000.0;0.7;;False;National Hurricane Center (NHC) - https://www.nhc.noaa.gov/data/hurdat/hurdat2-1851-2022-041123.txt;Canada
1950241N23140;JANE;typhon;;30.6;133.9;7.0;02/09/1950;50000.0;0.4;;False;International Best Track Archive for Climate Stewardship (IBTrACS) - NOAA - https://www.ncdc.noaa.gov/ibtracs/;Japon
1950243N15304;DOG;ouragan;;42.4;-54.6;7.0;14/09/1950;50000.0;0.3;;False;National Hurricane Center (NOAA) - https://www.nhc.noaa.gov/archive/1950/1950DOG.shtml;Canada
1950247N15145;KEZIA;typhon;;33.6;130.9;7.0;13/09/1950;500000.0;0.7;;False;International Best Track Archive for Climate Stewardship (IBTrACS) - NOAA - https://www.ncdc.noaa.gov/ibtracs/;Japon
1950251N16319;FOX;ouragan;;29.1;-59.6;7.0;15/09/1950;50000.0;0.3;;False;National Hurricane Center (NHC) - https://www.nhc.noaa.gov/archive/1950/FOX/;Bermudes
1950255N14153;LUCRETIA:NANCY;typhon;;26.9;136.8;7.0;18/09/1950;50000.0;0.4;;False;International Best Track Archive for Climate Stewardship (IBTrACS) - NOAA - https://www.ncei.noaa.gov/products/international-best-track-archive;Japon
1950256N14137;MISSATHA;typhon;;24.4;133.8;7.0;17/09/1950;50000.0;0.4;;False;International Best Track Archive for Climate Stewardship (IBTrACS) - https://www.ncdc.noaa.gov/ibtracs/;Japon
1950269N05153;OSSIA;typhon;;5.4;153.4;7.0;25/09/1950;50000.0;0.3;;False;International Best Track Archive for Climate Stewardship (IBTrACS) - NOAA - https://www.ncei.noaa.gov/products/international-best-track-archive;Papouasie-Nouvelle-Guinée
1950270N25309;GEORGE;ouragan;;36.5;-66.6;7.0;04/10/1950;50000.0;0.6;;False;National Hurricane Center (HURDAT2) - https://www.nhc.noaa.gov/data/;États-Unis
1950285N22313;JIG;ouragan;;37.5;-53.5;7.0;16/10/1950;5000.0;0.3;;False;NOAA Historical Hurricane Tracks - https://coast.noaa.gov/hurricanes/;Canada
1950291N20146;PETIE;cyclone;;32.6;151.5;7.0;23/10/1950;50000.0;0.4;;False;NOAA Historical Hurricane Tracks - https://coast.noaa.gov/hurricanes/;Japon
1950301N09138;RUBY;typhon;;13.0;135.9;7.0;28/10/1950;50000.0;0.4;;False;International Best Track Archive for Climate Stewardship (IBTrACS) - NOAA - https://www.ncdc.noaa.gov/ibtracs/;Philippines
1950305N12145;CLARA;typhon;;27.3;128.3;7.0;11/11/1950;50000.0;0.4;;False;International Best Track Archive for Climate Stewardship (IBTrACS) - NOAA - https://www.ncei.noaa.gov/products/international-best-track-archive;Japon
1950308N13151;BILLIE;typhon;;27.4;152.3;7.0;08/11/1950;50000.0;0.4;;False;International Best Track Archive for Climate Stewardship (IBTrACS) - NOAA - https://www.ncei.noaa.gov/products/international-best-track-archive;Japon
1950322N06138;DELILAH;typhon;;6.5;138.3;7.0;18/11/1950;50000.0;0.3;;False;International Best Track Archive for Climate Stewardship (IBTrACS) - https://www.ncdc.noaa.gov/ibtracs/;Philippines
1950360N10141;FRAN;typhon;;13.5;113.6;7.0;01/01/1951;50000.0;0.4;;False;International Best Track Archive for Climate Stewardship (IBTrACS) - NOAA - https://www.ncdc.noaa.gov/ibtracs/;Philippines
1951077N06158;GEORGIA;typhon;;7.5;165.5;7.0;19/03/1951;5000.0;0.3;;False;International Best Track Archive for Climate Stewardship (IBTrACS) - https://www.ncdc.noaa.gov/ibtracs/;Îles Marshall
1951119N06145;IRIS;typhon;;23.1;123.1;7.0;08/05/1951;50000.0;0.4;;False;International Best Track Archive for Climate Stewardship (IBTrACS) - NOAA - https://www.ncei.noaa.gov/products/international-best-track-archive;Taïwan
1951124N04167;JOAN;typhon;;29.9;159.0;7.0;14/05/1951;50000.0;0.3;;False;NOAA Historical Hurricane Tracks - https://coast.noaa.gov/hurricanes/?storm=1951124N04167;Japon
1951136N32292;ABLE;ouragan;;32.0;-68.0;5.0;16/05/1951;50000.0;0.6;;False;NOAA Historical Hurricane Tracks - https://coast.noaa.gov/hurricanes/?storm=1951136N32292;Bermudes
1951177N12136;KATE;typhon;;34.5;135.0;7.0;02/07/1951;500000.0;0.7;;False;Japan Meteorological Agency (JMA) - Archives historiques - https://www.data.jma.go.jp/obd/stats/data/bosai/report/1951/19510702/19510702.html;Japon
1951214N21307;BAKER;ouragan;;36.1;-59.4;5.0;05/08/1951;50000.0;0.4;;False;NOAA Historical Hurricane Tracks - https://coast.noaa.gov/hurricanes/;États-Unis
1951223N11148;MARGE;typhon;;36.1;126.5;7.0;23/08/1951;500000.0;0.7;;False;International Best Track Archive for Climate Stewardship (IBTrACS) - NOAA - https://www.ncei.noaa.gov/products/international-best-track-archive;Corée du Sud
1951224N12316;CHARLIE;ouragan;;15.4;-63.6;7.0;16/08/1951;50000.0;0.4;;False;NOAA Historical Hurricane Tracks - https://coast.noaa.gov/hurricanes/?redirect=301ocm;Dominique
1951239N11144;NORA;typhon;;19.5;110.6;7.0;02/09/1951;50000.0;0.4;;False;International Best Track Archive for Climate Stewardship (IBTrACS) - NOAA - https://www.ncdc.noaa.gov/ibtracs/;Chine
1951239N12334;DOG;ouragan;;14.8;-69.4;7.0;03/09/1951;50000.0;0.4;;False;National Hurricane Center (NOAA) - https://www.nhc.noaa.gov/data/hurdat/hurdat2-1851-2022-050423.txt;République dominicaine
1951244N13328;EASY;ouragan;;40.1;-42.8;5.0;13/09/1951;50000.0;0.7;;False;NOAA Historical Hurricane Tracks - https://coast.noaa.gov/hurricanes/;Canada
1951246N13340;FOX;cyclone;;13.9;-30.0;5.0;04/09/1951;50000.0;0.3;;False;NOAA Historical Hurricane Tracks - https://coast.noaa.gov/hurricanes/;Cap-Vert
1951263N08137;PAT;typhon;;14.7;126.6;7.0;23/09/1951;50000.0;0.4;;False;International Best Track Archive for Climate Stewardship (IBTrACS) - NOAA - https://www.ncei.noaa.gov/products/international-best-track-archive;Philippines
1951272N20274;HOW;ouragan;;39.7;-65.4;7.0;06/10/1951;500000.0;0.7;;False;National Hurricane Center (NHC) - https://www.nhc.noaa.gov/archive/1951/HOW.shtml;États-Unis
1951281N11147;RUTH;typhon;;27.8;127.5;7.0;14/10/1951;50000.0;0.4;;False;International Best Track Archive for Climate Stewardship (IBTrACS) - https://www.ncdc.noaa.gov/ibtracs/;Japon
1951295N21152;SARAH;ouragan;;21.0;154.0;7.0;22/10/1951;50000.0;0.4;;False;National Hurricane Center (NHC) - https://www.nhc.noaa.gov/archive/1951/SARAH.shtml (estimation basée sur les archives historiques);États-Unis (Hawaï)
1951300N13155;THELMA;typhon;;13.1;154.5;7.0;26/10/1951;50000.0;0.3;;False;International Best Track Archive for Climate Stewardship (IBTrACS) - NOAA - https://www.ncei.noaa.gov/products/international-best-track-archive;Philippines
1951301N16128;VERA;typhon;;23.6;132.7;7.0;30/10/1951;50000.0;0.4;;False;Japan Meteorological Agency (JMA) - Archives historiques - https://www.data.jma.go.jp/obd/stats/data/bosai/report/1951/19511030/19511030.html;Japon
1951344N09143;BABS;typhon;;18.8;136.1;7.0;15/12/1951;50000.0;0.3;;False;International Best Track Archive for Climate Stewardship (IBTrACS) - NOAA - https://www.ncdc.noaa.gov/ibtracs/;Philippines
1952162N15118;CHARLOTTE;typhon;;31.1;126.2;7.0;17/06/1952;50000.0;0.4;;False;International Best Track Archive for Climate Stewardship (IBTrACS) - NOAA - https://www.ncei.noaa.gov/products/international-best-track-archive;Japon
1952171N12130;DINAH;typhon;;26.0;126.6;7.0;22/06/1952;50000.0;0.6;;False;Japan Meteorological Agency (JMA) - Archives historiques - https://www.jma.go.jp/jma/indexe.html;Japon
1952191N23124;FREDA;typhon;;35.2;131.0;7.0;15/07/1952;500000.0;0.6;;False;International Best Track Archive for Climate Stewardship (IBTrACS) - NOAA - https://www.ncdc.noaa.gov/ibtracs/;Japon
1952206N09134;HARRIET;typhon;;15.1;129.8;7.0;26/07/1952;50000.0;0.3;;False;International Best Track Archive for Climate Stewardship (IBTrACS) - NOAA - https://www.ncei.noaa.gov/products/international-best-track-archive;Philippines
1952215N13131;JEANNE:JEANNIE;typhon;;15.8;133.3;7.0;04/08/1952;50000.0;0.3;;False;International Best Track Archive for Climate Stewardship (IBTrACS) - NOAA - https://www.ncdc.noaa.gov/ibtracs/;Philippines
1952217N15127;IVY;typhon;;19.3;135.0;7.0;06/08/1952;50000.0;0.3;;False;International Best Track Archive for Climate Stewardship (IBTrACS) - NOAA - https://www.ncei.noaa.gov/products/international-best-track-archive;Japon
1952224N14135;KAREN;typhon;;35.6;126.1;7.0;18/08/1952;500000.0;0.6;;False;International Best Track Archive for Climate Stewardship (IBTrACS) - NOAA - https://www.ncei.noaa.gov/products/international-best-track-archive;Corée du Sud
1952241N08137;MARY;typhon;;22.1;119.7;7.0;01/09/1952;50000.0;0.4;;False;International Best Track Archive for Climate Stewardship (IBTrACS) - NOAA - https://www.ncei.noaa.gov/products/international-best-track-archive;Taïwan
1952244N15306;BAKER;ouragan;;36.9;-67.1;5.0;07/09/1952;50000.0;0.7;;False;National Hurricane Center (HURDAT2) - https://www.nhc.noaa.gov/data/;États-Unis
1952245N09139;NONA;typhon;;15.1;126.2;7.0;03/09/1952;50000.0;0.4;;False;International Best Track Archive for Climate Stewardship (IBTrACS) - NOAA - https://www.ncdc.noaa.gov/ibtracs/;Philippines
1952258N18178;OLIVE;typhon;;30.4;155.6;7.0;18/09/1952;5000.0;0.3;;False;International Best Track Archive for Climate Stewardship (IBTrACS) - NOAA - https://www.ncei.noaa.gov/products/international-best-track-archive;Japon
1952268N20291;CHARLIE;ouragan;;33.8;-68.6;7.0;27/09/1952;50000.0;0.7;;False;National Hurricane Center (HURDAT2) - https://www.nhc.noaa.gov/data/;Bermudes
1952269N11157;POLLY;typhon;;30.3;142.0;7.0;30/09/1952;50000.0;0.4;;False;International Best Track Archive for Climate Stewardship (IBTrACS) - https://www.ncdc.noaa.gov/ibtracs/;Japon
1952278N22140;ROSE;typhon;;34.5;146.3;7.0;10/10/1952;50000.0;0.3;;False;NOAA Historical Hurricane Tracks - https://coast.noaa.gov/hurricanes/?storm=1952278N22140;Japon
1952288N10118;SHIRLEY;typhon;;9.8;117.6;7.0;14/10/1952;50000.0;0.4;;False;International Best Track Archive for Climate Stewardship (IBTrACS) - NOAA - https://www.ncdc.noaa.gov/ibtracs/;Philippines
1952303N09149;AGNES;typhon;;26.9;131.2;7.0;05/11/1952;50000.0;0.4;;False;International Best Track Archive for Climate Stewardship (IBTrACS) - NOAA - https://www.ncdc.noaa.gov/ibtracs/;Japon
1952312N08150;BESS;typhon;;15.7;140.6;7.0;09/11/1952;50000.0;0.3;;False;International Best Track Archive for Climate Stewardship (IBTrACS) - https://www.ncdc.noaa.gov/ibtracs/;Philippines
1952320N30131;BESS;typhon;;29.6;131.1;7.0;15/11/1952;50000.0;0.4;;False;International Best Track Archive for Climate Stewardship (IBTrACS) - NOAA - https://www.ncei.noaa.gov/products/international-best-track-archive;Japon
1952321N10146;CARMEN;typhon;;12.5;141.7;7.0;16/11/1952;50000.0;0.3;;False;International Best Track Archive for Climate Stewardship (IBTrACS) - NOAA - https://www.ncei.noaa.gov/products/international-best-track-archive;Philippines
1952326N07144;DELLA;typhon;;6.7;144.4;7.0;20/11/1952;50000.0;0.3;;False;International Best Track Archive for Climate Stewardship (IBTrACS) - https://www.ncdc.noaa.gov/ibtracs/;Philippines
1952348N08129;FAYE;typhon;;7.5;129.0;7.0;13/12/1952;50000.0;0.3;;False;International Best Track Archive for Climate Stewardship (IBTrACS) - https://www.ncdc.noaa.gov/ibtracs/;Philippines
1952352N07147;GLORIA;typhon;;13.9;107.0;7.0;25/12/1952;50000.0;0.4;;False;International Best Track Archive for Climate Stewardship (IBTrACS) - NOAA - https://www.ncei.noaa.gov/products/international-best-track-archive;Vietnam
1952363N06171;HESTER;typhon;;8.9;163.9;7.0;29/12/1952;50000.0;0.4;;False;International Best Track Archive for Climate Stewardship (IBTrACS) - NOAA - https://www.ncei.noaa.gov/products/international-best-track-archive;Philippines
1953049N07167;IRMA;typhon;;11.2;123.7;7.0;25/02/1953;50000.0;0.4;;False;International Best Track Archive for Climate Stewardship (IBTrACS) - NOAA - https://www.ncei.noaa.gov/products/international-best-track-archive;Philippines
1953148N08150;JUDY;typhon;;25.6;123.9;7.0;06/06/1953;50000.0;0.4;;False;International Best Track Archive for Climate Stewardship (IBTrACS) - NOAA - https://www.ncei.noaa.gov/products/international-best-track-archive;Japon
1953176N05150;KIT;typhon;;36.5;122.4;7.0;06/07/1953;50000.0;0.6;;False;International Best Track Archive for Climate Stewardship (IBTrACS) - NOAA - https://www.ncei.noaa.gov/products/international-best-track-archive;Japon
1953205N17158;LOLA;typhon;;39.5;145.3;7.0;02/08/1953;50000.0;0.4;;False;Japan Meteorological Agency (JMA) Archives - https://www.data.jma.go.jp/obd/stats/data/bosai/report/1953/19530802/19530802.html;Japon
1953211N19130;MAMIE;typhon;;44.5;146.0;7.0;10/08/1953;50000.0;0.3;;False;Japan Meteorological Agency (JMA) - Archives historiques - https://www.jma.go.jp/jma/indexe.html;Japon
1953219N08155;NINA;ouragan;;33.7;117.5;7.0;18/08/1953;500000.0;0.8;;False;National Hurricane Center (NHC) - https://www.nhc.noaa.gov/archive/1953/NINA/;États-Unis
1953223N23286;BARBARA;ouragan;;38.7;-73.0;7.0;15/08/1953;500000.0;0.7;;False;National Hurricane Center (NHC) - https://www.nhc.noaa.gov/archive/1953/ (données historiques reconstituées);États-Unis
1953227N09147;PHYLLIS;typhon;;29.1;115.8;7.0;21/08/1953;500000.0;0.6;;False;International Best Track Archive for Climate Stewardship (IBTrACS) - NOAA - https://www.ncei.noaa.gov/products/international-best-track-archive;Chine
1953231N32116;NINA;typhon;;37.7;140.0;7.0;24/08/1953;500000.0;0.6;;False;Japan Meteorological Agency (JMA) - Archives historiques - https://www.jma.go.jp/jma/indexe.html;Japon
1953235N10162;RITA;typhon;;19.5;141.2;7.0;28/08/1953;5000.0;0.3;;False;NOAA Historical Hurricane Tracks - https://coast.noaa.gov/hurricanes/?redirect=301ocm;Japon
1953240N14340;CAROL;ouragan;;36.0;-70.3;7.0;06/09/1953;50000.0;0.7;;False;National Hurricane Center (NOAA) - https://www.nhc.noaa.gov/archive/1953/CAROL.shtml;États-Unis
1953251N18295;DOLLY;ouragan;;32.3;-64.8;5.0;12/09/1953;50000.0;0.7;;False;National Hurricane Center (NHC) - https://www.nhc.noaa.gov/data/hurdat/hurdat2-1851-2022-050423.txt;Bermudes
1953258N19296;EDNA;ouragan;;30.7;-67.6;7.0;17/09/1953;50000.0;0.6;;False;National Hurricane Center (HURDAT2) - https://www.nhc.noaa.gov/data/;Bermudes
1953260N07153;TESS;typhon;;31.6;134.8;7.0;25/09/1953;50000.0;0.4;;False;International Best Track Archive for Climate Stewardship (IBTrACS) - https://www.ncdc.noaa.gov/ibtracs/;Japon
1953267N15282;FLORENCE;ouragan;;15.0;-78.0;7.0;23/09/1953;50000.0;0.4;;False;National Hurricane Center (NOAA) - https://www.nhc.noaa.gov/archive/1953/FLORENCE.shtml;États-Unis
1953274N16113;VIOLA;typhon;;21.5;119.0;7.0;03/10/1953;50000.0;0.4;;False;International Best Track Archive for Climate Stewardship (IBTrACS) - NOAA - https://www.ncei.noaa.gov/products/international-best-track-archive;Taïwan
1953279N14160;WINNIE;typhon;;29.4;157.4;7.0;09/10/1953;5000.0;0.3;;False;International Best Track Archive for Climate Stewardship (IBTrACS) - https://www.ncdc.noaa.gov/ibtracs/;Japon
1953280N21274;HAZEL;ouragan;;27.1;-81.4;7.0;09/10/1953;50000.0;0.7;;False;National Hurricane Center (NHC) - https://www.nhc.noaa.gov/data/hurdat/hurdat2-1851-2022-050423.txt;États-Unis
1953285N09161;ALICE;typhon;;21.6;143.5;7.0;18/10/1953;50000.0;0.3;;False;International Best Track Archive for Climate Stewardship (IBTrACS) - https://www.ncdc.noaa.gov/ibtracs/;Japon
1953299N09138;BETTY;typhon;;9.2;134.7;7.0;26/10/1953;50000.0;0.3;;False;International Best Track Archive for Climate Stewardship (IBTrACS) - NOAA - https://www.ncei.noaa.gov/products/international-best-track-archive;Philippines
1953313N06155;CORA;typhon;;18.4;124.4;7.0;20/11/1953;50000.0;0.4;;False;International Best Track Archive for Climate Stewardship (IBTrACS) - NOAA - https://www.ncei.noaa.gov/products/international-best-track-archive;Philippines
1953343N06170;DORIS;typhon;;24.5;147.0;7.0;20/12/1953;50000.0;0.3;;False;International Best Track Archive for Climate Stewardship (IBTrACS) - https://www.ncdc.noaa.gov/ibtracs/;Japon
1954185N07145;FLOSSIE;typhon;;24.9;125.8;7.0;10/07/1954;50000.0;0.6;;False;International Best Track Archive for Climate Stewardship (IBTrACS) - https://www.ncdc.noaa.gov/ibtracs/;Japon
1954223N22138;GRACE;typhon;;39.5;147.7;7.0;20/08/1954;50000.0;0.3;;False;Japan Meteorological Agency (JMA) - Archives historiques - https://www.jma.go.jp/jma/indexe.html;Japon
1954231N38137;GRACE;typhon;;37.7;136.6;7.0;19/08/1954;50000.0;0.4;;False;Japan Meteorological Agency (JMA) - Archives historiques - https://www.jma.go.jp/jma/indexe.html;Japon
1954238N24285;CAROL;ouragan;;34.2;-76.1;8.0;31/08/1954;500000.0;0.7;;False;National Hurricane Center (NOAA) - https://www.nhc.noaa.gov/archive/1954/CAROL.shtml;États-Unis
1954240N13151;KATHY;typhon;;34.6;131.8;7.0;07/09/1954;500000.0;0.6;;False;Japan Meteorological Agency (JMA) - Archives historiques - https://www.data.jma.go.jp/obd/stats/data/bosai/report/1954/19540907/19540907.html;Japon
1954244N21291;DOLLY;ouragan;;21.3;-69.0;5.0;31/08/1954;50000.0;0.6;;False;National Hurricane Center (NHC) - https://www.nhc.noaa.gov/data/hurdat/hurdat2-1851-2021-041923.txt;République dominicaine
1954247N19152;JUNE;typhon;;33.1;131.1;7.0;13/09/1954;500000.0;0.6;;False;Japan Meteorological Agency (JMA) - Archives historiques - https://www.data.jma.go.jp/obd/stats/data/bosai/report/1954/19540913/19540913.html;Japon
1954248N20295;EDNA;ouragan;;34.9;-74.3;7.0;11/09/1954;50000.0;0.7;;False;National Hurricane Center (HURDAT2) - https://www.nhc.noaa.gov/data/;États-Unis
1954253N18157;LORNA;typhon;;34.3;138.5;7.0;18/09/1954;50000.0;0.6;;False;Japan Meteorological Agency (JMA) - Archives historiques - https://www.jma.go.jp/jma/indexe.html;Japon
1954261N11150;MARIE;typhon;;25.8;125.7;7.0;25/09/1954;50000.0;0.4;;False;International Best Track Archive for Climate Stewardship (IBTrACS) - NOAA - https://www.ncei.noaa.gov/products/international-best-track-archive;Japon
1954273N16146;NANCY;typhon;;18.6;104.1;7.0;12/10/1954;500000.0;0.4;;False;International Best Track Archive for Climate Stewardship (IBTrACS) - NOAA - https://www.ncdc.noaa.gov/ibtracs/;Vietnam
1954278N12302;HAZEL;ouragan;;26.1;-75.1;9.0;14/10/1954;500000.0;0.6;;False;National Hurricane Center (NOAA) - https://www.nhc.noaa.gov/archive/1954/HAZEL.shtml;États-Unis (Caroline du Nord, Caroline du Sud) et Haïti
1954285N14160;OLGA;typhon;;34.0;157.9;7.0;17/10/1954;50000.0;0.4;;False;International Best Track Archive for Climate Stewardship (IBTrACS) - NOAA - https://www.ncei.noaa.gov/products/international-best-track-archive;Japon
1954300N10141;PAMELA;typhon;;24.4;109.8;7.0;07/11/1954;50000.0;0.4;;False;International Best Track Archive for Climate Stewardship (IBTrACS) - https://www.ncdc.noaa.gov/ibtracs/;Mexique
1954314N11152;SALLY;typhon;;20.2;129.9;7.0;20/11/1954;50000.0;0.3;;False;International Best Track Archive for Climate Stewardship (IBTrACS) - NOAA - https://www.ncei.noaa.gov/products/international-best-track-archive;Philippines
1954326N12157;TILDA;typhon;;11.9;139.6;7.0;27/11/1954;50000.0;0.3;;False;International Best Track Archive for Climate Stewardship (IBTrACS) - https://www.ncdc.noaa.gov/ibtracs/;Philippines
1955107N07139;ANITA;typhon;;29.9;137.4;7.0;29/04/1955;50000.0;0.3;;False;Japan Meteorological Agency (JMA) - Archives historiques - https://www.jma.go.jp/jma/indexe.html;Japon
1955153N18115;BILLIE;typhon;;25.2;112.6;7.0;06/06/1955;500000.0;0.4;;False;International Best Track Archive for Climate Stewardship (IBTrACS) - NOAA - https://www.ncdc.noaa.gov/ibtracs/;Chine
1955194N18138;DOT;typhon;;30.7;134.0;7.0;16/07/1955;50000.0;0.4;;False;International Best Track Archive for Climate Stewardship (IBTrACS) - NOAA - https://www.ncei.noaa.gov/products/international-best-track-archive;Japon
1955196N23153;ELLEN;typhon;;38.1;147.1;7.0;23/07/1955;50000.0;0.3;;False;Japan Meteorological Agency (JMA) - Archives historiques - https://www.jma.go.jp/jma/indexe.html;Japon
1955199N20131;FRAN;typhon;;23.4;135.6;7.0;19/07/1955;50000.0;0.3;;False;International Best Track Archive for Climate Stewardship (IBTrACS) - NOAA - https://www.ncdc.noaa.gov/ibtracs/;Japon
1955204N11153;GEORGIA;typhon;;31.8;127.9;7.0;29/07/1955;50000.0;0.4;;False;International Best Track Archive for Climate Stewardship (IBTrACS) - https://www.ncdc.noaa.gov/ibtracs/;Japon
1955215N12139;HOPE;typhon;;15.0;137.1;7.0;03/08/1955;50000.0;0.3;;False;International Best Track Archive for Climate Stewardship (IBTrACS) - NOAA - https://www.ncei.noaa.gov/products/international-best-track-archive;Philippines
1955215N15320;CONNIE;ouragan;;15.3;-40.0;7.0;03/08/1955;50000.0;0.3;;False;National Hurricane Center (NHC) - https://www.nhc.noaa.gov/archive/1955/;Cap-Vert
1955219N16319;DIANE;ouragan;;41.2;-67.5;7.0;20/08/1955;50000.0;0.7;;False;National Hurricane Center (NOAA) - https://www.nhc.noaa.gov/archive/1955/DIANE/;États-Unis
1955232N09137;IRIS;typhon;;10.4;135.5;7.0;19/08/1955;50000.0;0.4;;False;International Best Track Archive for Climate Stewardship (IBTrACS) - NOAA - https://www.ncei.noaa.gov/products/international-best-track-archive;Philippines
1955234N11318;EDITH;ouragan;;36.5;-58.1;5.0;30/08/1955;50000.0;0.7;;False;NOAA Historical Hurricane Tracks - https://coast.noaa.gov/hurricanes/?redirect=301ocm;États-Unis
1955241N17144;JOAN;typhon;;32.8;145.6;7.0;02/09/1955;50000.0;0.3;;False;NOAA Historical Hurricane Tracks - https://coast.noaa.gov/hurricanes/?storm=19-1955;Japon
1955245N19329;FLORA;ouragan;;23.7;-46.6;7.0;04/09/1955;50000.0;0.3;;False;National Hurricane Center (NHC) - https://www.nhc.noaa.gov/data/hurdat/hurdat2-1851-2022-050423.txt;Antilles (principalement Haïti et Cuba)
1955253N14319;IONE;ouragan;;37.5;-73.3;7.0;20/09/1955;50000.0;0.7;;False;National Hurricane Center (NOAA) - https://www.nhc.noaa.gov/archive/1955/IONE/;États-Unis
1955259N10153;KATE;typhon;;19.7;105.2;7.0;26/09/1955;500000.0;0.4;;False;International Best Track Archive for Climate Stewardship (IBTrACS) - NOAA - https://www.ncei.noaa.gov/products/international-best-track-archive;Vietnam
1955263N13150;LOUISE;typhon;;33.5;131.0;7.0;29/09/1955;500000.0;0.6;;False;International Best Track Archive for Climate Stewardship (IBTrACS) - NOAA - https://www.ncdc.noaa.gov/ibtracs/;Japon
1955265N13307;JANET;ouragan;;17.3;-83.0;8.0;27/09/1955;50000.0;0.4;;False;National Hurricane Center (NHC) - https://www.nhc.noaa.gov/data/hurdat/hurdat2-1851-2022-050423.txt;Belize
1955271N12145;MARGE;typhon;;35.1;132.6;7.0;04/10/1955;50000.0;0.6;;False;Japan Meteorological Agency (JMA) - Archives historiques - https://www.data.jma.go.jp/obd/stats/data/bosai/report/1955/19550410/19550410.html;Japon
1955277N16134;NORA;typhon;;33.0;138.6;7.0;11/10/1955;50000.0;0.6;;False;Japan Meteorological Agency (JMA) - Archives historiques - https://www.data.jma.go.jp/obd/stats/data/bosai/report/1955/19551011/19551011.html;Japon
1955288N13281;KATIE;ouragan;;24.7;-68.3;7.0;18/10/1955;50000.0;0.7;;False;National Hurricane Center (NHC) - https://www.nhc.noaa.gov/archive/1955/;Bahamas
1955289N19128;OPAL;typhon;;28.6;130.7;7.0;19/10/1955;50000.0;0.4;;False;International Best Track Archive for Climate Stewardship (IBTrACS) - NOAA - https://www.ncei.noaa.gov/products/international-best-track-archive;Japon
1955329N10129;PATSY;typhon;;18.4;127.8;7.0;01/12/1955;50000.0;0.4;;False;International Best Track Archive for Climate Stewardship (IBTrACS) - NOAA - https://www.ncei.noaa.gov/products/international-best-track-archive;Philippines
1955346N06142;RUTH;typhon;;8.0;139.2;7.0;12/12/1955;50000.0;0.3;;False;International Best Track Archive for Climate Stewardship (IBTrACS) - https://www.ncdc.noaa.gov/ibtracs/;Philippines
1956107N06147;THELMA;typhon;;26.6;126.7;7.0;24/04/1956;50000.0;0.4;;False;International Best Track Archive for Climate Stewardship (IBTrACS) - https://www.ncdc.noaa.gov/ibtracs/;Japon
1956187N12126;VERA;typhon;;15.3;117.7;8.0;06/07/1956;500000.0;0.4;;False;International Best Track Archive for Climate Stewardship (IBTrACS) - NOAA - https://www.ncei.noaa.gov/products/international-best-track-archive;Philippines
1956215N23146;AMY;typhon;;22.1;143.5;7.0;02/08/1956;50000.0;0.3;;False;International Best Track Archive for Climate Stewardship (IBTrACS) - https://www.ncdc.noaa.gov/ibtracs/;Japon
1956222N13313;BETSY;ouragan;;38.8;-67.6;5.0;17/08/1956;50000.0;0.7;;False;National Hurricane Center (NHC) - https://www.nhc.noaa.gov/data/hurdat/hurdat2-1851-2022-041123.txt;États-Unis
1956223N16126;BABS;typhon;;33.9;129.9;7.0;16/08/1956;500000.0;0.6;;False;International Best Track Archive for Climate Stewardship (IBTrACS) - NOAA - https://www.ncdc.noaa.gov/ibtracs/;Japon
1956238N14143;CHARLOTTE;typhon;;18.3;137.2;7.0;26/08/1956;50000.0;0.3;;False;International Best Track Archive for Climate Stewardship (IBTrACS) - https://www.ncdc.noaa.gov/ibtracs/;Japon
1956242N16132;DINAH;typhon;;32.1;118.5;7.0;04/09/1956;500000.0;0.6;;False;International Best Track Archive for Climate Stewardship (IBTrACS) - https://www.ncdc.noaa.gov/ibtracs/;Chine
1956245N24140;EMMA;typhon;;32.8;128.3;7.0;09/09/1956;500000.0;0.6;;False;International Best Track Archive for Climate Stewardship (IBTrACS) - NOAA - https://www.ncei.noaa.gov/products/international-best-track-archive;Japon
1956251N25285;CARLA;ouragan;;32.8;-68.2;8.0;09/09/1956;500000.0;0.7;;False;National Hurricane Center (NHC) - https://www.nhc.noaa.gov/archive/1956/CARLA/;États-Unis
1956257N18131;FREDA;typhon;;33.6;125.9;7.0;21/09/1956;500000.0;0.6;;False;International Best Track Archive for Climate Stewardship (IBTrACS) - https://www.ncdc.noaa.gov/ibtracs/;Japon
1956261N12129;GILDA;typhon;;28.1;118.2;7.0;24/09/1956;500000.0;0.6;;False;International Best Track Archive for Climate Stewardship (IBTrACS) - https://www.ncdc.noaa.gov/ibtracs/;Chine
1956263N15142;HARRIET;typhon;;28.8;130.1;7.0;26/09/1956;50000.0;0.4;;False;International Best Track Archive for Climate Stewardship (IBTrACS) - NOAA - https://www.ncdc.noaa.gov/ibtracs/;Japon
1956265N18274;FLOSSY;ouragan;;40.3;-67.5;5.0;29/09/1956;50000.0;0.7;;False;National Hurricane Center (NHC) - https://www.nhc.noaa.gov/data/hurdat/hurdat2-1851-2022-041923.txt;États-Unis
1956267N26141;IVY;typhon;;32.0;143.3;7.0;27/09/1956;50000.0;0.4;;False;International Best Track Archive for Climate Stewardship (IBTrACS) - NOAA - https://www.ncei.noaa.gov/products/international-best-track-archive;Japon
1956288N11132;JEAN;typhon;;18.3;111.8;7.0;25/10/1956;50000.0;0.4;;False;International Best Track Archive for Climate Stewardship (IBTrACS) - NOAA - https://www.ncdc.noaa.gov/ibtracs/;Chine
1956305N20285;GRETA;ouragan;;22.7;-64.9;7.0;05/11/1956;50000.0;0.4;;False;NOAA Historical Hurricane Tracks - https://coast.noaa.gov/hurricanes/?redirect=301ocm;Bahamas
1956314N08153;KAREN:LUCILLE;typhon;;14.6;137.8;7.0;13/11/1956;50000.0;0.3;;False;International Best Track Archive for Climate Stewardship (IBTrACS) - NOAA - https://www.ncei.noaa.gov/products/international-best-track-archive;Philippines
1957021N03152;ROSE;typhon;;25.3;136.7;7.0;29/01/1957;50000.0;0.3;;False;International Best Track Archive for Climate Stewardship (IBTrACS) - NOAA - https://www.ncdc.noaa.gov/ibtracs/;Japon
1957122N03154;TRIX;typhon;;28.5;166.3;7.0;15/05/1957;50000.0;0.3;;False;International Best Track Archive for Climate Stewardship (IBTrACS) - NOAA - https://www.ncei.noaa.gov/products/international-best-track-archive;Japon
1957168N05156;VIRGINIA;typhon;;11.4;147.4;7.0;19/06/1957;50000.0;0.3;;False;International Best Track Archive for Climate Stewardship (IBTrACS) - https://www.ncdc.noaa.gov/ibtracs/;Philippines
1957176N21267;AUDREY;ouragan;;33.3;-91.2;8.0;28/06/1957;100000.0;0.6;;False;National Hurricane Center (NHC) - https://www.nhc.noaa.gov/data/hurdat/hurdat2-1851-2022-041123.txt;États-Unis
1957192N07141;WENDY;typhon;;7.5;140.5;7.0;10/07/1957;50000.0;0.3;;False;International Best Track Archive for Climate Stewardship (IBTrACS) - NOAA - https://www.ncdc.noaa.gov/ibtracs/;Philippines
1957196N12252;KANOA;ouragan;;19.5;-151.8;5.0;25/07/1957;5000.0;0.3;;False;National Hurricane Center (HURDAT2) - https://www.nhc.noaa.gov/data/;États-Unis (Hawaï)
1957223N08145;AGNES;typhon;;33.6;127.9;7.0;20/08/1957;500000.0;0.6;;False;International Best Track Archive for Climate Stewardship (IBTrACS) - NOAA - https://www.ncei.noaa.gov/products/international-best-track-archive;Corée du Sud
1957238N14153;BESS;typhon;;33.7;133.2;7.0;07/09/1957;500000.0;0.6;;False;Japan Meteorological Agency (JMA) - Archives historiques - https://www.jma.go.jp/jma/indexe.html | NOAA Historical Hurricane Tracks - https://coast.noaa.gov/hurricanes/;Japon
1957244N15210;DELLA;typhon;;31.8;156.3;7.0;15/09/1957;50000.0;0.3;;False;International Best Track Archive for Climate Stewardship (IBTrACS) - NOAA - https://www.ncei.noaa.gov/products/international-best-track-archive;Japon
1957245N13339;CARRIE;ouragan;;35.2;-36.9;7.0;21/09/1957;50000.0;0.3;;False;NOAA Historical Hurricane Tracks - https://coast.noaa.gov/hurricanes/?redirect=301ocm;Açores (Portugal)
1957258N17147;ELAINE;typhon;;26.7;140.3;7.0;17/09/1957;50000.0;0.3;;False;International Best Track Archive for Climate Stewardship (IBTrACS) - https://www.ncdc.noaa.gov/ibtracs/;Japon
1957261N10147;FAYE;typhon;;26.6;127.7;7.0;26/09/1957;50000.0;0.6;;False;International Best Track Archive for Climate Stewardship (IBTrACS) - https://www.ncdc.noaa.gov/ibtracs/;Japon
1957264N32294;FRIEDA;ouragan;;33.8;-67.6;7.0;25/09/1957;50000.0;0.7;;False;National Hurricane Center (NOAA) - https://www.nhc.noaa.gov/data/hurdat/hurdat2-1851-2022-050423.txt;Bermudes
1957276N09151;HESTER;typhon;;23.6;142.2;7.0;08/10/1957;50000.0;0.3;;False;International Best Track Archive for Climate Stewardship (IBTrACS) - https://www.ncdc.noaa.gov/ibtracs/;Japon
1957291N14155;JUDY;typhon;;23.7;134.0;7.0;24/10/1957;50000.0;0.3;;False;International Best Track Archive for Climate Stewardship (IBTrACS) - NOAA - https://www.ncei.noaa.gov/products/international-best-track-archive;Japon
1957309N11161;KIT;typhon;;8.9;150.4;7.0;07/11/1957;50000.0;0.3;;False;International Best Track Archive for Climate Stewardship (IBTrACS) - https://www.ncdc.noaa.gov/ibtracs/;Micronésie (États fédérés de Micronésie)
1957311N06171;LOLA;typhon;;22.0;137.8;7.0;18/11/1957;50000.0;0.3;;False;International Best Track Archive for Climate Stewardship (IBTrACS) - NOAA - https://www.ncei.noaa.gov/products/international-best-track-archive;Japon
1957321N06172;MAMIE;typhon;;8.7;166.5;7.0;18/11/1957;50000.0;0.3;;False;International Best Track Archive for Climate Stewardship (IBTrACS) - NOAA - https://www.ncdc.noaa.gov/ibtracs/;Îles Marshall
1958143N06158;PHYLLIS;typhon;;19.8;144.3;7.0;31/05/1958;5000.0;0.3;;False;International Best Track Archive for Climate Stewardship (IBTrACS) - NOAA - https://www.ncdc.noaa.gov/ibtracs/;Îles Mariannes du Nord (États-Unis)
1958164N12146;SUSAN;typhon;;25.7;143.2;7.0;16/06/1958;5000.0;0.3;;False;International Best Track Archive for Climate Stewardship (IBTrACS) - NOAA - https://www.ncdc.noaa.gov/ibtracs/;Japon
1958179N04158;TESS;typhon;;5.7;156.0;7.0;28/06/1958;50000.0;0.3;;False;International Best Track Archive for Climate Stewardship (IBTrACS) - NOAA - https://www.ncei.noaa.gov/products/international-best-track-archive;Papouasie-Nouvelle-Guinée
1958189N11149;VIOLA;typhon;;31.4;148.4;7.0;13/07/1958;50000.0;0.3;;False;International Best Track Archive for Climate Stewardship (IBTrACS) - https://www.ncdc.noaa.gov/ibtracs/;Japon
1958194N05146;ALICE;typhon;;33.6;137.7;7.0;22/07/1958;500000.0;0.6;;False;International Best Track Archive for Climate Stewardship (IBTrACS) - NOAA - https://www.ncei.noaa.gov/products/international-best-track-archive;Japon
1958203N09160;DORIS;typhon;;18.9;144.7;7.0;25/07/1958;50000.0;0.3;;False;International Best Track Archive for Climate Stewardship (IBTrACS) - NOAA - https://www.ncei.noaa.gov/products/international-best-track-archive;Îles Mariannes du Nord (États-Unis)
1958217N23152;ELSIE;typhon;;30.6;159.7;7.0;07/08/1958;5000.0;0.3;;False;International Best Track Archive for Climate Stewardship (IBTrACS) - https://www.ncdc.noaa.gov/ibtracs/;Japon
1958221N17340;BECKY;ouragan;;17.5;-36.8;5.0;10/08/1958;5000.0;0.3;;False;NOAA Historical Hurricane Tracks - https://coast.noaa.gov/hurricanes/?redirect=301ocm;Cap-Vert
1958223N12340;CLEO;cyclone;;12.0;-20.5;7.0;11/08/1958;50000.0;0.3;;False;NOAA Historical Hurricane Tracks - https://coast.noaa.gov/hurricanes/?storm=1958223N12340;Cap-Vert
1958232N12139;FLOSSIE;typhon;;35.7;137.1;7.0;25/08/1958;500000.0;0.7;;False;International Best Track Archive for Climate Stewardship (IBTrACS) - https://www.ncdc.noaa.gov/ibtracs/;Japon
1958236N25287;DAISY;ouragan;;37.1;-73.4;5.0;29/08/1958;50000.0;0.7;;False;National Hurricane Center (NOAA) - https://www.nhc.noaa.gov/data/hurdat/hurdat2-1851-2022-041923.txt;États-Unis
1958240N08146;GRACE;typhon;;28.9;119.6;7.0;04/09/1958;50000.0;0.4;;False;International Best Track Archive for Climate Stewardship (IBTrACS) - https://www.ncdc.noaa.gov/ibtracs/;Chine
1958242N13302;ELLA;ouragan;;12.5;-58.0;5.0;30/08/1958;50000.0;0.6;;False;NOAA Historical Hurricane Tracks - https://coast.noaa.gov/hurricanes/?redirect=301ocm;Barbade
1958248N10315;FIFI;ouragan;;11.4;-48.5;7.0;05/09/1958;50000.0;0.4;;False;National Hurricane Center (HURDAT2) - https://www.nhc.noaa.gov/data/;Haïti
1958251N10142;HELEN;typhon;;32.5;136.5;7.0;17/09/1958;50000.0;0.4;;False;International Best Track Archive for Climate Stewardship (IBTrACS) - NOAA - https://www.ncei.noaa.gov/products/international-best-track-archive;Japon
1958257N17293;GERDA;ouragan;;17.4;-67.5;7.0;14/09/1958;50000.0;0.6;;False;National Hurricane Center (HURDAT2) - https://www.nhc.noaa.gov/data/;Porto Rico
1958263N13148;IDA;typhon;;25.6;135.4;7.0;25/09/1958;50000.0;0.3;;False;NOAA Historical Hurricane Tracks - https://coast.noaa.gov/hurricanes/?storm=1958263N13148;Japon
1958263N20176;JUNE;typhon;;27.2;176.2;7.0;21/09/1958;5000.0;0.3;;False;NOAA Historical Hurricane Tracks - https://coast.noaa.gov/hurricanes/?storm=1958263N20176;Îles Midway (États-Unis)
1958263N21176;JUNE;cyclone;;20.9;176.1;5.0;20/09/1958;5000.0;0.3;;False;NOAA Historical Hurricane Tracks - https://coast.noaa.gov/hurricanes/?redirect=301ocm;Fidji
1958264N17308;HELENE;ouragan;;17.0;-52.0;7.0;21/09/1958;50000.0;0.3;;False;National Hurricane Center (NHC) - https://www.nhc.noaa.gov/archive/1958/HELENE.shtml;Antigua-et-Barbuda
1958267N18309;ILSA;ouragan;;31.0;-61.0;7.0;29/09/1958;50000.0;0.6;;False;NOAA Historical Hurricane Tracks - https://coast.noaa.gov/hurricanes/?redirect=301ocm;Bermudes
1958278N19279;JANICE;ouragan;;36.0;-63.9;7.0;10/10/1958;50000.0;0.7;;False;NOAA Historical Hurricane Tracks - https://coast.noaa.gov/hurricanes/;Bermudes
1958295N10149;LORNA;typhon;;30.6;144.3;5.0;03/11/1958;5000.0;0.3;;False;International Best Track Archive for Climate Stewardship (IBTrACS) - https://www.ncdc.noaa.gov/ibtracs/;Japon
1958297N12161;MARIE;typhon;;26.4;147.2;7.0;01/11/1958;5000.0;0.3;;False;International Best Track Archive for Climate Stewardship (IBTrACS) - https://www.ncdc.noaa.gov/ibtracs/;Japon
1958335N05170;OLGA;typhon;;7.0;167.0;7.0;01/12/1958;50000.0;0.3;;False;International Best Track Archive for Climate Stewardship (IBTrACS) - NOAA - https://www.ncei.noaa.gov/products/international-best-track-archive;Îles Marshall
1959004S14124;BERTHA;cyclone;;-14.6;124.6;7.0;04/01/1959;50000.0;0.3;;False;International Best Track Archive for Climate Stewardship (IBTrACS) - NOAA - https://www.ncdc.noaa.gov/ibtracs/;Australie
1959015S14168;BEATRICE;cyclone;;-16.8;164.1;7.0;17/01/1959;50000.0;0.4;;False;International Best Track Archive for Climate Stewardship (IBTrACS) - NOAA - https://www.ncdc.noaa.gov/ibtracs/;Vanuatu
1959042S17157;CONNIE;cyclone;;-16.9;157.1;7.0;11/02/1959;50000.0;0.4;;False;International Best Track Archive for Climate Stewardship (IBTrACS) - NOAA - https://www.ncei.noaa.gov/products/international-best-track-archive;Îles Salomon
1959104N05149;TILDA;typhon;;24.4;139.5;7.0;23/04/1959;50000.0;0.3;;False;International Best Track Archive for Climate Stewardship (IBTrACS) - https://www.ncdc.noaa.gov/ibtracs/;Japon
1959148N23274;ARLENE;ouragan;;32.9;-85.0;4.0;02/06/1959;50000.0;0.7;;False;National Hurricane Center (NHC) - https://www.nhc.noaa.gov/data/hurdat/hurdat2-1851-2022-042723.txt;États-Unis
1959185N16118;WILDA;typhon;;24.5;116.4;7.0;06/07/1959;500000.0;0.4;;False;International Best Track Archive for Climate Stewardship (IBTrACS) - NOAA - https://www.ncei.noaa.gov/products/international-best-track-archive;Chine
1959186N32281;CINDY;ouragan;;38.7;-73.7;5.0;11/07/1959;500000.0;0.7;;False;National Hurricane Center (NHC) - https://www.nhc.noaa.gov/archive/1959/CINDY.shtml;États-Unis
1959190N08145;BILLIE;typhon;;31.5;121.6;7.0;16/07/1959;500000.0;0.6;;False;International Best Track Archive for Climate Stewardship (IBTrACS) - NOAA - https://www.ncei.noaa.gov/products/international-best-track-archive;Chine
1959211N21148;ELLEN;typhon;;36.2;142.3;7.0;09/08/1959;50000.0;0.6;;False;Japan Meteorological Agency (JMA) - Archives historiques - https://www.data.jma.go.jp/obd/stats/data/bosai/report/1959/19590908/19590908.html;Japon
1959222N15153;GEORGIA;typhon;;23.8;143.2;7.0;12/08/1959;5000.0;0.3;;False;International Best Track Archive for Climate Stewardship (IBTrACS) - NOAA - https://www.ncdc.noaa.gov/ibtracs/;Japon
1959226N16140;HOPE;typhon;;17.1;129.7;7.0;16/08/1959;50000.0;0.4;;False;International Best Track Archive for Climate Stewardship (IBTrACS) - NOAA - https://www.ncdc.noaa.gov/ibtracs/;Philippines
1959230N14302;EDITH;ouragan;;14.3;-57.9;7.0;18/08/1959;50000.0;0.4;;False;NOAA Historical Hurricane Tracks - https://coast.noaa.gov/hurricanes/?storm=19-1959;Martinique (France)
1959231N16130;IRIS;typhon;;25.0;117.3;7.0;23/08/1959;500000.0;0.6;;False;International Best Track Archive for Climate Stewardship (IBTrACS) - NOAA - https://www.ncdc.noaa.gov/ibtracs/;Chine
1959236N12139;JOAN;typhon;;12.8;141.1;7.0;24/08/1959;50000.0;0.3;;False;International Best Track Archive for Climate Stewardship (IBTrACS) - NOAA - https://www.ncdc.noaa.gov/ibtracs/;Philippines
1959241N12148;LOUISE;typhon;;11.6;147.6;7.0;29/08/1959;50000.0;0.3;;False;International Best Track Archive for Climate Stewardship (IBTrACS) - https://www.ncdc.noaa.gov/ibtracs/;Philippines
1959248N13132;NORA;typhon;;32.5;126.0;7.0;13/09/1959;50000.0;0.6;;False;International Best Track Archive for Climate Stewardship (IBTrACS) - https://www.ncdc.noaa.gov/ibtracs/;Corée du Sud
1959249N19181;PATSY;typhon;;36.2;180.6;7.0;10/09/1959;50000.0;0.4;;False;NOAA Historical Hurricane Tracks - https://coast.noaa.gov/hurricanes/?redirect=301ocm;Japon
1959252N17314;FLORA;ouragan;;28.5;-42.6;7.0;11/09/1959;50000.0;0.3;;False;National Hurricane Center (NHC) - https://www.nhc.noaa.gov/data/hurdat/hurdat2-1851-2022-041123.txt;Açores (Portugal)
1959254N14148;SARAH;typhon;;31.1;126.2;7.0;16/09/1959;500000.0;0.4;;False;International Best Track Archive for Climate Stewardship (IBTrACS) - NOAA - https://www.ncdc.noaa.gov/ibtracs/;Corée du Sud
1959263N11160;VERA;typhon;;11.0;160.0;9.0;20/09/1959;500000.0;0.3;;False;International Best Track Archive for Climate Stewardship (IBTrACS) - NOAA - https://www.ncei.noaa.gov/products/international-best-track-archive;Japon
1959264N20292;GRACIE;ouragan;;40.0;-80.2;7.0;01/10/1959;500000.0;0.7;;False;National Hurricane Center (NHC) - https://www.nhc.noaa.gov/archive/1959/GRACIE/;États-Unis
1959271N27310;HANNAH;ouragan;;36.9;-54.1;5.0;05/10/1959;5000.0;0.3;;False;NOAA Historical Hurricane Tracks - https://coast.noaa.gov/hurricanes/?redirect=301ocm;Canada
1959274N09137;AMY;typhon;;10.2;129.7;7.0;02/10/1959;50000.0;0.4;;False;International Best Track Archive for Climate Stewardship (IBTrACS) - https://www.ncdc.noaa.gov/ibtracs/;Philippines
1959281N09143;CHARLOTTE;typhon;;29.9;134.3;7.0;18/10/1959;50000.0;0.3;;False;International Best Track Archive for Climate Stewardship (IBTrACS) - https://www.ncdc.noaa.gov/ibtracs/;Japon
1959286N07168;DINAH;typhon;;10.7;146.8;7.0;16/10/1959;50000.0;0.4;;False;International Best Track Archive for Climate Stewardship (IBTrACS) - NOAA - https://www.ncei.noaa.gov/products/international-best-track-archive;Philippines
1959287N14287;JUDITH;ouragan;;26.7;-82.0;7.0;18/10/1959;50000.0;0.7;;False;National Hurricane Center (NHC) - https://www.nhc.noaa.gov/archive/1959/JUDITH.shtml;États-Unis
1959305N06167;EMMA;typhon;;25.1;127.1;7.0;12/11/1959;50000.0;0.6;;False;International Best Track Archive for Climate Stewardship (IBTrACS) - NOAA - https://www.ncei.noaa.gov/products/international-best-track-archive;Japon
1959317N09137;FREDA;typhon;;25.1;124.3;7.0;19/11/1959;50000.0;0.4;;False;International Best Track Archive for Climate Stewardship (IBTrACS) - NOAA - https://www.ncei.noaa.gov/products/international-best-track-archive;Japon
1960028N06135;IVY;typhon;;13.5;133.8;7.0;02/02/1960;50000.0;0.4;;False;International Best Track Archive for Climate Stewardship (IBTrACS) - NOAA - https://www.ncei.noaa.gov/products/international-best-track-archive;Philippines
1960146N08131;LUCILLE;typhon;;12.7;125.1;7.0;27/05/1960;50000.0;0.4;;False;International Best Track Archive for Climate Stewardship (IBTrACS) - NOAA - https://www.ncdc.noaa.gov/ibtracs/;Philippines
1960148N12125;LUCILLE;typhon;;12.6;123.0;7.0;26/05/1960;50000.0;0.4;;False;International Best Track Archive for Climate Stewardship (IBTrACS) - NOAA - https://www.ncdc.noaa.gov/ibtracs/;Philippines
1960154N12137;NADINE;typhon;;30.7;139.9;7.0;09/06/1960;50000.0;0.4;;False;International Best Track Archive for Climate Stewardship (IBTrACS) - https://www.ncdc.noaa.gov/ibtracs/;Japon
1960154N17116;MARY;typhon;;26.0;118.3;7.0;09/06/1960;500000.0;0.6;;False;International Best Track Archive for Climate Stewardship (IBTrACS) - NOAA - https://www.ncdc.noaa.gov/ibtracs/;Chine
1960164N29134;MARY;typhon;;30.4;147.5;7.0;15/06/1960;50000.0;0.3;;False;International Best Track Archive for Climate Stewardship (IBTrACS) - NOAA - https://www.ncei.noaa.gov/products/international-best-track-archive;Japon
1960173N08137;OLIVE;typhon;;20.8;104.2;7.0;01/07/1960;500000.0;0.4;;False;International Best Track Archive for Climate Stewardship (IBTrACS) - NOAA - https://www.ncei.noaa.gov/products/international-best-track-archive;Vietnam
1960199N17129;POLLY;typhon;;41.0;121.1;7.0;29/07/1960;500000.0;0.6;;False;International Best Track Archive for Climate Stewardship (IBTrACS) - NOAA - https://www.ncei.noaa.gov/products/international-best-track-archive;Chine
1960202N16257;CELESTE;ouragan;;18.6;-107.9;7.0;21/07/1960;50000.0;0.4;;False;National Hurricane Center (HURDAT2) - https://www.nhc.noaa.gov/data/;Mexique
1960207N22154;ROSE;typhon;;24.9;148.3;7.0;25/07/1960;5000.0;0.3;;False;NOAA Historical Hurricane Tracks - https://coast.noaa.gov/hurricanes/?storm=1960207N22154;Japon
1960210N13134;SHIRLEY;typhon;;12.7;134.0;7.0;27/07/1960;50000.0;0.4;;False;International Best Track Archive for Climate Stewardship (IBTrACS) - NOAA - https://www.ncei.noaa.gov/products/international-best-track-archive;Philippines
1960210N28275;BRENDA;ouragan;;29.7;-83.5;6.0;29/07/1960;50000.0;0.7;;False;National Hurricane Center (HURDAT2) - https://www.nhc.noaa.gov/data/#hurdat;États-Unis
1960220N18140;VIRGINIA;typhon;;24.0;141.3;7.0;09/08/1960;50000.0;0.4;;False;NOAA Historical Hurricane Tracks - https://coast.noaa.gov/hurricanes/?storm=1960220N18140;Japon
1960223N21127;AGNES;typhon;;24.1;126.3;7.0;13/08/1960;50000.0;0.4;;False;International Best Track Archive for Climate Stewardship (IBTrACS) - NOAA - https://www.ncei.noaa.gov/products/international-best-track-archive;Japon
1960223N23136;WENDY;typhon;;35.7;135.1;7.0;12/08/1960;500000.0;0.6;;False;Japan Meteorological Agency (JMA) - Archives historiques - https://www.jma.go.jp/jma/indexe.html | NOAA Historical Hurricane Tracks - https://coast.noaa.gov/hurricanes/;Japon
1960227N21144;BESS;typhon;;42.9;146.8;7.0;26/08/1960;50000.0;0.4;;False;International Best Track Archive for Climate Stewardship (IBTrACS) - https://www.ncdc.noaa.gov/ibtracs/;Japon
1960227N23126;CARMEN;typhon;;34.3;124.9;7.0;22/08/1960;500000.0;0.6;;False;International Best Track Archive for Climate Stewardship (IBTrACS) - NOAA - https://www.ncei.noaa.gov/products/international-best-track-archive;Corée du Sud
1960230N13155;DELLA;typhon;;33.8;133.3;7.0;29/08/1960;500000.0;0.6;;False;International Best Track Archive for Climate Stewardship (IBTrACS) - NOAA - https://www.ncdc.noaa.gov/ibtracs/;Japon
1960231N26285;CLEO;ouragan;;31.0;-70.2;7.0;19/08/1960;50000.0;0.7;;False;National Hurricane Center (NHC) - https://www.nhc.noaa.gov/data/hurdat/hurdat2-1851-2022-050423.txt;États-Unis
1960235N10159;FAYE;typhon;;15.6;156.6;7.0;22/08/1960;50000.0;0.3;;False;International Best Track Archive for Climate Stewardship (IBTrACS) - https://www.ncdc.noaa.gov/ibtracs/;Philippines
1960243N10337;DONNA;ouragan;;15.3;-53.1;8.0;03/09/1960;50000.0;0.4;;False;National Hurricane Center (NHC) - https://www.nhc.noaa.gov/data/hurdat/hurdat2-1851-2022-050423.txt;Antigua-et-Barbuda
1960243N11137;GLORIA;typhon;;12.4;127.6;7.0;01/09/1960;50000.0;0.4;;False;International Best Track Archive for Climate Stewardship (IBTrACS) - NOAA - https://www.ncdc.noaa.gov/ibtracs/;Philippines
1960253N09153;IRMA;typhon;;9.8;149.1;7.0;09/09/1960;50000.0;0.3;;False;NOAA Historical Hurricane Tracks - https://coast.noaa.gov/hurricanes/?storm=1960253N09153;Guam
1960261N21123;IRMA;typhon;;24.0;122.9;8.0;17/09/1960;500000.0;0.6;;False;NOAA Historical Hurricane Tracks - https://coast.noaa.gov/hurricanes/?storm=19-1960;Taïwan
1960268N22153;JUDY;typhon;;38.0;147.4;7.0;01/10/1960;50000.0;0.3;;False;International Best Track Archive for Climate Stewardship (IBTrACS) - https://www.ncdc.noaa.gov/ibtracs/;Japon
1960286N11163;MAMIE;typhon;;10.8;152.0;7.0;13/10/1960;50000.0;0.3;;False;International Best Track Archive for Climate Stewardship (IBTrACS) - https://www.ncdc.noaa.gov/ibtracs/;Micronésie (États fédérés de Micronésie)
1960294N13138;NINA;typhon;;24.1;135.5;8.5;26/10/1960;500000.0;0.4;;False;NOAA Historical Hurricane Tracks - https://coast.noaa.gov/hurricanes/?storm=1960294N13138;Japon
1960297N40158;MAMIE;typhon;;39.0;164.2;7.0;24/10/1960;50000.0;0.3;;False;International Best Track Archive for Climate Stewardship (IBTrACS) - NOAA - https://www.ncdc.noaa.gov/ibtracs/;Japon
1960316S11083;ANNA;cyclone;;-12.3;75.1;7.0;13/11/1960;50000.0;0.4;;False;International Best Track Archive for Climate Stewardship (IBTrACS) - NOAA - https://www.ncei.noaa.gov/products/international-best-track-archive;Pérou
1960327N09161;OPHELIA;typhon;;22.6;133.7;7.0;04/12/1960;50000.0;0.4;;False;International Best Track Archive for Climate Stewardship (IBTrACS) - https://www.ncdc.noaa.gov/ibtracs/;Japon
1960346N07148;PHYLLIS;typhon;;8.9;144.7;7.0;11/12/1960;50000.0;0.3;;False;NOAA Historical Hurricane Tracks - https://coast.noaa.gov/hurricanes/;Guam
1961006S11162;BARBARINE;cyclone;;-37.3;172.1;7.0;17/01/1961;50000.0;0.6;;False;International Best Track Archive for Climate Stewardship (IBTrACS) - https://www.ncdc.noaa.gov/ibtracs/;Nouvelle-Zélande
1961014N07141;RITA;typhon;;7.4;138.5;7.0;13/01/1961;50000.0;0.3;;False;International Best Track Archive for Climate Stewardship (IBTrACS) - NOAA - https://www.ncei.noaa.gov/products/international-best-track-archive;Philippines
1961034S13163;CATHERINE;cyclone;;-21.6;165.6;7.0;07/02/1961;15000.0;0.4;;False;International Best Track Archive for Climate Stewardship (IBTrACS) - NOAA - https://www.ncei.noaa.gov/products/international-best-track-archive;Nouvelle-Calédonie
1961074S14162;ISIS;cyclone;;-26.9;160.1;7.0;20/03/1961;5000.0;0.3;;False;International Best Track Archive for Climate Stewardship (IBTrACS) - NOAA - https://www.ncei.noaa.gov/products/international-best-track-archive;Nouvelle-Calédonie (France)
1961081N08148;TESS;typhon;;22.1;136.3;7.0;31/03/1961;50000.0;0.3;;False;International Best Track Archive for Climate Stewardship (IBTrACS) - NOAA - https://www.ncdc.noaa.gov/ibtracs/;Japon
1961135N12121;ALICE;typhon;;25.4;116.7;7.0;19/05/1961;500000.0;0.6;;False;International Best Track Archive for Climate Stewardship (IBTrACS) - https://www.ncdc.noaa.gov/ibtracs/;Chine
1961141N09135;BETTY;typhon;;29.0;121.3;7.0;27/05/1961;500000.0;0.6;;False;International Best Track Archive for Climate Stewardship (IBTrACS) - NOAA - https://www.ncei.noaa.gov/products/international-best-track-archive;Taïwan
1961173N09139;DORIS;typhon;;24.6;113.4;7.0;02/07/1961;500000.0;0.6;;False;International Best Track Archive for Climate Stewardship (IBTrACS) - NOAA - https://www.ncdc.noaa.gov/ibtracs/;Chine
1961198N18134;GRACE;typhon;;34.8;127.5;7.0;25/07/1961;500000.0;0.6;;False;International Best Track Archive for Climate Stewardship (IBTrACS) - NOAA - https://www.ncdc.noaa.gov/ibtracs/;Corée du Sud
1961199N11314;ANNA;ouragan;;12.9;-67.5;7.0;21/07/1961;50000.0;0.4;;False;NOAA Historical Hurricane Tracks - https://coast.noaa.gov/hurricanes/?redirect=301ocm;Venezuela
1961225N14143;KATHY;typhon;;22.3;140.6;7.0;15/08/1961;5000.0;0.3;;False;International Best Track Archive for Climate Stewardship (IBTrACS) - https://www.ncdc.noaa.gov/ibtracs/;Japon
1961241N20155;MARIE;typhon;;29.5;135.3;7.0;03/09/1961;50000.0;0.4;;False;Japan Meteorological Agency (JMA) - Archives historiques - https://www.jma.go.jp/jma/indexe.html;Japon
1961245N13318;BETSY;ouragan;;39.5;-51.1;7.0;10/09/1961;50000.0;0.3;;False;NOAA Historical Hurricane Tracks - https://coast.noaa.gov/hurricanes/?redirect=301ocm;Canada
1961247N13283;CARLA;ouragan;;36.5;-93.5;8.0;13/09/1961;500000.0;0.7;;False;National Hurricane Center (NHC) - https://www.nhc.noaa.gov/data/hurdat/hurdat2-1851-2022-050423.txt;États-Unis
1961247N15127;OLGA;typhon;;19.7;121.0;7.0;06/09/1961;50000.0;0.4;;False;International Best Track Archive for Climate Stewardship (IBTrACS) - NOAA - https://www.ncei.noaa.gov/products/international-best-track-archive;Philippines
1961248N18155;PAMELA;typhon;;17.3;152.5;7.0;05/09/1961;50000.0;0.3;;False;NOAA Historical Hurricane Tracks - https://coast.noaa.gov/hurricanes/?storm=1961248N18155;Guam
1961249N14342;DEBBIE;ouragan;;36.3;-38.3;7.0;14/09/1961;5000.0;0.3;;False;NOAA Historical Hurricane Tracks - https://coast.noaa.gov/hurricanes/?redirect=301ocm;Açores (Portugal)
1961250N07173;NANCY;typhon;;7.1;173.0;7.0;06/09/1961;50000.0;0.3;;False;International Best Track Archive for Climate Stewardship (IBTrACS) - NOAA - https://www.ncdc.noaa.gov/ibtracs/;Îles Marshall
1961254N11329;ESTHER;ouragan;;41.3;-70.3;7.0;26/09/1961;50000.0;0.8;;False;National Hurricane Center (HURDAT2) - https://www.nhc.noaa.gov/data/;États-Unis
1961264N12130;RUBY;typhon;;14.7;122.3;7.0;22/09/1961;500000.0;0.4;;False;International Best Track Archive for Climate Stewardship (IBTrACS) - NOAA - https://www.ncei.noaa.gov/products/international-best-track-archive;Philippines
1961265N11156;SALLY;typhon;;12.3;151.3;7.0;22/09/1961;50000.0;0.3;;False;International Best Track Archive for Climate Stewardship (IBTrACS) - NOAA - https://www.ncei.noaa.gov/products/international-best-track-archive;Philippines
1961269N11161;TILDA;typhon;;11.2;161.3;7.0;25/09/1961;50000.0;0.3;;False;International Best Track Archive for Climate Stewardship (IBTrACS) - NOAA - https://www.ncei.noaa.gov/products/international-best-track-archive;Philippines
1961273N16302;FRANCES;ouragan;;44.8;-64.5;7.0;10/10/1961;50000.0;0.7;;False;National Hurricane Center (HURDAT2) - https://www.nhc.noaa.gov/data/;Canada
1961276N22152;VIOLET;typhon;;30.5;137.4;7.0;09/10/1961;50000.0;0.4;;False;International Best Track Archive for Climate Stewardship (IBTrACS) - NOAA - https://www.ncdc.noaa.gov/ibtracs/;Japon
1961279N17119;WILDA;typhon;;18.0;117.7;7.0;06/10/1961;50000.0;0.4;;False;International Best Track Archive for Climate Stewardship (IBTrACS) - NOAA - https://www.ncei.noaa.gov/products/international-best-track-archive;Philippines
1961290N20282;GERDA;ouragan;;27.5;-74.3;7.0;19/10/1961;50000.0;0.6;;False;NOAA Historical Hurricane Tracks - https://coast.noaa.gov/hurricanes/?storm=19-1961290N20282;États-Unis (Bahamas également touchées)
1961291N08159;BILLIE;typhon;;9.3;155.3;7.0;19/10/1961;50000.0;0.3;;False;International Best Track Archive for Climate Stewardship (IBTrACS) - NOAA - https://www.ncdc.noaa.gov/ibtracs/;Micronésie (États fédérés de Micronésie)
1961291N12120;ANITA;typhon;;14.2;114.6;7.0;18/10/1961;50000.0;0.3;;False;International Best Track Archive for Climate Stewardship (IBTrACS) - NOAA - https://www.ncei.noaa.gov/products/international-best-track-archive;Philippines
1961306N23301;JENNY;ouragan;;27.7;-45.1;7.0;05/11/1961;5000.0;0.3;;False;NOAA Historical Hurricane Tracks - https://coast.noaa.gov/hurricanes/?redirect=301ocm;Aucun (zone océanique, éloignée des terres)
1961312N14153;DOT;typhon;;24.6;148.0;7.0;14/11/1961;5000.0;0.3;;False;International Best Track Archive for Climate Stewardship (IBTrACS) - https://www.ncdc.noaa.gov/ibtracs/;Japon
1961355S19052;BERYL;cyclone;;-26.7;55.6;7.0;28/12/1961;50000.0;0.4;;False;NOAA Historical Hurricane Tracks - https://coast.noaa.gov/hurricanes/?redirect=301ocm;Maurice
1962049S31059;GINA;cyclone;;-30.8;59.1;7.0;18/02/1962;50000.0;0.3;;False;International Best Track Archive for Climate Stewardship (IBTrACS) - https://www.ncdc.noaa.gov/ibtracs/;Maurice
1962052S27047;ISABEL;cyclone;;-28.5;53.5;7.0;23/02/1962;50000.0;0.4;;False;International Best Track Archive for Climate Stewardship (IBTrACS) - NOAA - https://www.ncdc.noaa.gov/ibtracs/;Madagascar
1962053S26048;ISABEL;cyclone;;-33.1;63.4;7.0;24/02/1962;50000.0;0.4;;False;International Best Track Archive for Climate Stewardship (IBTrACS) - https://www.ncdc.noaa.gov/ibtracs/;Maurice
1962058S14070;JENNY;cyclone;;-14.4;70.1;7.0;26/02/1962;50000.0;0.3;;False;International Best Track Archive for Climate Stewardship (IBTrACS) - https://www.ncdc.noaa.gov/ibtracs/;Maurice
1962077S15072;LUCY;cyclone;;-15.3;69.7;7.0;18/03/1962;50000.0;0.3;;False;International Best Track Archive for Climate Stewardship (IBTrACS) - https://www.ncdc.noaa.gov/ibtracs/;Maurice
1962089S10077;MAUD;cyclone;;-28.0;72.9;5.0;08/04/1962;5000.0;0.3;;False;International Best Track Archive for Climate Stewardship (IBTrACS) - https://www.ncdc.noaa.gov/ibtracs/;Île Saint-Paul (Terres australes et antarctiques françaises)
1962106N10143;GEORGIA;typhon;;21.0;143.5;7.0;21/04/1962;5000.0;0.3;;False;International Best Track Archive for Climate Stewardship (IBTrACS) - https://www.ncdc.noaa.gov/ibtracs/;Japon
1962135N07132;HOPE;typhon;;31.9;135.7;7.0;23/05/1962;50000.0;0.4;;False;Japan Meteorological Agency (JMA) - Archives historiques - https://www.jma.go.jp/jma/indexe.html;Japon
1962187N17129;JOAN;typhon;;30.4;124.3;7.0;09/07/1962;500000.0;0.4;;False;International Best Track Archive for Climate Stewardship (IBTrACS) - NOAA - https://www.ncdc.noaa.gov/ibtracs/;Chine
1962206N14140;NORA;typhon;;36.2;124.7;7.0;02/08/1962;50000.0;0.6;;False;International Best Track Archive for Climate Stewardship (IBTrACS) - NOAA - https://www.ncdc.noaa.gov/ibtracs/;Corée du Sud
1962211N09153;OPAL;typhon;;28.2;118.5;7.0;06/08/1962;50000.0;0.4;;False;International Best Track Archive for Climate Stewardship (IBTrACS) - NOAA - https://www.ncdc.noaa.gov/ibtracs/;Japon
1962217N10142;PATSY;typhon;;23.0;103.4;7.0;12/08/1962;500000.0;0.4;;False;International Best Track Archive for Climate Stewardship (IBTrACS) - NOAA - https://www.ncdc.noaa.gov/ibtracs/;Chine
1962224N11151;RUTH;typhon;;39.4;150.4;7.0;22/08/1962;50000.0;0.4;;False;International Best Track Archive for Climate Stewardship (IBTrACS) - NOAA - https://www.ncei.noaa.gov/products/international-best-track-archive;Japon
1962226N22128;SARAH;typhon;;35.2;134.3;7.0;22/08/1962;500000.0;0.6;;False;Digital Typhoon (National Institute of Informatics, Japan) - http://agora.ex.nii.ac.jp/digital-typhoon/summary/wnp/s/196222.html.en;Japon
1962232N17149;THELMA;typhon;;34.8;136.2;7.0;25/08/1962;500000.0;0.7;;False;Japan Meteorological Agency (JMA) - https://www.jma.go.jp/jma/indexe.html | International Best Track Archive for Climate Stewardship (IBTrACS) - https://www.ncdc.noaa.gov/ibtracs/;Japon
1962237N07155;WANDA;typhon;;6.6;155.0;7.0;25/08/1962;50000.0;0.3;;False;NOAA Historical Hurricane Tracks - https://coast.noaa.gov/hurricanes/?storm=1962237N07155;États fédérés de Micronésie
1962239N16342;BECKY;cyclone;;21.9;-23.0;5.0;29/08/1962;50000.0;0.3;;False;NOAA Historical Hurricane Tracks - https://coast.noaa.gov/hurricanes/?redirect=301ocm;Cap-Vert
1962239N26280;ALMA;ouragan;;35.2;-75.3;6.0;28/08/1962;50000.0;0.7;;False;National Hurricane Center (HURDAT2) - https://www.nhc.noaa.gov/data/;États-Unis
1962241N14150;AMY;typhon;;19.7;141.7;7.0;31/08/1962;5000.0;0.3;;False;International Best Track Archive for Climate Stewardship (IBTrACS) - https://www.ncdc.noaa.gov/ibtracs/;Japon
1962254N11123;BABE:BABS;cyclone;;20.0;96.6;7.0;18/09/1962;500000.0;0.4;;False;International Best Track Archive for Climate Stewardship (IBTrACS) - NOAA - https://www.ncei.noaa.gov/products/international-best-track-archive;Myanmar
1962255N16314;CELIA;ouragan;;34.7;-54.1;7.0;21/09/1962;5000.0;0.3;;False;National Hurricane Center (HURDAT2) - https://www.nhc.noaa.gov/data/;Bermudes
1962272N10161;EMMA;typhon;;14.7;155.5;7.0;30/09/1962;50000.0;0.3;;False;International Best Track Archive for Climate Stewardship (IBTrACS) - NOAA - https://www.ncdc.noaa.gov/ibtracs/;Îles Mariannes du Nord (États-Unis)
1962272N15311;DAISY;ouragan;;32.6;-67.9;7.0;06/10/1962;50000.0;0.7;;False;National Hurricane Center (NHC) - https://www.nhc.noaa.gov/data/hurdat/hurdat2-1851-2021-041923.txt;Bermudes
1962274N14256;DOREEN;ouragan;;24.6;-108.8;7.0;04/10/1962;50000.0;0.4;;False;NOAA Historical Hurricane Tracks - https://coast.noaa.gov/hurricanes/?storm=1962274N14256;Mexique
1962274N16158;FREDA;typhon;;37.6;171.5;7.0;09/10/1962;50000.0;0.3;;False;NOAA Historical Hurricane Tracks - https://coast.noaa.gov/hurricanes/?storm=19-1962;Japon
1962287N23287;ELLA;ouragan;;37.5;-62.6;7.0;21/10/1962;50000.0;0.3;;False;NOAA Historical Hurricane Tracks - https://coast.noaa.gov/hurricanes/?redirect=301ocm;Bermudes
1962292N11119;HARRIET;cyclone;;9.9;96.5;7.0;26/10/1962;50000.0;0.3;;False;International Best Track Archive for Climate Stewardship (IBTrACS) - NOAA - https://www.ncei.noaa.gov/products/international-best-track-archive;Myanmar
1962292N11139;GILDA;typhon;;25.6;136.2;7.0;29/10/1962;50000.0;0.3;;False;International Best Track Archive for Climate Stewardship (IBTrACS) - NOAA - https://www.ncei.noaa.gov/products/international-best-track-archive;Japon
1962308N08138;JEAN;typhon;;8.3;138.2;7.0;04/11/1962;50000.0;0.3;;False;International Best Track Archive for Climate Stewardship (IBTrACS) - NOAA - https://www.ncei.noaa.gov/products/international-best-track-archive;Philippines
1962311N06154;KAREN;typhon;;25.5;130.4;7.0;15/11/1962;50000.0;0.4;;False;International Best Track Archive for Climate Stewardship (IBTrACS) - NOAA - https://www.ncei.noaa.gov/products/international-best-track-archive;Japon
1962336S13066;BERTHA;cyclone;;-28.6;61.2;7.0;06/12/1962;50000.0;0.3;;False;International Best Track Archive for Climate Stewardship (IBTrACS) - https://www.ncdc.noaa.gov/ibtracs/;Maurice
1962340N07141;NADINE;typhon;;15.2;146.4;7.0;08/12/1962;50000.0;0.3;;False;International Best Track Archive for Climate Stewardship (IBTrACS) - https://www.ncdc.noaa.gov/ibtracs/;Îles Mariannes du Nord (États-Unis)
1962350S04089;CECILE;cyclone;;-7.8;82.8;7.0;17/12/1962;50000.0;0.3;;False;International Best Track Archive for Climate Stewardship (IBTrACS) - https://www.ncdc.noaa.gov/ibtracs/;Sri Lanka
1963009S10083;DELIA;cyclone;;-11.2;75.9;7.0;10/01/1963;50000.0;0.3;;False;International Best Track Archive for Climate Stewardship (IBTrACS) - https://www.ncdc.noaa.gov/ibtracs/;Madagascar
1963029S09089;EMMA;cyclone;;-17.4;78.2;7.0;04/02/1963;50000.0;0.3;;False;International Best Track Archive for Climate Stewardship (IBTrACS) - https://www.ncdc.noaa.gov/ibtracs/;Inde
1963058S23041;HILDA;cyclone;;-29.4;43.6;5.0;01/03/1963;50000.0;0.3;;False;NOAA Historical Hurricane Tracks - https://coast.noaa.gov/hurricanes/;Madagascar
1963062S13064;IRENE;cyclone;;-13.8;62.1;7.0;03/03/1963;50000.0;0.3;;False;International Best Track Archive for Climate Stewardship (IBTrACS) - NOAA - https://www.ncdc.noaa.gov/ibtracs/;Madagascar
1963116N08146;OLIVE;typhon;;30.3;170.2;7.0;05/05/1963;5000.0;0.3;;False;NOAA Historical Hurricane Tracks - https://coast.noaa.gov/hurricanes/?storm=1963116N08146;Japon
1963147N12135;POLLY;typhon;;30.0;138.4;7.0;04/06/1963;50000.0;0.4;;False;Japan Meteorological Agency (JMA) - Archives historiques - https://www.data.jma.go.jp/obd/stats/data/bosai/report/1963/19630604/19630604.html;Japon
1963158N20116;ROSE;typhon;;29.6;130.9;7.0;13/06/1963;50000.0;0.6;;False;International Best Track Archive for Climate Stewardship (IBTrACS) - NOAA - https://www.ncei.noaa.gov/products/international-best-track-archive;Japon
1963163N13135;SHIRLEY;typhon;;31.8;124.9;7.0;19/06/1963;50000.0;0.4;;False;International Best Track Archive for Climate Stewardship (IBTrACS) - NOAA - https://www.ncdc.noaa.gov/ibtracs/;Chine
1963167N09156;TRIX;typhon;;25.1;116.5;7.0;01/07/1963;500000.0;0.4;;False;International Best Track Archive for Climate Stewardship (IBTrACS) - NOAA - https://www.ncdc.noaa.gov/ibtracs/;Chine
1963182N11144;VIRGINIA;typhon;;29.5;135.3;7.0;08/07/1963;50000.0;0.4;;False;International Best Track Archive for Climate Stewardship (IBTrACS) - NOAA - https://www.ncdc.noaa.gov/ibtracs/;Japon
1963190N15149;WENDY;typhon;;30.8;115.9;7.0;18/07/1963;500000.0;0.6;;False;International Best Track Archive for Climate Stewardship (IBTrACS) - NOAA - https://www.ncdc.noaa.gov/ibtracs/;Chine
1963196N18250;FLORENCE;ouragan;;18.1;-116.3;5.0;15/07/1963;5000.0;0.3;;False;National Hurricane Center (HURDAT2) - https://www.nhc.noaa.gov/data/;Mexique
1963207N13151;BESS;typhon;;40.0;140.2;7.0;12/08/1963;500000.0;0.6;;False;Japan Meteorological Agency (JMA) - Archives historiques - https://www.jma.go.jp/jma/indexe.html;Japon
1963213N11321;ARLENE;ouragan;;31.3;-66.2;5.0;09/08/1963;50000.0;0.7;;False;National Hurricane Center (NHC) - https://www.nhc.noaa.gov/data/hurdat/hurdat2-1851-2022-050423.txt;Bermudes
1963232N11313;BEULAH;ouragan;;33.7;-56.2;7.0;26/08/1963;50000.0;0.7;;False;National Hurricane Center (NOAA) - https://www.nhc.noaa.gov/data/hurdat/hurdat2-1851-2022-050423.txt;Bermudes
1963235N17164;ELAINE;typhon;;33.5;156.6;7.0;27/08/1963;5000.0;0.3;;False;International Best Track Archive for Climate Stewardship (IBTrACS) - NOAA - https://www.ncei.noaa.gov/products/international-best-track-archive;Japon
1963236N22137;DELLA;typhon;;42.8;158.2;7.0;31/08/1963;50000.0;0.3;;False;International Best Track Archive for Climate Stewardship (IBTrACS) - https://www.ncdc.noaa.gov/ibtracs/;Japon
1963251N13151;HESTER;typhon;;16.1;137.5;7.0;11/09/1963;50000.0;0.3;;False;International Best Track Archive for Climate Stewardship (IBTrACS) - https://www.ncdc.noaa.gov/ibtracs/;Philippines
1963252N13264;JEN-KATH;ouragan;;27.8;-119.1;5.0;17/09/1963;50000.0;0.7;;False;National Hurricane Center (HURDAT2) - https://www.nhc.noaa.gov/data/;Mexique
1963255N19235;IRAH;ouragan;;21.9;-156.5;5.0;18/09/1963;50000.0;0.7;;False;National Hurricane Center (NHC) - https://www.nhc.noaa.gov/data/hurdat/hurdat2-1851-2022-041123.txt;États-Unis
1963260N10153;IRMA;typhon;;9.7;153.3;7.0;16/09/1963;50000.0;0.3;;False;NOAA Historical Hurricane Tracks - https://coast.noaa.gov/hurricanes/?storm=1963260N10153;Micronésie (États fédérés de Micronésie)
1963262N14322;DEBRA;ouragan;;34.4;-48.3;5.0;24/09/1963;5000.0;0.3;;False;NOAA Historical Hurricane Tracks - https://coast.noaa.gov/hurricanes/?redirect=301ocm;Aucun (zone océanique)
1963267N11309;EDITH;ouragan;;18.1;-68.7;7.0;27/09/1963;50000.0;0.6;;False;NOAA Historical Hurricane Tracks - https://coast.noaa.gov/hurricanes/?storm=19-1963;République dominicaine
1963270N08154;JUDY;typhon;;37.4;154.8;7.0;05/10/1963;50000.0;0.3;;False;International Best Track Archive for Climate Stewardship (IBTrACS) - NOAA - https://www.ncei.noaa.gov/products/international-best-track-archive;Japon
1963272N09314;FLORA;ouragan;;23.9;-70.8;9.0;09/10/1963;500000.0;0.4;;False;National Hurricane Center (NHC) - https://www.nhc.noaa.gov/data/hurdat/hurdat2-1851-2022-050423.txt;Haïti
1963276N10140;KIT;typhon;;28.0;136.6;7.0;11/10/1963;50000.0;0.4;;False;International Best Track Archive for Climate Stewardship (IBTrACS) - https://www.ncdc.noaa.gov/ibtracs/;Japon
1963279N07165;LOLA;typhon;;29.2;139.0;7.0;19/10/1963;50000.0;0.4;;False;Japan Meteorological Agency (JMA) - Archives historiques - https://www.jma.go.jp/jma/indexe.html;Japon
1963287N19164;MAMIE;typhon;;30.6;150.6;7.0;18/10/1963;50000.0;0.3;;False;International Best Track Archive for Climate Stewardship (IBTrACS) - NOAA - https://www.ncei.noaa.gov/products/international-best-track-archive;Japon
1963291N15249;MONA;ouragan;;19.0;-110.0;5.0;18/10/1963;5000.0;0.3;;False;NOAA Historical Hurricane Tracks - https://coast.noaa.gov/hurricanes/?redirect=301ocm;Mexique
1963291N26288;GINNY;ouragan;;37.1;-69.6;7.0;29/10/1963;50000.0;0.7;;False;National Hurricane Center (NOAA) - https://www.nhc.noaa.gov/data/hurdat/hurdat2-1851-2022-050423.txt;États-Unis
1963296N15164;ORA;typhon;;16.8;162.1;7.0;23/10/1963;50000.0;0.3;;False;International Best Track Archive for Climate Stewardship (IBTrACS) - https://www.ncdc.noaa.gov/ibtracs/;Philippines
1963340S05073;AMANDA;cyclone;;-11.3;65.8;7.0;07/12/1963;50000.0;0.3;;False;International Best Track Archive for Climate Stewardship (IBTrACS) - NOAA - https://www.ncdc.noaa.gov/ibtracs/;Madagascar
1963347S24070;AMANDA;cyclone;;-24.2;71.2;7.0;13/12/1963;50000.0;0.3;;False;NOAA Historical Hurricane Tracks - https://coast.noaa.gov/hurricanes/;Maurice
1963349N12131;RITA;typhon;;19.8;132.7;7.0;19/12/1963;50000.0;0.3;;False;NOAA Historical Hurricane Tracks - https://coast.noaa.gov/hurricanes/?storm=1963349N12131;Philippines
1963352N02174;SUSAN;typhon;;20.9;142.1;7.0;27/12/1963;50000.0;0.3;;False;International Best Track Archive for Climate Stewardship (IBTrACS) - https://www.ncdc.noaa.gov/ibtracs/;Japon
1963357S08057;BETTY;cyclone;;-15.6;59.2;7.0;24/12/1963;50000.0;0.3;;False;International Best Track Archive for Climate Stewardship (IBTrACS) - https://www.ncdc.noaa.gov/ibtracs/;Maurice
1964004S14125;BESSIE;cyclone;;-20.7;123.9;7.0;12/01/1964;15000.0;0.3;;False;International Best Track Archive for Climate Stewardship (IBTrACS) - NOAA - https://www.ncei.noaa.gov/products/international-best-track-archive;Australie
1964006S13137;AUDREY;cyclone;;-23.1;139.6;7.0;13/01/1964;5000.0;0.3;;False;International Best Track Archive for Climate Stewardship (IBTrACS) - NOAA - https://www.ncei.noaa.gov/products/international-best-track-archive;Australie
1964015S13064;DANIELLE;cyclone;;-28.3;58.6;5.0;21/01/1964;50000.0;0.4;;False;International Best Track Archive for Climate Stewardship (IBTrACS) - https://www.ncdc.noaa.gov/ibtracs/;Maurice
1964028S09131;DORA;cyclone;;-17.8;143.3;7.0;09/02/1964;50000.0;0.4;;False;International Best Track Archive for Climate Stewardship (IBTrACS) - NOAA - https://www.ncdc.noaa.gov/ibtracs/;Australie
1964049S12174;EDITH;cyclone;;-21.0;170.1;7.0;23/02/1964;50000.0;0.4;;False;International Best Track Archive for Climate Stewardship (IBTrACS) - https://www.ncdc.noaa.gov/ibtracs/;Nouvelle-Calédonie
1964056S05100;EVA;cyclone;;-8.1;92.8;7.0;26/02/1964;50000.0;0.3;;False;International Best Track Archive for Climate Stewardship (IBTrACS) - https://www.ncdc.noaa.gov/ibtracs/;Indonésie
1964067S10137;CARMEN;cyclone;;-10.3;137.0;7.0;06/03/1964;50000.0;0.3;;False;International Best Track Archive for Climate Stewardship (IBTrACS) - https://www.ncdc.noaa.gov/ibtracs/;Australie
1964084S13129;KATIE;cyclone;;-31.1;116.8;5.0;01/04/1964;50000.0;0.7;;False;International Best Track Archive for Climate Stewardship (IBTrACS) - NOAA - https://www.ncdc.noaa.gov/ibtracs/;Australie
1964090S14072;INGRID;cyclone;;-28.1;71.9;7.0;02/04/1964;50000.0;0.4;;False;International Best Track Archive for Climate Stewardship (IBTrACS) - NOAA - https://www.ncei.noaa.gov/products/international-best-track-archive;Chili
1964124S11089;KAREN;cyclone;;-10.7;88.8;7.0;02/05/1964;50000.0;0.3;;False;International Best Track Archive for Climate Stewardship (IBTrACS) - NOAA - https://www.ncdc.noaa.gov/ibtracs/;Indonésie
1964133N10134;TESS;typhon;;16.7;144.5;7.0;20/05/1964;50000.0;0.3;;False;International Best Track Archive for Climate Stewardship (IBTrACS) - https://www.ncdc.noaa.gov/ibtracs/;Îles Mariannes du Nord (États-Unis)
1964184N22133;BETTY;typhon;;32.1;123.8;7.0;06/07/1964;500000.0;0.4;;False;International Best Track Archive for Climate Stewardship (IBTrACS) - NOAA - https://www.ncei.noaa.gov/products/international-best-track-archive;Japon
1964187N07150;CORA;typhon;;9.8;143.4;7.0;06/07/1964;50000.0;0.3;;False;International Best Track Archive for Climate Stewardship (IBTrACS) - https://www.ncdc.noaa.gov/ibtracs/;Philippines
1964188N17255;NATALIE;ouragan;;27.2;-107.9;5.0;07/07/1964;50000.0;0.4;;False;NOAA Historical Hurricane Tracks - https://coast.noaa.gov/hurricanes/?storm=1964188N17255;Mexique
1964193N10145;DORIS;typhon;;12.5;138.7;7.0;12/07/1964;50000.0;0.3;;False;International Best Track Archive for Climate Stewardship (IBTrACS) - NOAA - https://www.ncei.noaa.gov/products/international-best-track-archive;Philippines
1964206N18128;FLOSSIE;typhon;;36.2;123.5;5.0;29/07/1964;50000.0;0.7;;False;NOAA Historical Hurricane Tracks - https://coast.noaa.gov/hurricanes/?redirect=301ocm;Corée du Sud
1964208N17142;GRACE;typhon;;19.9;140.8;7.0;26/07/1964;50000.0;0.3;;False;NOAA Historical Hurricane Tracks - https://coast.noaa.gov/hurricanes/?storm=1964208N17142;Japon
1964209N17150;HELEN;typhon;;40.8;122.0;7.0;03/08/1964;500000.0;0.6;;False;International Best Track Archive for Climate Stewardship (IBTrACS) - NOAA - https://www.ncdc.noaa.gov/ibtracs/;Chine
1964215N07150;IDA;typhon;;11.9;138.6;7.0;04/08/1964;50000.0;0.3;;False;International Best Track Archive for Climate Stewardship (IBTrACS) - https://www.ncdc.noaa.gov/ibtracs/;Philippines
1964222N10144;JUNE;typhon;;9.5;143.7;7.0;09/08/1964;50000.0;0.3;;False;International Best Track Archive for Climate Stewardship (IBTrACS) - https://www.ncdc.noaa.gov/ibtracs/;Philippines
1964224N25161;KATHY;typhon;;24.5;161.0;7.0;10/08/1964;50000.0;0.3;;False;International Best Track Archive for Climate Stewardship (IBTrACS) - NOAA - https://www.ncei.noaa.gov/access/metadata/landing-page/bin/iso?id=gov.noaa.ncdc:C00834;Japon
1964234N13316;CLEO;ouragan;;13.1;-44.3;7.0;20/08/1964;50000.0;0.3;;False;NOAA Historical Hurricane Tracks - https://coast.noaa.gov/hurricanes/?redirect=301ocm;Barbade
1964242N14343;DORA;ouragan;;13.2;-27.1;7.0;29/08/1964;50000.0;0.3;;False;National Hurricane Center (NHC) - https://www.nhc.noaa.gov/data/hurdat/hurdat2-1851-2022-050423.txt;Cap-Vert
1964245N20132;RUBY;typhon;;24.0;109.7;7.0;06/09/1964;500000.0;0.6;;False;International Best Track Archive for Climate Stewardship (IBTrACS) - NOAA - https://www.ncei.noaa.gov/products/international-best-track-archive;Philippines
1964247N09159;SALLY;typhon;;12.8;146.3;7.0;05/09/1964;50000.0;0.3;;False;NOAA Historical Hurricane Tracks - https://coast.noaa.gov/hurricanes/?storm=1964247N09159;Guam
1964248N18324;ETHEL;ouragan;;20.9;-48.3;5.0;06/09/1964;50000.0;0.4;;False;NOAA Historical Hurricane Tracks - https://coast.noaa.gov/hurricanes/?storm=1964248N18324;Bermudes
1964249N15342;FLORENCE;ouragan;;26.0;-29.0;5.0;08/09/1964;50000.0;0.7;;False;National Hurricane Center (NHC) - https://www.nhc.noaa.gov/data/hurdat/hurdat2-1851-2021-052923.txt;États-Unis
1964256N17141;TILDA;typhon;;18.5;130.9;7.0;13/09/1964;50000.0;0.3;;False;International Best Track Archive for Climate Stewardship (IBTrACS) - https://www.ncdc.noaa.gov/ibtracs/;Philippines
1964257N15316;GLADYS;ouragan;;38.4;-69.9;5.0;23/09/1964;50000.0;0.7;;False;National Hurricane Center (HURDAT2) - https://www.nhc.noaa.gov/data/;États-Unis
1964261N12149;WILDA;typhon;;32.0;131.4;7.0;24/09/1964;500000.0;0.6;;False;Japan Meteorological Agency (JMA) - Archives historiques - https://www.data.jma.go.jp/obd/stats/data/bosai/report/1964/19640924/19640924.html;Japon
1964269N12142;BILLIE;typhon;;13.4;125.7;7.0;28/09/1964;50000.0;0.4;;False;International Best Track Archive for Climate Stewardship (IBTrACS) - https://www.ncdc.noaa.gov/ibtracs/;Philippines
1964276N07142;CLARA;typhon;;7.0;142.0;7.0;01/10/1964;50000.0;0.3;;False;International Best Track Archive for Climate Stewardship (IBTrACS) - https://www.ncdc.noaa.gov/ibtracs/;Philippines
1964278N07156;DOT;typhon;;7.0;156.0;7.0;03/10/1964;50000.0;0.3;;False;International Best Track Archive for Climate Stewardship (IBTrACS) - NOAA - https://www.ncdc.noaa.gov/ibtracs/;États fédérés de Micronésie
1964283N15277;ISBELL;ouragan;;26.4;-80.6;7.0;15/10/1964;50000.0;0.7;;False;National Hurricane Center (NHC) - https://www.nhc.noaa.gov/data/hurdat/hurdat2-1851-2022-042723.txt;États-Unis
1964287N13165;FRAN;typhon;;32.9;162.1;7.0;20/10/1964;50000.0;0.3;;False;NOAA Historical Hurricane Tracks - https://coast.noaa.gov/hurricanes/?storm=1964287N13165;Japon
1964291N11143;GEORGIA;typhon;;12.0;137.4;7.0;18/10/1964;50000.0;0.4;;False;International Best Track Archive for Climate Stewardship (IBTrACS) - NOAA - https://www.ncei.noaa.gov/products/international-best-track-archive;Philippines
1964295N07158;HOPE;typhon;;9.8;153.1;7.0;21/10/1964;50000.0;0.3;;False;International Best Track Archive for Climate Stewardship (IBTrACS) - https://www.ncdc.noaa.gov/ibtracs/;États fédérés de Micronésie
1964305N12128;IRIS;typhon;;12.5;124.6;7.0;31/10/1964;50000.0;0.4;;False;International Best Track Archive for Climate Stewardship (IBTrACS) - https://www.ncdc.noaa.gov/ibtracs/;Philippines
1964309N11132;JOAN;typhon;;13.0;126.1;7.0;05/11/1964;50000.0;0.4;;False;International Best Track Archive for Climate Stewardship (IBTrACS) - NOAA - https://www.ncdc.noaa.gov/ibtracs/;Philippines
1964316N13117;KATE;typhon;;13.3;104.4;7.0;17/11/1964;50000.0;0.4;;False;International Best Track Archive for Climate Stewardship (IBTrACS) - NOAA - https://www.ncdc.noaa.gov/ibtracs/;Philippines
1964319N08141;LOUISE:MARGE;typhon;;14.6;118.4;7.0;23/11/1964;50000.0;0.4;;False;International Best Track Archive for Climate Stewardship (IBTrACS) - https://www.ncdc.noaa.gov/ibtracs/;Philippines
1964344N06153;OPAL;typhon;;21.4;123.4;7.0;16/12/1964;50000.0;0.4;;False;International Best Track Archive for Climate Stewardship (IBTrACS) - https://www.ncdc.noaa.gov/ibtracs/;Taïwan
1964353S23035;CONNIE;cyclone;;-26.8;37.7;7.0;19/12/1964;50000.0;0.4;;False;International Best Track Archive for Climate Stewardship (IBTrACS) - NOAA - https://www.ncdc.noaa.gov/ibtracs/;Madagascar
1964357S09092;EDNA;cyclone;;-9.0;92.0;7.0;22/12/1964;50000.0;0.3;;False;International Best Track Archive for Climate Stewardship (IBTrACS) - https://www.ncdc.noaa.gov/ibtracs/;Indonésie
1965005S11069;FREDA;cyclone;;-30.6;57.9;7.0;09/01/1965;50000.0;0.4;;False;International Best Track Archive for Climate Stewardship (IBTrACS) - NOAA - https://www.ncdc.noaa.gov/ibtracs/;Maurice
1965007S20039;GINETTE;cyclone;;-22.0;42.1;7.0;07/01/1965;50000.0;0.4;;False;International Best Track Archive for Climate Stewardship (IBTrACS) - https://www.ncdc.noaa.gov/ibtracs/;Madagascar
1965021N07151;RUTH;typhon;;8.0;147.7;7.0;21/01/1965;50000.0;0.3;;False;International Best Track Archive for Climate Stewardship (IBTrACS) - NOAA - https://www.ncdc.noaa.gov/ibtracs/;Papouasie-Nouvelle-Guinée
1965046N07114;SARAH;cyclone;;7.1;113.0;7.0;14/02/1965;500000.0;0.4;;False;International Best Track Archive for Climate Stewardship (IBTrACS) - NOAA - https://www.ncdc.noaa.gov/ibtracs/;Indonésie
1965055S13085;GAY:OLIVE:PEGGY;cyclone;;-29.1;63.1;5.0;10/03/1965;5000.0;0.3;;False;International Best Track Archive for Climate Stewardship (IBTrACS) - NOAA - https://www.ncei.noaa.gov/access/metadata/landing-page/bin/iso?id=gov.noaa.ncdc:C00834;Île Maurice
1965056S15110;DOLLY;cyclone;;-14.5;110.2;7.0;25/02/1965;50000.0;0.3;;False;International Best Track Archive for Climate Stewardship (IBTrACS) - https://www.ncdc.noaa.gov/ibtracs/;Australie
1965063S18126;JOAN;cyclone;;-29.4;113.7;7.0;14/03/1965;50000.0;0.4;;False;International Best Track Archive for Climate Stewardship (IBTrACS) - NOAA - https://www.ncei.noaa.gov/products/international-best-track-archive;Australie
1965079S11119;MAVIS;cyclone;;-29.0;109.5;5.0;25/03/1965;5000.0;0.3;;False;International Best Track Archive for Climate Stewardship (IBTrACS) - NOAA - https://www.ncdc.noaa.gov/ibtracs/;Australie
1965083S09130;RUTH;cyclone;;-8.7;130.0;7.0;23/03/1965;50000.0;0.4;;False;International Best Track Archive for Climate Stewardship (IBTrACS) - https://www.ncdc.noaa.gov/ibtracs/;Indonésie
1965101N06158;WANDA;typhon;;8.8;140.3;7.0;14/04/1965;50000.0;0.3;;False;International Best Track Archive for Climate Stewardship (IBTrACS) - NOAA - https://www.ncei.noaa.gov/products/international-best-track-archive;Philippines
1965117S08062;ROSE;cyclone;;-27.8;50.0;5.0;06/05/1965;50000.0;0.4;;False;NOAA Historical Hurricane Tracks - https://coast.noaa.gov/hurricanes/;La Réunion
1965140N09134;AMY;typhon;;20.9;127.7;7.0;25/05/1965;50000.0;0.4;;False;International Best Track Archive for Climate Stewardship (IBTrACS) - NOAA - https://www.ncei.noaa.gov/products/international-best-track-archive;Philippines
1965149N18113;CARLA;typhon;;18.2;112.5;7.0;29/05/1965;50000.0;0.4;;False;International Best Track Archive for Climate Stewardship (IBTrACS) - NOAA - https://www.ncei.noaa.gov/access/metadata/landing-page/bin/iso?id=gov.noaa.ncdc:C00834;Chine
1965150N18109;BABE;typhon;;24.6;115.9;7.0;05/06/1965;500000.0;0.6;;False;International Best Track Archive for Climate Stewardship (IBTrACS) - NOAA - https://www.ncdc.noaa.gov/ibtracs/;Chine
1965161N09151;DINAH;typhon;;25.5;121.4;7.0;19/06/1965;500000.0;0.7;;False;Japan Meteorological Agency (JMA) Archives - https://www.jma.go.jp/jma/jma-eng/jma-center/rsmc-hp-pub-eg/besttrack.html;Taïwan
1965169N08142;EMMA;typhon;;25.5;125.4;7.0;25/06/1965;50000.0;0.4;;False;International Best Track Archive for Climate Stewardship (IBTrACS) - NOAA - https://www.ncei.noaa.gov/products/international-best-track-archive;Japon
1965182N12264;BERNICE;ouragan;;16.9;-109.0;5.0;05/07/1965;50000.0;0.4;;False;NOAA Historical Hurricane Tracks - https://coast.noaa.gov/hurricanes/?redirect=301ocm;Mexique
1965187N08144;FREDA;typhon;;22.3;105.1;7.0;16/07/1965;500000.0;0.4;;False;International Best Track Archive for Climate Stewardship (IBTrACS) - NOAA - https://www.ncdc.noaa.gov/ibtracs/;Vietnam
1965194N06156;GILDA;typhon;;6.6;154.7;7.0;12/07/1965;50000.0;0.3;;False;NOAA Historical Hurricane Tracks - https://coast.noaa.gov/hurricanes/?storm=19-1965;États fédérés de Micronésie
1965200N10152;HARRIET;typhon;;9.5;152.3;7.0;19/07/1965;50000.0;0.3;;False;International Best Track Archive for Climate Stewardship (IBTrACS) - NOAA - https://www.ncei.noaa.gov/products/international-best-track-archive;Philippines
1965205N07163;JEAN;typhon;;33.7;131.0;7.0;06/08/1965;500000.0;0.7;;False;Japan Meteorological Agency (JMA) - Archives historiques - https://www.jma.go.jp/jma/indexe.html;Japon
1965208N14133;IVY;typhon;;13.4;130.8;7.0;31/07/1965;50000.0;0.4;;False;International Best Track Archive for Climate Stewardship (IBTrACS) - https://www.ncdc.noaa.gov/ibtracs/;Philippines
1965226N17116;NADINE;typhon;;17.6;103.3;7.0;19/08/1965;50000.0;0.4;;False;NOAA Historical Hurricane Tracks - https://coast.noaa.gov/hurricanes/?storm=1965226N17116;Thaïlande
1965226N20139;MARY;typhon;;38.8;126.1;7.0;23/08/1965;500000.0;0.6;;False;International Best Track Archive for Climate Stewardship (IBTrACS) - NOAA - https://www.ncei.noaa.gov/products/international-best-track-archive;Corée du Nord
1965227N12173;LUCY;typhon;;17.6;166.0;7.0;16/08/1965;50000.0;0.4;;False;International Best Track Archive for Climate Stewardship (IBTrACS) - NOAA - https://www.ncdc.noaa.gov/ibtracs/;Îles Marshall
1965229S08062;BRENDA;cyclone;;-8.1;62.3;5.0;16/08/1965;50000.0;0.4;;False;International Best Track Archive for Climate Stewardship (IBTrACS) - NOAA - https://www.ncdc.noaa.gov/ibtracs/;Seychelles
1965233N32308;ANNA;ouragan;;40.4;-49.4;5.0;24/08/1965;5000.0;0.3;;False;National Hurricane Center (HURDAT2) - https://www.nhc.noaa.gov/data/;Canada (Terre-Neuve-et-Labrador)
1965239N11310;BETSY;ouragan;;12.8;-57.9;7.0;28/08/1965;50000.0;0.6;;False;National Hurricane Center (NHC) - https://www.nhc.noaa.gov/data/hurdat/hurdat2-1851-2022-050423.txt;Barbade
1965241N19118;POLLY;typhon;;17.8;104.3;7.0;02/09/1965;500000.0;0.4;;False;International Best Track Archive for Climate Stewardship (IBTrACS) - https://www.ncdc.noaa.gov/ibtracs/;Laos
1965244N09145;SHIRLEY;typhon;;30.2;132.1;7.0;09/09/1965;50000.0;0.6;;False;Japan Meteorological Agency (JMA) - Archives historiques - https://www.jma.go.jp/jma/indexe.html;Japon
1965251N11143;TRIX;typhon;;29.0;133.0;7.0;16/09/1965;50000.0;0.4;;False;International Best Track Archive for Climate Stewardship (IBTrACS) - NOAA - https://www.ncei.noaa.gov/products/international-best-track-archive;Japon
1965256N13149;VIRGINIA;typhon;;24.5;142.1;7.0;15/09/1965;5000.0;0.3;;False;International Best Track Archive for Climate Stewardship (IBTrACS) - https://www.ncdc.noaa.gov/ibtracs/;Japon
1965259N08153;WENDY;typhon;;28.9;135.0;7.0;24/09/1965;50000.0;0.3;;False;International Best Track Archive for Climate Stewardship (IBTrACS) - NOAA - https://www.ncei.noaa.gov/products/international-best-track-archive;Japon
1965259N13340;CAROL;ouragan;;24.8;-41.1;7.0;21/09/1965;5000.0;0.3;;False;National Hurricane Center (NOAA) - https://www.nhc.noaa.gov/data/hurdat/hurdat2-1851-2022-050423.txt;Aucun (en mer, zone inhabitée)
1965269N08156;BESS;typhon;;44.8;154.3;7.0;05/10/1965;50000.0;0.3;;False;International Best Track Archive for Climate Stewardship (IBTrACS) - https://www.ncdc.noaa.gov/ibtracs/;Japon
1965274N09162;CARMEN;typhon;;26.7;146.5;7.0;08/10/1965;50000.0;0.3;;False;NOAA Historical Hurricane Tracks - https://coast.noaa.gov/hurricanes/?storm=1965274N09162;Japon
1965283N08168;DELLA;typhon;;30.6;146.9;7.0;18/10/1965;50000.0;0.3;;False;International Best Track Archive for Climate Stewardship (IBTrACS) - https://www.ncdc.noaa.gov/ibtracs/;Japon
1965286N17313;ELENA;ouragan;;31.5;-58.3;7.0;17/10/1965;5000.0;0.3;;False;NOAA Historical Hurricane Tracks - https://coast.noaa.gov/hurricanes/?redirect=301ocm;Bermudes
1965317N09169;FAYE;typhon;;20.7;127.4;7.0;24/11/1965;50000.0;0.3;;False;International Best Track Archive for Climate Stewardship (IBTrACS) - https://www.ncdc.noaa.gov/ibtracs/;Philippines
1965352N09111;GLORIA;cyclone;;6.7;96.6;7.0;21/12/1965;50000.0;0.3;;False;International Best Track Archive for Climate Stewardship (IBTrACS) - https://www.ncdc.noaa.gov/ibtracs/;Indonésie
1965355S09134;AMANDA:GISELE;cyclone;;-9.4;133.9;7.0;20/12/1965;50000.0;0.3;;False;International Best Track Archive for Climate Stewardship (IBTrACS) - NOAA - https://www.ncei.noaa.gov/products/international-best-track-archive;Indonésie
1965358S11061;CLAUDE;cyclone;;-11.2;60.6;7.0;24/12/1965;50000.0;0.3;;False;International Best Track Archive for Climate Stewardship (IBTrACS) - https://www.ncdc.noaa.gov/ibtracs/;Maurice
1966016S14130;JOY;cyclone;;-14.1;129.7;7.0;15/01/1966;50000.0;0.4;;False;International Best Track Archive for Climate Stewardship (IBTrACS) - https://www.ncdc.noaa.gov/ibtracs/;Australie
1966055S11099;JUDITH:MARTHA;cyclone;;-18.1;88.0;7.0;03/03/1966;50000.0;0.3;;False;International Best Track Archive for Climate Stewardship (IBTrACS) - NOAA - https://www.ncei.noaa.gov/products/international-best-track-archive;Maurice
1966055S14149;CONNIE;cyclone;;-13.8;149.0;7.0;23/02/1966;50000.0;0.4;;False;International Best Track Archive for Climate Stewardship (IBTrACS) - NOAA - https://www.ncei.noaa.gov/products/international-best-track-archive;Australie
1966073S13101;KAY:NANCY;cyclone;;-10.9;93.9;7.0;15/03/1966;50000.0;0.3;;False;International Best Track Archive for Climate Stewardship (IBTrACS) - NOAA - https://www.ncei.noaa.gov/products/international-best-track-archive;Indonésie
1966080S10100;NELLIE;cyclone;;-10.0;100.0;5.0;21/03/1966;50000.0;0.3;;False;International Best Track Archive for Climate Stewardship (IBTrACS) - https://www.ncdc.noaa.gov/ibtracs/;Indonésie
1966093N07166;HESTER;typhon;;10.6;152.6;7.0;06/04/1966;50000.0;0.3;;False;International Best Track Archive for Climate Stewardship (IBTrACS) - https://www.ncdc.noaa.gov/ibtracs/;États fédérés de Micronésie
1966130N06139;IRMA;typhon;;23.8;128.3;7.0;21/05/1966;50000.0;0.4;;False;NOAA Historical Hurricane Tracks - https://coast.noaa.gov/hurricanes/?storm=19-1966;Japon
1966141N16117;JUDY;typhon;;15.5;117.0;7.0;21/05/1966;50000.0;0.4;;False;International Best Track Archive for Climate Stewardship (IBTrACS) - https://www.ncdc.noaa.gov/ibtracs/;Philippines
1966171N09151;KIT;typhon;;31.0;136.9;7.0;28/06/1966;50000.0;0.6;;False;Japan Meteorological Agency (JMA) - Archives historiques - https://www.data.jma.go.jp/obd/stats/data/bosai/report/1966/19660628/19660628.html (estimation basée sur les données disponibles);Japon
1966181N29296;BECKY;ouragan;;35.5;-55.5;5.0;02/07/1966;50000.0;0.3;;False;NOAA Historical Hurricane Tracks - https://coast.noaa.gov/hurricanes/?storm=1966181N29296;Bermudes
1966189N11127;LOLA;typhon;;17.3;120.9;7.0;11/07/1966;50000.0;0.4;;False;International Best Track Archive for Climate Stewardship (IBTrACS) - NOAA - https://www.ncei.noaa.gov/products/international-best-track-archive;Philippines
1966194N17303;CELIA;ouragan;;30.3;-72.4;7.0;20/07/1966;50000.0;0.4;;False;NOAA Historical Hurricane Tracks - https://coast.noaa.gov/hurricanes/?storm=19-1966;États-Unis
1966195N18135;MAMIE;typhon;;18.1;135.1;7.0;14/07/1966;50000.0;0.3;;False;International Best Track Archive for Climate Stewardship (IBTrACS) - NOAA - https://www.ncei.noaa.gov/products/international-best-track-archive;Philippines
1966197N18143;NINA;typhon;;19.9;134.5;7.0;16/07/1966;50000.0;0.3;;False;International Best Track Archive for Climate Stewardship (IBTrACS) - NOAA - https://www.ncdc.noaa.gov/ibtracs/;Philippines
1966204N10325;ELLA;ouragan;;10.9;-38.7;5.0;23/07/1966;5000.0;0.2;;False;NOAA Historical Hurricane Tracks - https://coast.noaa.gov/hurricanes/;Cap-Vert
1966214N15145;RITA;typhon;;38.8;161.4;7.0;10/08/1966;50000.0;0.3;;False;NOAA Historical Hurricane Tracks - https://coast.noaa.gov/hurricanes/?storm=1966214N15145;Japon
1966223N16118;SUSAN;typhon;;23.0;124.5;7.0;16/08/1966;50000.0;0.4;;False;International Best Track Archive for Climate Stewardship (IBTrACS) - NOAA - https://www.ncdc.noaa.gov/ibtracs/;Japon
1966230N18149;VIOLA;typhon;;30.6;144.9;7.0;21/08/1966;50000.0;0.3;;False;International Best Track Archive for Climate Stewardship (IBTrACS) - NOAA - https://www.ncdc.noaa.gov/ibtracs/;Japon
1966230N27132;WINNIE;typhon;;43.0;122.2;7.0;26/08/1966;500000.0;0.4;;False;International Best Track Archive for Climate Stewardship (IBTrACS) - NOAA - https://www.ncei.noaa.gov/products/international-best-track-archive;Chine
1966233N13340;FAITH;ouragan;;15.1;-33.7;7.0;22/08/1966;50000.0;0.3;;False;NOAA Historical Hurricane Tracks - https://coast.noaa.gov/hurricanes/?redirect=301ocm;Cap-Vert
1966234N18169;BETTY;typhon;;18.3;167.0;7.0;21/08/1966;50000.0;0.4;;False;International Best Track Archive for Climate Stewardship (IBTrACS) - NOAA - https://www.ncei.noaa.gov/products/international-best-track-archive;Philippines
1966247N17137;DORIS;typhon;;23.3;138.8;7.0;07/09/1966;50000.0;0.4;;False;International Best Track Archive for Climate Stewardship (IBTrACS) - NOAA - https://www.ncdc.noaa.gov/ibtracs/;Japon
1966252N16151;FLOSSIE;typhon;;34.1;152.9;7.0;18/09/1966;50000.0;0.3;;False;NOAA Historical Hurricane Tracks - https://coast.noaa.gov/hurricanes/?storm=1966252N16151;Japon
1966252N17112;ELSIE;typhon;;29.3;129.2;7.0;18/09/1966;50000.0;0.6;;False;International Best Track Archive for Climate Stewardship (IBTrACS) - https://www.ncdc.noaa.gov/ibtracs/;Japon
1966254N17160;GRACE;typhon;;16.6;160.0;7.0;10/09/1966;50000.0;0.4;;False;NOAA Historical Hurricane Tracks - https://coast.noaa.gov/hurricanes/?storm=1966254N17160;Philippines
1966259N15142;HELEN;typhon;;32.9;133.1;7.0;25/09/1966;500000.0;0.6;;False;Japan Meteorological Agency (JMA) - Archives historiques - https://www.jma.go.jp/jma/indexe.html;Japon
1966261N13158;IDA;typhon;;17.8;148.5;7.0;22/09/1966;50000.0;0.3;;False;International Best Track Archive for Climate Stewardship (IBTrACS) - NOAA - https://www.ncei.noaa.gov/products/international-best-track-archive;Îles Mariannes du Nord (États-Unis)
1966262N11160;JUNE;typhon;;27.8;143.9;7.0;27/09/1966;50000.0;0.3;;False;International Best Track Archive for Climate Stewardship (IBTrACS) - NOAA - https://www.ncei.noaa.gov/products/international-best-track-archive;Japon
1966269N19245;KIRSTEN;ouragan;;23.9;-111.7;7.0;28/09/1966;50000.0;0.6;;False;NOAA Historical Hurricane Tracks - https://coast.noaa.gov/hurricanes/?redirect=301ocm;Mexique
1966271S08085;ANGELA;cyclone;;-8.6;50.9;7.0;04/10/1966;50000.0;0.3;;False;International Best Track Archive for Climate Stewardship (IBTrACS) - NOAA - https://www.ncei.noaa.gov/products/international-best-track-archive;Madagascar
1966280N13154;KATHY;typhon;;43.0;190.0;7.0;21/10/1966;50000.0;0.4;;False;International Best Track Archive for Climate Stewardship (IBTrACS) - NOAA - https://www.ncei.noaa.gov/products/international-best-track-archive;Japon
1966303N14168;MARIE;typhon;;26.7;153.2;7.0;03/11/1966;50000.0;0.3;;False;International Best Track Archive for Climate Stewardship (IBTrACS) - NOAA - https://www.ncdc.noaa.gov/ibtracs/;Japon
1966309N26310;LOIS;ouragan;;25.1;-48.8;5.0;08/11/1966;5000.0;0.3;;False;NOAA Historical Hurricane Tracks - https://coast.noaa.gov/hurricanes/?storm=1966309N26310;Aucun (en mer, loin des terres)
1966345S09060;COLETTE;cyclone;;-30.6;61.4;7.0;21/12/1966;50000.0;0.3;;False;International Best Track Archive for Climate Stewardship (IBTrACS) - https://www.ncdc.noaa.gov/ibtracs/;Maurice
1966358N07139;PAMELA;typhon;;8.4;135.1;7.0;24/12/1966;50000.0;0.4;;False;International Best Track Archive for Climate Stewardship (IBTrACS) - https://www.ncdc.noaa.gov/ibtracs/;Philippines
1966360S11100;DELILAH;cyclone;;-22.0;92.5;7.0;31/12/1966;50000.0;0.4;;False;International Best Track Archive for Climate Stewardship (IBTrACS) - https://www.ncdc.noaa.gov/ibtracs/;Maurice
1967008S09071;GILBERTE;cyclone;;-25.8;57.2;7.0;15/01/1967;50000.0;0.4;;False;International Best Track Archive for Climate Stewardship (IBTrACS) - NOAA - https://www.ncei.noaa.gov/products/international-best-track-archive;Maurice
1967022S12165;AGNES:DINAH;cyclone;;-33.9;167.6;7.0;01/02/1967;5000.0;0.3;;False;International Best Track Archive for Climate Stewardship (IBTrACS) - NOAA - https://www.ncei.noaa.gov/products/international-best-track-archive;Nouvelle-Calédonie
1967039S13063;HUGUETTE;cyclone;;-27.2;53.8;5.0;17/02/1967;50000.0;0.4;;False;International Best Track Archive for Climate Stewardship (IBTrACS) - https://www.ncdc.noaa.gov/ibtracs/;Maurice
1967059N02145;SALLY;typhon;;5.4;137.4;7.0;01/03/1967;50000.0;0.3;;False;International Best Track Archive for Climate Stewardship (IBTrACS) - https://www.ncdc.noaa.gov/ibtracs/;Philippines
1967062S16123;GWEN;cyclone;;-20.6;124.3;7.0;06/03/1967;15000.0;0.3;;False;International Best Track Archive for Climate Stewardship (IBTrACS) - https://www.ncdc.noaa.gov/ibtracs/;Australie
1967072S15149;ELAINE;cyclone;;-19.1;152.7;7.0;16/03/1967;50000.0;0.4;;False;International Best Track Archive for Climate Stewardship (IBTrACS) - NOAA - https://www.ncei.noaa.gov/products/international-best-track-archive;Australie
1967075N08148;THERESE;typhon;;23.4;153.8;7.0;24/03/1967;50000.0;0.3;;False;International Best Track Archive for Climate Stewardship (IBTrACS) - https://www.ncdc.noaa.gov/ibtracs/;Japon
1967091N04151;VIOLET;typhon;;24.6;123.6;7.0;12/04/1967;50000.0;0.4;;False;International Best Track Archive for Climate Stewardship (IBTrACS) - NOAA - https://www.ncei.noaa.gov/products/international-best-track-archive;Japon
1967096S10096;JACKIE:LAURA;cyclone;;-22.6;88.7;7.0;12/04/1967;50000.0;0.4;;False;International Best Track Archive for Climate Stewardship (IBTrACS) - https://www.ncdc.noaa.gov/ibtracs/;Maurice
1967181N09148;BILLIE;typhon;;31.8;128.0;7.0;09/07/1967;500000.0;0.6;;False;International Best Track Archive for Climate Stewardship (IBTrACS) - NOAA - https://www.ncei.noaa.gov/products/international-best-track-archive;Japon
1967187N10264;DENISE;ouragan;;16.8;-137.4;7.0;14/07/1967;5000.0;0.3;;False;NOAA Historical Hurricane Tracks - https://coast.noaa.gov/hurricanes/?storm=19-1967;Polynésie française (îles isolées du Pacifique)
1967194N15243;ELEANOR;typhon;;17.1;-121.7;7.0;14/07/1967;50000.0;0.4;;False;International Best Track Archive for Climate Stewardship (IBTrACS) - https://www.ncdc.noaa.gov/ibtracs/;Philippines
1967200N16136;DOT;typhon;;20.2;137.8;7.0;20/07/1967;50000.0;0.3;;False;International Best Track Archive for Climate Stewardship (IBTrACS) - NOAA - https://www.ncei.noaa.gov/products/international-best-track-archive;Japon
1967200N19148;DOT;typhon;;21.4;144.9;7.0;21/07/1967;5000.0;0.3;;False;International Best Track Archive for Climate Stewardship (IBTrACS) - https://www.ncdc.noaa.gov/ibtracs/;Îles Mariannes du Nord (États-Unis)
1967205N13262;FRANCENE;ouragan;;13.0;-98.0;7.0;24/07/1967;50000.0;0.4;;False;NOAA Historical Hurricane Tracks - https://coast.noaa.gov/hurricanes/;Mexique
1967206N15153;ELLEN;typhon;;34.6;154.7;7.0;02/08/1967;50000.0;0.3;;False;Japan Meteorological Agency (JMA) - Archives historiques - https://www.jma.go.jp/jma/indexe.html;Japon
1967209N17139;GEORGIA;cyclone;;58.4;175.9;5.0;13/08/1967;5000.0;0.3;;False;NOAA Historical Hurricane Tracks - https://coast.noaa.gov/hurricanes/;États-Unis (Alaska, Îles Aléoutiennes)
1967215N20166;HOPE;typhon;;25.6;169.9;7.0;05/08/1967;50000.0;0.3;;False;NOAA Historical Hurricane Tracks - https://coast.noaa.gov/hurricanes/?storm=1967215N20166;Japon
1967222N10145;IRIS;typhon;;13.9;134.1;7.0;12/08/1967;50000.0;0.4;;False;International Best Track Archive for Climate Stewardship (IBTrACS) - https://www.ncdc.noaa.gov/ibtracs/;Philippines
1967224N13253;ILSA;ouragan;;15.8;-110.3;7.0;13/08/1967;5000.0;0.3;;False;NOAA Historical Hurricane Tracks - https://coast.noaa.gov/hurricanes/;Mexique
1967227N19144;LOUISE;typhon;;36.6;141.8;7.0;23/08/1967;500000.0;0.7;;False;Japan Meteorological Agency (JMA) - Archives historiques - https://www.data.jma.go.jp/obd/stats/data/bosai/report/1967/19670823/19670823.html;Japon
1967228N14132;KATE;typhon;;23.0;111.6;7.0;21/08/1967;500000.0;0.4;;False;International Best Track Archive for Climate Stewardship (IBTrACS) - NOAA - https://www.ncdc.noaa.gov/ibtracs/;Chine
1967229N21164;JOAN;typhon;;42.5;171.5;7.0;25/08/1967;50000.0;0.3;;False;NOAA Historical Hurricane Tracks - https://coast.noaa.gov/hurricanes/?storm=19-1967;Japon
1967230N15248;JEWEL;ouragan;;15.3;-111.6;5.0;18/08/1967;5000.0;0.2;;False;NOAA Historical Hurricane Tracks - https://coast.noaa.gov/hurricanes/?storm=1967230N15248;Mexique
1967241N16324;ARLENE;ouragan;;23.5;-49.0;4.0;31/08/1967;5000.0;0.8;;False;National Hurricane Center (NHC) - https://www.nhc.noaa.gov/data/hurdat/hurdat2-1851-2022-050423.txt;Aucun (zone océanique)
1967248N15341;CHLOE;ouragan;;41.9;-50.7;7.0;17/09/1967;5000.0;0.3;;False;NOAA Historical Hurricane Tracks - https://coast.noaa.gov/hurricanes/?storm=1967248N15341;Canada
1967248N23168;RUTH;cyclone;;33.7;151.5;5.0;13/09/1967;50000.0;0.7;;False;International Best Track Archive for Climate Stewardship (IBTrACS) - https://www.ncdc.noaa.gov/ibtracs/;Australie
1967252N11211;SARAH;typhon;;34.7;149.8;7.0;21/09/1967;50000.0;0.4;;False;Japan Meteorological Agency (JMA) Archives - https://www.data.jma.go.jp/obd/stats/data/bosai/report/1967/19670921/19670921.html;Japon
1967253N29167;THELMA;typhon;;29.9;162.7;7.0;10/09/1967;5000.0;0.3;;False;NOAA Historical Hurricane Tracks - https://coast.noaa.gov/hurricanes/?storm=1967253N29167;Japon
1967256N18163;VERA;typhon;;20.3;164.1;8.0;13/09/1967;50000.0;0.3;;False;International Best Track Archive for Climate Stewardship (IBTrACS) - NOAA - https://www.ncdc.noaa.gov/ibtracs/;Japon
1967259N17145;WANDA;typhon;;33.3;145.4;7.0;24/09/1967;50000.0;0.7;;False;Japan Meteorological Agency (JMA) - https://www.jma.go.jp/jma/indexe.html (archives historiques);Japon
1967268N06165;AMY;typhon;;30.9;147.5;7.0;05/10/1967;50000.0;0.3;;False;Japan Meteorological Agency (JMA) - Archives historiques - https://www.jma.go.jp/jma/indexe.html | NOAA Historical Hurricane Tracks - https://coast.noaa.gov/hurricanes/;Japon
1967280N20150;BABE;typhon;;30.2;152.4;7.0;09/10/1967;50000.0;0.3;;False;International Best Track Archive for Climate Stewardship (IBTrACS) - https://www.ncdc.noaa.gov/ibtracs/;Japon
1967289N09149;DINAH;typhon;;12.6;145.9;7.0;17/10/1967;50000.0;0.4;;False;International Best Track Archive for Climate Stewardship (IBTrACS) - NOAA - https://www.ncei.noaa.gov/products/international-best-track-archive;Guam (États-Unis)
1967293N21306;HEIDI;ouragan;;30.7;-64.0;7.0;23/10/1967;50000.0;0.7;;False;National Hurricane Center (NHC) - https://www.nhc.noaa.gov/data/#hurdat;Bermudes
1967303N07150;EMMA;typhon;;6.5;150.0;7.0;30/10/1967;50000.0;0.3;;False;International Best Track Archive for Climate Stewardship (IBTrACS) - NOAA - https://www.ncei.noaa.gov/products/international-best-track-archive;États fédérés de Micronésie
1967314S05163;ANNIE;cyclone;;-17.1;158.3;7.0;15/11/1967;50000.0;0.4;;False;International Best Track Archive for Climate Stewardship (IBTrACS) - https://www.ncdc.noaa.gov/ibtracs/;Fidji
1967320N10171;HARRIET;typhon;;8.8;167.0;7.0;16/11/1967;50000.0;0.3;;False;International Best Track Archive for Climate Stewardship (IBTrACS) - NOAA - https://www.ncdc.noaa.gov/ibtracs/;Micronésie (États fédérés de Micronésie)
1967354S12057;CARMEN;cyclone;;-28.0;66.4;7.0;27/12/1967;50000.0;0.3;;False;International Best Track Archive for Climate Stewardship (IBTrACS) - NOAA - https://www.ncdc.noaa.gov/ibtracs/;Maurice
1967363S10078;AMY:ELSPETH;cyclone;;-19.6;70.1;7.0;06/01/1968;50000.0;0.4;;False;International Best Track Archive for Climate Stewardship (IBTrACS) - NOAA - https://www.ncdc.noaa.gov/ibtracs/;Maurice
1968007S17042;FLOSSIE;cyclone;;-32.8;41.1;5.0;13/01/1968;5000.0;0.3;;False;International Best Track Archive for Climate Stewardship (IBTrACS) - NOAA - https://www.ncei.noaa.gov/products/international-best-track-archive;Madagascar
1968009S13071;GEORGETTE;cyclone;;-34.9;53.0;5.0;01/02/1968;50000.0;0.4;;False;International Best Track Archive for Climate Stewardship (IBTrACS) - https://www.ncdc.noaa.gov/ibtracs/;La Réunion (France)
1968014S13166;BRENDA;cyclone;;-12.9;165.6;7.0;13/01/1968;50000.0;0.4;;False;International Best Track Archive for Climate Stewardship (IBTrACS) - NOAA - https://www.ncdc.noaa.gov/ibtracs/;Îles Salomon
1968044S15122;GINA:JANINE;cyclone;;-40.3;73.1;7.0;01/03/1968;50000.0;0.3;;False;International Best Track Archive for Climate Stewardship (IBTrACS) - https://www.ncdc.noaa.gov/ibtracs/;Chili
1968060S14167;FLORENCE;cyclone;;-30.4;171.4;7.0;07/03/1968;5000.0;0.3;;False;International Best Track Archive for Climate Stewardship (IBTrACS) - https://www.ncdc.noaa.gov/ibtracs/;Nouvelle-Calédonie (France)
1968086S13078;MONIQUE;cyclone;;-35.0;69.8;7.0;02/04/1968;50000.0;0.3;;False;International Best Track Archive for Climate Stewardship (IBTrACS) - https://www.ncdc.noaa.gov/ibtracs/;La Réunion (France)
1968094S08156;GISELE:GISELLE;cyclone;;-25.9;167.0;7.0;08/04/1968;5000.0;0.3;;False;International Best Track Archive for Climate Stewardship (IBTrACS) - NOAA - https://www.ncdc.noaa.gov/ibtracs/;Nouvelle-Calédonie (France)
1968097N05157;JEAN;typhon;;29.5;147.9;7.0;19/04/1968;50000.0;0.3;;False;Japan Meteorological Agency (JMA) - Archives historiques - https://www.jma.go.jp/jma/indexe.html;Japon
1968149N10150;KIM;typhon;;32.1;151.0;7.0;07/06/1968;50000.0;0.3;;False;Japan Meteorological Agency (JMA) - Archives historiques - https://www.jma.go.jp/jma/indexe.html | NOAA Historical Hurricane Tracks - https://coast.noaa.gov/hurricanes/;Japon
1968170N25279;BRENDA;ouragan;;35.4;-64.3;5.0;24/06/1968;5000.0;0.7;;False;NOAA Historical Hurricane Tracks - https://coast.noaa.gov/hurricanes/?redirect=301ocm;Bermudes
1968174N20265;CANDY;ouragan;;27.3;-97.0;6.0;23/06/1968;50000.0;0.7;;False;National Hurricane Center (HURDAT2) - https://www.nhc.noaa.gov/data/;États-Unis
1968178N13156;LUCY;typhon;;16.6;139.2;7.0;28/06/1968;50000.0;0.3;;False;International Best Track Archive for Climate Stewardship (IBTrACS) - https://www.ncdc.noaa.gov/ibtracs/;Philippines
1968201N13152;MARY;typhon;;35.1;143.5;7.0;01/08/1968;50000.0;0.6;;False;Japan Meteorological Agency (JMA) - Archives historiques - https://www.data.jma.go.jp/obd/stats/data/bosai/report/1968/19680801/;Japon
1968203N11257;DIANA;ouragan;;12.6;-104.5;7.0;21/07/1968;50000.0;0.3;;False;NOAA Historical Hurricane Tracks - https://coast.noaa.gov/hurricanes/?storm=1968203N11257;Mexique
1968203N18119;OLIVE;typhon;;17.0;116.1;7.0;25/07/1968;50000.0;0.4;;False;International Best Track Archive for Climate Stewardship (IBTrACS) - https://www.ncdc.noaa.gov/ibtracs/;Philippines
1968206N11259;ESTELLE;ouragan;;13.4;-122.8;5.0;28/07/1968;50000.0;0.4;;False;National Hurricane Center (HURDAT2) - https://www.nhc.noaa.gov/data/;Mexique
1968217N17163;POLLY;typhon;;32.2;127.3;7.0;16/08/1968;500000.0;0.6;;False;International Best Track Archive for Climate Stewardship (IBTrACS) - NOAA - https://www.ncdc.noaa.gov/ibtracs/;Japon
1968223N26280;DOLLY;ouragan;;35.0;-71.3;5.0;12/08/1968;50000.0;0.7;;False;National Hurricane Center (NHC) - https://www.nhc.noaa.gov/data/hurdat/hurdat2-1851-2022-050423.txt;États-Unis
1968234N10254;JOANNE;ouragan;;24.9;-126.7;7.0;27/08/1968;50000.0;0.3;;False;National Hurricane Center (NHC) - https://www.nhc.noaa.gov/data/hurdat/hurdat2-1851-2022-050423.txt;États-Unis (Californie/Basse-Californie)
1968235N20138;TRIX;typhon;;20.0;138.3;7.0;22/08/1968;50000.0;0.4;;False;International Best Track Archive for Climate Stewardship (IBTrACS) - https://www.ncdc.noaa.gov/ibtracs/;Japon
1968237N21177;VIRGINIA;typhon;;21.0;177.4;7.0;24/08/1968;50000.0;0.3;;False;International Best Track Archive for Climate Stewardship (IBTrACS) - NOAA - https://www.ncei.noaa.gov/products/international-best-track-archive;Fidji
1968240N11173;AGNES;typhon;;26.3;138.4;7.0;08/09/1968;50000.0;0.4;;False;International Best Track Archive for Climate Stewardship (IBTrACS) - NOAA - https://www.ncdc.noaa.gov/ibtracs/;Japon
1968243N23120;BESS;typhon;;20.1;109.1;7.0;10/09/1968;500000.0;0.4;;False;International Best Track Archive for Climate Stewardship (IBTrACS) - NOAA - https://www.ncdc.noaa.gov/ibtracs/;Chine
1968253N12261;NAOMI;ouragan;;24.2;-106.5;7.0;13/09/1968;50000.0;0.6;;False;NOAA Historical Hurricane Tracks - https://coast.noaa.gov/hurricanes/?storm=1968253N12261;Mexique
1968259N16152;CARMEN;typhon;;37.3;147.0;7.0;23/09/1968;50000.0;0.3;;False;Japan Meteorological Agency (JMA) - Archives historiques - https://www.jma.go.jp/jma/indexe.html;Japon
1968266N06142;ELAINE;typhon;;7.2;140.5;7.0;22/09/1968;50000.0;0.3;;False;International Best Track Archive for Climate Stewardship (IBTrACS) - https://www.ncdc.noaa.gov/ibtracs/;Philippines
1968268N26287;FRANCES;ouragan;;36.0;-53.5;7.0;29/09/1968;50000.0;0.3;;False;National Hurricane Center (HURDAT2) - https://www.nhc.noaa.gov/data/;Bermudes
1968275N13161;FAYE;typhon;;31.6;164.0;5.0;09/10/1968;5000.0;0.3;;False;International Best Track Archive for Climate Stewardship (IBTrACS) - NOAA - https://www.ncdc.noaa.gov/ibtracs/;Japon
1968286N07142;GLORIA;typhon;;29.3;137.3;7.0;24/10/1968;50000.0;0.4;;False;International Best Track Archive for Climate Stewardship (IBTrACS) - https://www.ncdc.noaa.gov/ibtracs/;Japon
1968288N14280;GLADYS;ouragan;;32.1;-79.0;7.0;19/10/1968;50000.0;0.7;;False;National Hurricane Center (NOAA) - https://www.nhc.noaa.gov/data/hurdat/hurdat2-1851-2022-050423.txt;États-Unis
1968292N09165;IRMA;typhon;;19.9;146.3;7.0;23/10/1968;50000.0;0.3;;False;NOAA Historical Hurricane Tracks - https://coast.noaa.gov/hurricanes/?storm=19-1968;Îles Mariannes du Nord (États-Unis)
1968300N10166;KIT;typhon;;24.0;147.1;7.0;04/11/1968;50000.0;0.3;;False;International Best Track Archive for Climate Stewardship (IBTrACS) - NOAA - https://www.ncdc.noaa.gov/ibtracs/;Japon
1968311N08165;LOLA;typhon;;24.6;146.2;7.0;11/11/1968;5000.0;0.3;;False;International Best Track Archive for Climate Stewardship (IBTrACS) - https://www.ncdc.noaa.gov/ibtracs/;Japon
1968320N07168;NINA;typhon;;9.4;163.1;7.0;16/11/1968;50000.0;0.4;;False;International Best Track Archive for Climate Stewardship (IBTrACS) - https://www.ncdc.noaa.gov/ibtracs/;Philippines
1968325N05168;ORA;typhon;;5.3;167.6;7.0;19/11/1968;5000.0;0.3;;False;International Best Track Archive for Climate Stewardship (IBTrACS) - https://www.ncdc.noaa.gov/ibtracs/;Îles Marshall
1968345S09162;BECKY;cyclone;;-14.6;164.3;7.0;13/12/1968;50000.0;0.3;;False;International Best Track Archive for Climate Stewardship (IBTrACS) - https://www.ncdc.noaa.gov/ibtracs/;Vanuatu
1968362S11091;BERTHE:BETTINA;cyclone;;-10.8;69.1;7.0;31/12/1968;50000.0;0.3;;False;International Best Track Archive for Climate Stewardship (IBTrACS) - NOAA - https://www.ncei.noaa.gov/products/international-best-track-archive;Maurice
1969016N07177;PHYLLIS;typhon;;13.1;147.6;7.0;21/01/1969;50000.0;0.4;;False;International Best Track Archive for Climate Stewardship (IBTrACS) - NOAA - https://www.ncei.noaa.gov/products/international-best-track-archive;Guam
1969027S08071;DANY;cyclone;;-30.0;44.6;5.0;09/02/1969;50000.0;0.3;;False;NOAA Historical Hurricane Tracks - https://coast.noaa.gov/hurricanes/;Madagascar
1969027S08161;COLLEEN;cyclone;;-32.7;173.0;5.0;06/02/1969;5000.0;0.3;;False;International Best Track Archive for Climate Stewardship (IBTrACS) - https://www.ncdc.noaa.gov/ibtracs/;Nouvelle-Zélande
1969036S13080;ENID:FANNY;cyclone;;-22.8;68.4;7.0;09/02/1969;50000.0;0.3;;False;International Best Track Archive for Climate Stewardship (IBTrACS) - https://www.ncdc.noaa.gov/ibtracs/;Maurice
1969078S09068;HELENE;cyclone;;-29.5;73.5;7.0;27/03/1969;50000.0;0.3;;False;International Best Track Archive for Climate Stewardship (IBTrACS) - https://www.ncdc.noaa.gov/ibtracs/;Maurice
1969088S10097;LEONIE;cyclone;;-26.4;102.0;7.0;05/04/1969;50000.0;0.3;;False;International Best Track Archive for Climate Stewardship (IBTrACS) - https://www.ncdc.noaa.gov/ibtracs/;Madagascar
1969183N13269;AVA;ouragan;;13.8;-95.1;7.0;02/07/1969;50000.0;0.4;;False;NOAA Historical Hurricane Tracks - https://coast.noaa.gov/hurricanes/;Mexique
1969187N09131;TESS;typhon;;17.3;104.0;7.0;12/07/1969;50000.0;0.4;;False;International Best Track Archive for Climate Stewardship (IBTrACS) - https://www.ncdc.noaa.gov/ibtracs/;Laos
1969206N09333;ANNA;ouragan;;14.9;-48.6;5.0;30/07/1969;50000.0;0.3;;False;NOAA Historical Hurricane Tracks - https://coast.noaa.gov/hurricanes/;Antigua-et-Barbuda
1969213N21140;ALICE;typhon;;34.6;136.6;7.0;04/08/1969;500000.0;0.6;;False;Japan Meteorological Agency (JMA) - Archives historiques - https://www.jma.go.jp/jma/indexe.html;Japon
1969216N09143;BETTY;typhon;;18.0;133.6;7.0;06/08/1969;50000.0;0.3;;False;NOAA Historical Hurricane Tracks - https://coast.noaa.gov/hurricanes/?storm=1969216N09143;Philippines
1969223N26288;BLANCHE;ouragan;;29.1;-71.7;7.0;11/08/1969;50000.0;0.7;;False;National Hurricane Center (HURDAT2) - https://www.nhc.noaa.gov/data/;États-Unis (Floride/Caroline du Nord)
1969225N10150;CORA;typhon;;33.5;134.4;7.0;22/08/1969;500000.0;0.6;;False;Japan Meteorological Agency (JMA) - Archives historiques - https://www.jma.go.jp/jma/indexe.html;Japon
1969226N18280;CAMILLE;ouragan;;37.6;-84.0;9.5;20/08/1969;250000.0;0.7;;False;National Hurricane Center (NHC) - https://www.nhc.noaa.gov/archive/1969/CAMILLE.shtml;États-Unis
1969227N13325;DEBBIE;ouragan;;38.5;-55.0;7.0;23/08/1969;50000.0;0.7;;False;National Hurricane Center (NOAA) - https://www.nhc.noaa.gov/archive/1969/DEBBIE.shtml;États-Unis
1969231S09069;ALINE;cyclone;;-10.2;58.9;5.0;20/08/1969;50000.0;0.3;;False;International Best Track Archive for Climate Stewardship (IBTrACS) - https://www.ncdc.noaa.gov/ibtracs/;Madagascar
1969241N12298;FRANCELIA;ouragan;;12.0;-62.0;7.0;29/08/1969;50000.0;0.6;;False;National Hurricane Center (HURDAT2) - https://www.nhc.noaa.gov/data/;Saint-Vincent-et-les-Grenadines
1969250N26280;GERDA;ouragan;;32.5;-77.2;5.0;08/09/1969;50000.0;0.7;;False;National Hurricane Center (HURDAT2) - https://www.nhc.noaa.gov/data/;États-Unis
1969259N15165;ELSIE;typhon;;33.5;124.1;7.0;30/09/1969;50000.0;0.4;;False;International Best Track Archive for Climate Stewardship (IBTrACS) - NOAA - https://www.ncei.noaa.gov/products/international-best-track-archive;Corée du Sud
1969270N13139;FLOSSIE;typhon;;27.7;133.7;7.0;08/10/1969;50000.0;0.6;;False;NOAA Historical Hurricane Tracks - https://coast.noaa.gov/hurricanes/?storm=19-1969;Japon
1969271N23163;GRACE;ouragan;;23.5;158.9;7.0;03/10/1969;50000.0;0.7;;False;National Hurricane Center (NOAA) - https://www.nhc.noaa.gov/data/hurdat/hurdat2-1851-2022-050423.txt;États-Unis (Hawaï)
1969279N11158;HELEN;typhon;;26.4;142.6;7.0;11/10/1969;50000.0;0.3;;False;International Best Track Archive for Climate Stewardship (IBTrACS) - NOAA - https://www.ncei.noaa.gov/products/international-best-track-archive;Japon
1969281N20292;KARA;ouragan;;36.3;-66.2;7.0;16/10/1969;50000.0;0.4;;False;NOAA Historical Hurricane Tracks - https://coast.noaa.gov/hurricanes/;États-Unis
1969281S07076;BLANCHE;cyclone;;-6.1;74.3;7.0;07/10/1969;50000.0;0.3;;False;International Best Track Archive for Climate Stewardship (IBTrACS) - https://www.ncdc.noaa.gov/ibtracs/;Maurice
1969287N11150;IDA;typhon;;33.8;158.3;7.0;22/10/1969;50000.0;0.3;;False;NOAA Historical Hurricane Tracks - https://coast.noaa.gov/hurricanes/?storm=19-1969;Japon
1969299N10142;JUNE;typhon;;25.6;134.3;7.0;04/11/1969;50000.0;0.3;;False;Japan Meteorological Agency (JMA) - Archives historiques - https://www.jma.go.jp/jma/indexe.html;Japon
1969306N08156;KATHY;typhon;;22.1;130.6;7.0;08/11/1969;50000.0;0.4;;False;International Best Track Archive for Climate Stewardship (IBTrACS) - NOAA - https://www.ncdc.noaa.gov/ibtracs/;Japon
1969352N10146;MARIE;typhon;;18.9;145.9;7.0;21/12/1969;5000.0;0.3;;False;NOAA Historical Hurricane Tracks - https://coast.noaa.gov/hurricanes/?storm=19-1969;Îles Mariannes du Nord (États-Unis)
1970003S07097;DIANE:FRANCOISE;cyclone;;-14.7;93.3;7.0;07/01/1970;50000.0;0.3;;False;International Best Track Archive for Climate Stewardship (IBTrACS) - NOAA - https://www.ncei.noaa.gov/products/international-best-track-archive;Madagascar
1970010S12056;GENEVIEVE;cyclone;;-30.3;43.7;5.0;19/01/1970;50000.0;0.3;;False;NOAA Historical Hurricane Tracks - https://coast.noaa.gov/hurricanes/;Madagascar
1970022S11064;HERMINE;cyclone;;-25.5;56.4;5.0;26/01/1970;50000.0;0.4;;False;NOAA Historical Hurricane Tracks - https://coast.noaa.gov/hurricanes/;Maurice
1970026S24055;HERMINE;cyclone;;-26.5;55.4;7.0;26/01/1970;50000.0;0.4;;False;NOAA Historical Hurricane Tracks - https://coast.noaa.gov/hurricanes/;Maurice
1970027S12130;GLYNIS;cyclone;;-19.2;115.5;5.0;01/02/1970;50000.0;0.4;;False;International Best Track Archive for Climate Stewardship (IBTrACS) - https://www.ncdc.noaa.gov/ibtracs/;Australie
1970040S13101;JUDY;cyclone;;-20.9;88.0;7.0;19/02/1970;50000.0;0.3;;False;International Best Track Archive for Climate Stewardship (IBTrACS) - https://www.ncdc.noaa.gov/ibtracs/;Maurice
1970040S16083;JANE;cyclone;;-31.8;57.3;7.0;01/03/1970;50000.0;0.4;;False;International Best Track Archive for Climate Stewardship (IBTrACS) - https://www.ncdc.noaa.gov/ibtracs/;Maurice
1970041S16123;INGRID;cyclone;;-25.0;113.7;5.0;16/02/1970;5000.0;0.3;;False;International Best Track Archive for Climate Stewardship (IBTrACS) - NOAA - https://www.ncei.noaa.gov/products/international-best-track-archive;Australie
1970042S14155;FLORENCE;cyclone;;-15.6;159.9;7.0;12/02/1970;50000.0;0.3;;False;International Best Track Archive for Climate Stewardship (IBTrACS) - NOAA - https://www.ncdc.noaa.gov/ibtracs/;Îles Salomon
1970043S15163;DOLLY;cyclone;;-25.2;204.5;7.0;23/02/1970;50000.0;0.3;;False;NOAA Historical Hurricane Tracks - https://coast.noaa.gov/hurricanes/;Nouvelle-Calédonie
1970050N07151;NANCY;typhon;;22.2;127.9;7.0;27/02/1970;50000.0;0.4;;False;International Best Track Archive for Climate Stewardship (IBTrACS) - https://www.ncdc.noaa.gov/ibtracs/;Japon
1970058S15200;EMMA;cyclone;;-23.4;-150.4;5.0;03/03/1970;5000.0;0.3;;False;International Best Track Archive for Climate Stewardship (IBTrACS) - NOAA - https://www.ncei.noaa.gov/products/international-best-track-archive;Polynésie française
1970079S11071;LOUISE;cyclone;;-27.3;62.3;5.0;31/03/1970;50000.0;0.4;;False;International Best Track Archive for Climate Stewardship (IBTrACS) - NOAA - https://www.ncdc.noaa.gov/ibtracs/;Maurice
1970091S31067;LOUISE;cyclone;;-31.0;67.0;7.0;31/03/1970;50000.0;0.3;;False;International Best Track Archive for Climate Stewardship (IBTrACS) - NOAA - https://www.ncdc.noaa.gov/ibtracs/;Maurice
1970098S16182;GILLIAN;cyclone;;-22.8;-170.3;7.0;10/04/1970;5000.0;0.3;;False;International Best Track Archive for Climate Stewardship (IBTrACS) - https://www.ncdc.noaa.gov/ibtracs/;Fidji
1970151N11261;ADELE;typhon;;10.9;-113.8;7.0;03/06/1970;50000.0;0.3;;False;International Best Track Archive for Climate Stewardship (IBTrACS) - NOAA - https://www.ncei.noaa.gov/products/international-best-track-archive;Philippines
1970178N07153;OLGA;typhon;;30.1;131.3;7.0;04/07/1970;50000.0;0.6;;False;Japan Meteorological Agency (JMA) - https://www.jma.go.jp/jma/indexe.html | NOAA Historical Hurricane Tracks - https://coast.noaa.gov/hurricanes/;Japon
1970190N12140;RUBY;typhon;;8.0;131.3;7.0;11/07/1970;50000.0;0.4;;False;International Best Track Archive for Climate Stewardship (IBTrACS) - NOAA - https://www.ncei.noaa.gov/products/international-best-track-archive;Philippines
1970200N19277;BECKY;ouragan;;33.4;-85.6;5.0;23/07/1970;50000.0;0.7;;False;NOAA Historical Hurricane Tracks - https://coast.noaa.gov/hurricanes/?storm=1970200N19277;États-Unis
1970200N24161;SALLY;typhon;;39.1;164.0;7.0;23/07/1970;50000.0;0.3;;False;NOAA Historical Hurricane Tracks - https://coast.noaa.gov/hurricanes/;Japon
1970211N27183;THERESE;typhon;;33.8;165.9;7.0;02/08/1970;50000.0;0.3;;False;NOAA Historical Hurricane Tracks - https://coast.noaa.gov/hurricanes/?storm=1970211N27183;Japon
1970215N21137;VIOLET;typhon;;22.2;112.1;7.0;09/08/1970;500000.0;0.6;;False;International Best Track Archive for Climate Stewardship (IBTrACS) - NOAA - https://www.ncdc.noaa.gov/ibtracs/;Chine
1970219N18140;WILDA;typhon;;34.3;131.1;7.0;14/08/1970;500000.0;0.7;;False;Japan Meteorological Agency (JMA) - https://www.jma.go.jp/jma/indexe.html | International Best Track Archive for Climate Stewardship (IBTrACS) - https://www.ncdc.noaa.gov/ibtracs/;Japon
1970225N12149;ANITA;typhon;;37.5;133.4;7.0;21/08/1970;50000.0;0.6;;False;Japan Meteorological Agency (JMA) - Archives historiques - https://www.jma.go.jp/jma/indexe.html;Japon
1970233N15138;BILLIE;typhon;;39.1;126.0;7.0;31/08/1970;500000.0;0.7;;False;International Best Track Archive for Climate Stewardship (IBTrACS) - https://www.ncdc.noaa.gov/ibtracs/;Corée du Nord
1970244N25186;DOT;typhon;;37.1;182.8;7.0;03/09/1970;50000.0;0.3;;False;NOAA Historical Hurricane Tracks - https://coast.noaa.gov/hurricanes/?storm=1970244N25186;Japon
1970245N19131;FRAN;typhon;;25.7;128.6;7.0;05/09/1970;500000.0;0.4;;False;NOAA Historical Hurricane Tracks - https://coast.noaa.gov/hurricanes/?storm=19-1970;Japon
1970246N14142;ELLEN;typhon;;13.6;142.3;7.0;02/09/1970;50000.0;0.3;;False;NOAA Historical Hurricane Tracks - https://coast.noaa.gov/hurricanes/?storm=1970246N14142;Guam
1970252N16277;ELLA;ouragan;;22.0;-89.0;5.0;10/09/1970;50000.0;0.6;;False;NOAA Historical Hurricane Tracks - https://coast.noaa.gov/hurricanes/;Mexique
1970259S10059;ANDREE;cyclone;;-10.0;54.2;7.0;17/09/1970;50000.0;0.3;;False;International Best Track Archive for Climate Stewardship (IBTrACS) - NOAA - https://www.ncdc.noaa.gov/ibtracs/;Madagascar
1970274S08076;BETSY;cyclone;;-5.7;73.2;7.0;01/10/1970;50000.0;0.4;;False;International Best Track Archive for Climate Stewardship (IBTrACS) - NOAA - https://www.ncei.noaa.gov/products/international-best-track-archive;Maldives
1970296N07134;LOUISE;typhon;;11.3;104.6;7.0;29/10/1970;500000.0;0.4;;False;International Best Track Archive for Climate Stewardship (IBTrACS) - NOAA - https://www.ncdc.noaa.gov/ibtracs/;Cambodge
1970318N13157;PATSY;typhon;;13.0;157.0;7.0;13/11/1970;50000.0;0.3;;False;International Best Track Archive for Climate Stewardship (IBTrACS) - NOAA - https://www.ncdc.noaa.gov/ibtracs/;Philippines
1970330S09138;BEVERLEY:EVA;cyclone;;-11.3;128.6;5.0;01/12/1970;50000.0;0.4;;False;International Best Track Archive for Climate Stewardship (IBTrACS) - NOAA - https://www.ncei.noaa.gov/products/international-best-track-archive;Australie
1970345S09089;DOMINIQUE:HILARY;cyclone;;-15.3;66.6;7.0;22/12/1970;50000.0;0.3;;False;NOAA Historical Hurricane Tracks - https://coast.noaa.gov/hurricanes/;Maurice
1970351S17176;PRISCILLA;cyclone;;-21.5;179.8;5.0;18/12/1970;50000.0;0.3;;False;International Best Track Archive for Climate Stewardship (IBTrACS) - NOAA - https://www.ncdc.noaa.gov/ibtracs/;Fidji
1970364S15165;ROSIE;cyclone;;-24.6;165.7;7.0;02/01/1971;5000.0;0.3;;False;NOAA Historical Hurricane Tracks - https://coast.noaa.gov/hurricanes/?storm=1970364S15165;Nouvelle-Calédonie
1971008N08143;SARAH;typhon;;16.9;144.1;7.0;12/01/1971;50000.0;0.4;;False;International Best Track Archive for Climate Stewardship (IBTrACS) - NOAA - https://www.ncei.noaa.gov/products/international-best-track-archive;Îles Mariannes du Nord (États-Unis)
1971020S11094;POLLY;cyclone;;-17.7;84.7;7.0;24/01/1971;50000.0;0.3;;False;International Best Track Archive for Climate Stewardship (IBTrACS) - https://www.ncdc.noaa.gov/ibtracs/;Madagascar
1971044S17083;TILLY;cyclone;;-17.9;83.7;5.0;13/02/1971;50000.0;0.3;;False;International Best Track Archive for Climate Stewardship (IBTrACS) - https://www.ncdc.noaa.gov/ibtracs/;Inde
1971046S17158;IDA;cyclone;;-25.4;168.9;7.0;21/02/1971;5000.0;0.3;;False;NOAA Historical Hurricane Tracks - https://coast.noaa.gov/hurricanes/?storm=19-1971;Nouvelle-Calédonie
1971047S15090;KALINKA;cyclone;;-16.1;84.9;7.0;17/02/1971;50000.0;0.3;;False;International Best Track Archive for Climate Stewardship (IBTrACS) - https://www.ncdc.noaa.gov/ibtracs/;Maurice
1971048S16141;FIONA;cyclone;;-21.8;161.8;7.0;28/02/1971;50000.0;0.3;;False;NOAA Historical Hurricane Tracks - https://coast.noaa.gov/hurricanes/;Nouvelle-Calédonie
1971050S13093;LISE:YVONNE;cyclone;;-15.2;89.7;7.0;21/02/1971;50000.0;0.3;;False;International Best Track Archive for Climate Stewardship (IBTrACS) - https://www.ncdc.noaa.gov/ibtracs/;Australie
1971066S10091;MAGGIE:MURIEL;cyclone;;-33.0;77.5;5.0;17/03/1971;50000.0;0.3;;False;International Best Track Archive for Climate Stewardship (IBTrACS) - https://www.ncdc.noaa.gov/ibtracs/;La Réunion (France)
1971072S13155;LENA;cyclone;;-24.3;166.6;5.0;20/03/1971;5000.0;0.4;;False;International Best Track Archive for Climate Stewardship (IBTrACS) - NOAA - https://www.ncei.noaa.gov/products/international-best-track-archive;Nouvelle-Calédonie
1971074N06134;THELMA;typhon;;10.4;130.2;7.0;19/03/1971;50000.0;0.4;;False;International Best Track Archive for Climate Stewardship (IBTrACS) - NOAA - https://www.ncei.noaa.gov/products/international-best-track-archive;Philippines
1971082S17121;MAVIS;cyclone;;-22.9;106.5;7.0;27/03/1971;50000.0;0.3;;False;International Best Track Archive for Climate Stewardship (IBTrACS) - https://www.ncdc.noaa.gov/ibtracs/;Australie
1971098N08142;VERA;typhon;;26.5;135.7;8.0;18/04/1971;500000.0;0.4;;False;Japan Meteorological Agency (JMA) - Archives historiques - https://www.data.jma.go.jp/obd/stats/data/bosai/report/1971/19710418/19710418.html;Japon
1971118N05155;AMY;typhon;;26.1;147.6;7.0;06/05/1971;50000.0;0.3;;False;Japan Meteorological Agency (JMA) - Archives historiques - https://www.jma.go.jp/jma/indexe.html | NOAA Historical Hurricane Tracks - https://coast.noaa.gov/hurricanes/;Japon
1971122N14120;BABE;typhon;;21.6;126.8;7.0;06/05/1971;50000.0;0.4;;False;International Best Track Archive for Climate Stewardship (IBTrACS) - NOAA - https://www.ncdc.noaa.gov/ibtracs/;Taïwan
1971137N10129;CARLA;typhon;;25.9;128.4;7.0;22/05/1971;500000.0;0.6;;False;Japan Meteorological Agency (JMA) - Archives historiques - https://www.jma.go.jp/jma/indexe.html;Japon
1971141N07156;DINAH;typhon;;8.7;143.0;7.0;23/05/1971;50000.0;0.3;;False;International Best Track Archive for Climate Stewardship (IBTrACS) - https://www.ncdc.noaa.gov/ibtracs/;Philippines
1971166N12270;BRIDGET;ouragan;;12.0;-90.7;5.0;14/06/1971;50000.0;0.4;;False;NOAA Historical Hurricane Tracks - https://coast.noaa.gov/hurricanes/?redirect=301ocm;Mexique
1971173N09136;GILDA;typhon;;14.9;118.6;7.0;26/06/1971;50000.0;0.4;;False;International Best Track Archive for Climate Stewardship (IBTrACS) - NOAA - https://www.ncei.noaa.gov/products/international-best-track-archive;Philippines
1971185N23137;IVY;typhon;;24.8;134.4;7.0;05/07/1971;50000.0;0.4;;False;Japan Meteorological Agency (JMA) - https://www.jma.go.jp/jma/indexe.html | NOAA Historical Hurricane Tracks - https://coast.noaa.gov/hurricanes/;Japon
1971186N34285;ARLENE;ouragan;;40.1;-67.2;5.0;06/07/1971;50000.0;0.7;;False;National Hurricane Center (NHC) - https://www.nhc.noaa.gov/data/hurdat/hurdat2-1851-2022-050423.txt;États-Unis
1971188N12254;ELEANOR;ouragan;;13.1;-117.2;7.0;09/07/1971;50000.0;0.3;;False;NOAA Historical Hurricane Tracks - https://coast.noaa.gov/hurricanes/?storm=1971188N12254;Mexique
1971189N12130;KIM;typhon;;19.0;103.2;7.0;13/07/1971;500000.0;0.4;;False;International Best Track Archive for Climate Stewardship (IBTrACS) - NOAA - https://www.ncei.noaa.gov/products/international-best-track-archive;Laos
1971190S06074;ODETTE;cyclone;;-14.7;69.3;5.0;15/07/1971;50000.0;0.3;;False;International Best Track Archive for Climate Stewardship (IBTrACS) - NOAA - https://www.ncdc.noaa.gov/ibtracs/;Maurice
1971192N07153;LUCY;typhon;;22.9;111.1;7.0;22/07/1971;500000.0;0.4;;False;International Best Track Archive for Climate Stewardship (IBTrACS) - NOAA - https://www.ncei.noaa.gov/products/international-best-track-archive;Chine
1971195N24183;MARY;typhon;;39.1;162.1;7.0;20/07/1971;50000.0;0.3;;False;International Best Track Archive for Climate Stewardship (IBTrACS) - NOAA - https://www.ncdc.noaa.gov/ibtracs/;Japon
1971205N10153;OLIVE;typhon;;39.2;131.7;7.0;06/08/1971;50000.0;0.6;;False;International Best Track Archive for Climate Stewardship (IBTrACS) - NOAA - https://www.ncei.noaa.gov/products/international-best-track-archive;Corée du Nord
1971212N12262;ILSA;ouragan;;12.9;-102.7;7.0;01/08/1971;50000.0;0.4;;False;NOAA Historical Hurricane Tracks - https://coast.noaa.gov/hurricanes/;Mexique
1971216N11143;POLLY;typhon;;11.1;143.5;7.0;03/08/1971;50000.0;0.3;;False;International Best Track Archive for Climate Stewardship (IBTrACS) - https://www.ncdc.noaa.gov/ibtracs/;Philippines
1971218N08161;ROSE;typhon;;9.7;152.9;5.0;07/08/1971;50000.0;0.3;;False;International Best Track Archive for Climate Stewardship (IBTrACS) - https://www.ncdc.noaa.gov/ibtracs/;Micronésie (États fédérés de Micronésie)
1971222N23155;SHIRLEY;typhon;;34.5;146.9;7.0;16/08/1971;50000.0;0.3;;False;International Best Track Archive for Climate Stewardship (IBTrACS) - NOAA - https://www.ncdc.noaa.gov/ibtracs/;Japon
1971231N13308;CHLOE;ouragan;;13.0;-52.5;7.0;18/08/1971;50000.0;0.3;;False;NOAA Historical Hurricane Tracks - https://coast.noaa.gov/hurricanes/?redirect=301ocm;Barbade
1971231N24151;TRIX;typhon;;34.8;139.0;7.0;31/08/1971;500000.0;0.7;;False;Japan Meteorological Agency (JMA) - Archives historiques - https://www.data.jma.go.jp/obd/stats/data/bosai/report/1971/19710831/19710831.html;Japon
1971233N12313;DORIA;ouragan;;33.8;-77.0;5.0;27/08/1971;50000.0;0.7;;False;NOAA Historical Hurricane Tracks - https://coast.noaa.gov/hurricanes/?redirect=301ocm;États-Unis
1971242N09135;VIRGINIA;typhon;;9.2;135.0;7.0;30/08/1971;50000.0;0.4;;False;International Best Track Archive for Climate Stewardship (IBTrACS) - NOAA - https://www.ncei.noaa.gov/products/international-best-track-archive;Philippines
1971246N22172;WENDY;typhon;;22.3;171.9;7.0;03/09/1971;50000.0;0.3;;False;International Best Track Archive for Climate Stewardship (IBTrACS) - NOAA - https://www.ncdc.noaa.gov/ibtracs/;Îles Marshall
1971249N11302;EDITH;ouragan;;31.2;-90.7;7.0;16/09/1971;50000.0;0.7;;False;National Hurricane Center (NHC) - https://www.nhc.noaa.gov/data/hurdat/hurdat2-1851-2022-050423.txt;États-Unis
1971249N26289;GINGER;ouragan;;33.7;-51.5;5.0;14/09/1971;0.0;0.1;;False;National Hurricane Center (HURDAT2) - https://www.nhc.noaa.gov/data/;Aucun (en mer)
1971254N27288;HEIDI;ouragan;;37.1;-69.9;5.0;14/09/1971;50000.0;0.7;;False;NOAA Historical Hurricane Tracks - https://coast.noaa.gov/hurricanes/?storm=1971254N27288;États-Unis
1971258N20158;BESS;typhon;;27.5;118.4;7.0;23/09/1971;500000.0;0.6;;False;International Best Track Archive for Climate Stewardship (IBTrACS) - NOAA - https://www.ncdc.noaa.gov/ibtracs/;Chine
1971264N12321;JANICE;ouragan;;11.5;-38.8;7.0;21/09/1971;50000.0;0.3;;False;NOAA Historical Hurricane Tracks - https://coast.noaa.gov/hurricanes/;Cap-Vert
1971266N16145;CARMEN;typhon;;24.2;132.6;7.0;25/09/1971;50000.0;0.4;;False;International Best Track Archive for Climate Stewardship (IBTrACS) - NOAA - https://www.ncdc.noaa.gov/ibtracs/;Japon
1971267N12130;DELLA;typhon;;18.0;100.1;7.0;01/10/1971;500000.0;0.4;;False;International Best Track Archive for Climate Stewardship (IBTrACS) - NOAA - https://www.ncei.noaa.gov/products/international-best-track-archive;Thaïlande
1971275N10176;FAYE:GLORIA;typhon;;10.4;175.7;7.0;02/10/1971;50000.0;0.3;;False;International Best Track Archive for Climate Stewardship (IBTrACS) - NOAA - https://www.ncei.noaa.gov/products/international-best-track-archive;Îles Marshall
1971291N25302;KRISTY;ouragan;;31.8;-55.6;5.0;19/10/1971;5000.0;0.2;;False;National Hurricane Center (HURDAT2) - https://www.nhc.noaa.gov/data/;Bermudes
1971311N06141;IRMA;typhon;;27.0;130.7;7.0;14/11/1971;50000.0;0.6;;False;Japan Meteorological Agency (JMA) - https://www.jma.go.jp/jma/indexe.html;Japon
1971350S14194;VIVIENNE;cyclone;;-15.9;-160.9;5.0;17/12/1971;5000.0;0.3;;False;International Best Track Archive for Climate Stewardship (IBTrACS) - NOAA - https://www.ncei.noaa.gov/products/international-best-track-archive;Îles Cook (Polynésie)
1971354S11159;ALTHEA;cyclone;;-25.7;149.7;7.0;27/12/1971;50000.0;0.4;;False;Bureau of Meteorology (Australie) - https://www.bom.gov.au/cyclone/history/althea.shtml;Australie
1972001S15070;BELLE;cyclone;;-19.1;60.8;7.0;05/01/1972;50000.0;0.4;;False;International Best Track Archive for Climate Stewardship (IBTrACS) - NOAA - https://www.ncdc.noaa.gov/ibtracs/;Maurice
1972005S10152;CARLOTTA;cyclone;;-29.8;174.2;5.0;21/01/1972;5000.0;0.3;;False;NOAA Historical Hurricane Tracks - https://coast.noaa.gov/hurricanes/;Nouvelle-Zélande
1972041S12088;FABIENNE;cyclone;;-12.1;88.0;7.0;10/02/1972;50000.0;0.3;;False;International Best Track Archive for Climate Stewardship (IBTrACS) - NOAA - https://www.ncei.noaa.gov/products/international-best-track-archive;Australie
1972051S12115;GIGI:TESSIE;cyclone;;-16.8;102.1;5.0;22/02/1972;50000.0;0.4;;False;International Best Track Archive for Climate Stewardship (IBTrACS) - NOAA - https://www.ncdc.noaa.gov/ibtracs/;Madagascar
1972056S21089;GIGI:TESSIE;cyclone;;-20.5;88.2;7.0;25/02/1972;50000.0;0.3;;False;International Best Track Archive for Climate Stewardship (IBTrACS) - NOAA - https://www.ncdc.noaa.gov/ibtracs/;Maurice
1972077S15178;YOLANDE;cyclone;;-18.1;174.1;7.0;18/03/1972;50000.0;0.4;;False;International Best Track Archive for Climate Stewardship (IBTrACS) - NOAA - https://www.ncdc.noaa.gov/ibtracs/;Fidji
1972088S11158;EMILY;cyclone;;-26.1;151.8;7.0;02/04/1972;50000.0;0.4;;False;International Best Track Archive for Climate Stewardship (IBTrACS) - NOAA - https://www.ncdc.noaa.gov/ibtracs/;Australie
1972148N07168;LOLA;cyclone;;36.7;172.4;7.0;07/06/1972;50000.0;0.3;;False;NOAA Historical Hurricane Tracks - https://coast.noaa.gov/hurricanes/?storm=1972148N07168;Nouvelle-Zélande
1972151S05156;IDA;cyclone;;-13.5;161.6;7.0;01/06/1972;50000.0;0.3;;False;International Best Track Archive for Climate Stewardship (IBTrACS) - NOAA - https://www.ncdc.noaa.gov/ibtracs/;Îles Salomon
1972153N14117;MAMIE;typhon;;18.2;109.2;7.0;04/06/1972;50000.0;0.4;;False;International Best Track Archive for Climate Stewardship (IBTrACS) - NOAA - https://www.ncei.noaa.gov/products/international-best-track-archive;Chine
1972167N20271;AGNES;ouragan;;39.2;-73.1;7.0;22/06/1972;500000.0;0.7;;False;National Hurricane Center (NHC) - https://www.nhc.noaa.gov/data/hurdat/hurdat2-1851-2022-050423.txt;États-Unis
1972174N11137;ORA;typhon;;16.3;117.7;7.0;25/06/1972;50000.0;0.4;;False;International Best Track Archive for Climate Stewardship (IBTrACS) - NOAA - https://www.ncei.noaa.gov/products/international-best-track-archive;Philippines
1972187N08161;PHYLLIS;cyclone;;20.6;149.7;5.0;12/07/1972;50000.0;0.3;;False;International Best Track Archive for Climate Stewardship (IBTrACS) - NOAA - https://www.ncdc.noaa.gov/ibtracs/;Îles Mariannes du Nord (États-Unis)
1972187N09150;RITA;typhon;;32.0;126.1;7.0;25/07/1972;500000.0;0.6;;False;International Best Track Archive for Climate Stewardship (IBTrACS) - NOAA - https://www.ncei.noaa.gov/products/international-best-track-archive;Japon
1972189N11171;TESS;typhon;;34.9;130.8;7.0;23/07/1972;500000.0;0.6;;False;International Best Track Archive for Climate Stewardship (IBTrACS) - NOAA - https://www.ncei.noaa.gov/products/international-best-track-archive;Japon
1972202N11165;VIOLA;typhon;;25.5;164.7;7.0;25/07/1972;5000.0;0.3;;False;NOAA Historical Hurricane Tracks - https://coast.noaa.gov/hurricanes/?storm=19-1972;Japon
1972210N07162;ALICE;typhon;;43.2;158.4;7.0;09/08/1972;50000.0;0.3;;False;NOAA Historical Hurricane Tracks - https://coast.noaa.gov/hurricanes/?storm=19-1972;Japon
1972233N11256;FERNANDA;ouragan;;18.6;-130.8;5.0;25/08/1972;5000.0;0.3;;False;National Hurricane Center (NHC) - https://www.nhc.noaa.gov/data/;Mexique
1972236N37296;BETTY;ouragan;;39.4;-45.6;5.0;27/08/1972;5000.0;0.3;;False;NOAA Historical Hurricane Tracks - https://coast.noaa.gov/hurricanes/?redirect=301ocm;Açores (Portugal)
1972241N11266;HYACINTH;ouragan;;11.7;-101.2;7.0;29/08/1972;50000.0;0.3;;False;National Hurricane Center (NHC) - https://www.nhc.noaa.gov/data/hurdat/hurdat2-1851-2022-050423.txt;Mexique
1972242N41163;DORIS;typhon;;40.6;163.1;7.0;29/08/1972;50000.0;0.3;;False;NOAA Historical Hurricane Tracks - https://coast.noaa.gov/hurricanes/?storm=1972242N41163;Japon
1972243N29282;CARRIE;ouragan;;43.8;-68.0;7.0;04/09/1972;50000.0;0.7;;False;National Hurricane Center (NOAA) - https://www.nhc.noaa.gov/data/hurdat/hurdat2-1851-2022-050423.txt;États-Unis
1972244N12123;ELSIE;typhon;;12.0;123.0;7.0;30/08/1972;500000.0;0.4;;False;International Best Track Archive for Climate Stewardship (IBTrACS) - https://www.ncdc.noaa.gov/ibtracs/;Philippines
1972249N24281;DAWN;ouragan;;30.2;-72.8;7.0;07/09/1972;50000.0;0.6;;False;National Hurricane Center (NHC) - https://www.nhc.noaa.gov/data/hurdat/hurdat2-1851-2022-050423.txt;États-Unis
1972251N12137;FLOSSIE;typhon;;13.9;126.9;7.0;09/09/1972;50000.0;0.4;;False;NOAA Historical Hurricane Tracks - https://coast.noaa.gov/hurricanes/?storm=19-1972;Philippines
1972254N14145;HELEN;typhon;;27.1;132.5;7.0;15/09/1972;50000.0;0.6;;False;International Best Track Archive for Climate Stewardship (IBTrACS) - NOAA - https://www.ncei.noaa.gov/products/international-best-track-archive;Japon
1972260N16152;IDA;typhon;;30.4;142.0;7.0;23/09/1972;50000.0;0.4;;False;NOAA Historical Hurricane Tracks - https://coast.noaa.gov/hurricanes/?storm=19-1972;Japon
1972264N38301;CHARLIE;ouragan;;40.3;-56.1;7.0;20/09/1972;50000.0;0.7;;False;National Hurricane Center (NOAA) - https://www.nhc.noaa.gov/data/hurdat/hurdat2-1851-2022-050423.txt;Canada
1972271N15125;LORNA;typhon;;15.0;125.0;7.0;27/09/1972;50000.0;0.4;;False;International Best Track Archive for Climate Stewardship (IBTrACS) - https://www.ncdc.noaa.gov/ibtracs/;Philippines
1972272N12167;KATHY;cyclone;;20.2;149.3;7.0;02/10/1972;50000.0;0.3;;False;NOAA Historical Hurricane Tracks - https://coast.noaa.gov/hurricanes/?storm=1972272N12167;Australie
1972278N14171;MARIE;typhon;;27.5;144.6;7.0;11/10/1972;50000.0;0.3;;False;Japan Meteorological Agency (JMA) - https://www.jma.go.jp/jma/indexe.html | NOAA Historical Hurricane Tracks - https://coast.noaa.gov/hurricanes/;Japon
1972289N14173;NANCY;ouragan;;23.7;156.6;7.0;24/10/1972;50000.0;0.6;;False;National Hurricane Center (NHC) - https://www.nhc.noaa.gov/data/hurdat/hurdat2-1851-2022-041123.txt;États-Unis (Hawaï)
1972293S08182;BEBE;cyclone;;-28.3;187.4;7.0;27/10/1972;50000.0;0.3;;False;International Best Track Archive for Climate Stewardship (IBTrACS) - NOAA - https://www.ncdc.noaa.gov/ibtracs/;Fidji
1972295N07178;OLGA;typhon;;15.1;153.5;7.0;26/10/1972;50000.0;0.3;;False;NOAA Historical Hurricane Tracks - https://coast.noaa.gov/hurricanes/?storm=1972295N07178;Guam (États-Unis)
1972307N18144;PAMELA;typhon;;13.4;135.8;7.0;03/11/1972;50000.0;0.4;;False;International Best Track Archive for Climate Stewardship (IBTrACS) - NOAA - https://www.ncdc.noaa.gov/ibtracs/;Philippines
1972314N26115;PAMELA;typhon;;25.6;114.8;7.0;09/11/1972;500000.0;0.6;;False;International Best Track Archive for Climate Stewardship (IBTrACS) - NOAA - https://www.ncei.noaa.gov/products/international-best-track-archive;Chine
1972341S06166;DIANA;cyclone;;-30.7;167.1;7.0;17/12/1972;5000.0;0.3;;False;International Best Track Archive for Climate Stewardship (IBTrACS) - NOAA - https://www.ncdc.noaa.gov/ibtracs/;Nouvelle-Calédonie (France)
1972347N06171;VIOLET;typhon;;6.3;161.5;7.0;19/12/1972;50000.0;0.3;;False;International Best Track Archive for Climate Stewardship (IBTrACS) - NOAA - https://www.ncei.noaa.gov/products/international-best-track-archive;Micronésie (États fédérés de Micronésie)
1973011S21037;DOROTHEE;cyclone;;-28.1;56.9;5.0;16/01/1973;50000.0;0.4;;False;International Best Track Archive for Climate Stewardship (IBTrACS) - https://www.ncdc.noaa.gov/ibtracs/;Maurice
1973021S12086;GERTRUDE:LEILA;cyclone;;-30.4;66.6;5.0;02/02/1973;50000.0;0.3;;False;International Best Track Archive for Climate Stewardship (IBTrACS) - NOAA - https://www.ncei.noaa.gov/products/international-best-track-archive;Maurice
1973052S13151;KIRSTY;cyclone;;-24.6;155.3;5.0;27/02/1973;5000.0;0.4;;False;International Best Track Archive for Climate Stewardship (IBTrACS) - https://www.ncdc.noaa.gov/ibtracs/;Australie
1973057S31062;JESSY;cyclone;;-38.8;77.0;5.0;01/03/1973;50000.0;0.3;;False;International Best Track Archive for Climate Stewardship (IBTrACS) - NOAA - https://www.ncei.noaa.gov/products/international-best-track-archive;La Réunion (France)
1973058S11138;LEAH;cyclone;;-14.1;120.1;7.0;03/03/1973;50000.0;0.4;;False;International Best Track Archive for Climate Stewardship (IBTrACS) - https://www.ncdc.noaa.gov/ibtracs/;Australie
1973060S08161;MADGE;cyclone;;-12.5;149.7;7.0;03/03/1973;50000.0;0.4;;False;International Best Track Archive for Climate Stewardship (IBTrACS) - NOAA - https://www.ncei.noaa.gov/products/international-best-track-archive;Australie
1973060S11171;HENRIETTA;cyclone;;-14.0;175.9;7.0;01/03/1973;50000.0;0.3;;False;International Best Track Archive for Climate Stewardship (IBTrACS) - https://www.ncdc.noaa.gov/ibtracs/;Fidji
1973060S14132;LEAH;cyclone;;-13.9;132.3;5.0;01/03/1973;50000.0;0.4;;False;International Best Track Archive for Climate Stewardship (IBTrACS) - https://www.ncdc.noaa.gov/ibtracs/;Australie
1973068S22096;LEAH;cyclone;;-21.6;93.6;7.0;09/03/1973;50000.0;0.3;;False;International Best Track Archive for Climate Stewardship (IBTrACS) - NOAA - https://www.ncei.noaa.gov/products/international-best-track-archive;Australie
1973079S09131;BELLA;cyclone;;-8.9;130.9;5.0;19/03/1973;50000.0;0.4;;False;International Best Track Archive for Climate Stewardship (IBTrACS) - NOAA - https://www.ncei.noaa.gov/products/international-best-track-archive;Indonésie
1973092S13168;JULIETTE;cyclone;;-13.5;170.4;7.0;02/04/1973;50000.0;0.4;;False;NOAA Historical Hurricane Tracks - https://coast.noaa.gov/hurricanes/;Samoa
1973095S22188;JULIETTE;cyclone;;-22.2;188.3;7.0;04/04/1973;50000.0;0.4;;False;NOAA Historical Hurricane Tracks - https://coast.noaa.gov/hurricanes/?storm=1973095S22188;Fidji
1973119S09087;MARCELLE;cyclone;;-28.5;85.7;7.0;06/05/1973;50000.0;0.3;;False;NOAA Historical Hurricane Tracks - https://coast.noaa.gov/hurricanes/;Maurice
1973183N26292;ALICE;ouragan;;39.2;-63.5;5.0;05/07/1973;50000.0;0.7;;False;National Hurricane Center (NOAA) - https://www.nhc.noaa.gov/data/hurdat/hurdat2-1851-2022-050423.txt;États-Unis
1973193N13111;DOT;typhon;;36.9;125.8;7.0;20/07/1973;500000.0;0.6;;False;International Best Track Archive for Climate Stewardship (IBTrACS) - https://www.ncdc.noaa.gov/ibtracs/;Corée du Sud
1973193N26164;CLARA;typhon;;33.4;164.1;5.0;14/07/1973;5000.0;0.3;;False;NOAA Historical Hurricane Tracks - https://coast.noaa.gov/hurricanes/;Japon
1973199N11253;DOREEN;ouragan;;10.6;-107.0;5.0;18/07/1973;50000.0;0.3;;False;NOAA Historical Hurricane Tracks - https://coast.noaa.gov/hurricanes/?storm=1973199N11253;Mexique
1973217N19123;GEORGIA;typhon;;19.0;123.0;7.0;05/08/1973;50000.0;0.3;;False;International Best Track Archive for Climate Stewardship (IBTrACS) - https://www.ncdc.noaa.gov/ibtracs/;Philippines
1973219N17142;IRIS;typhon;;36.0;125.7;7.0;17/08/1973;500000.0;0.6;;False;International Best Track Archive for Climate Stewardship (IBTrACS) - NOAA - https://www.ncdc.noaa.gov/ibtracs/;Corée du Sud
1973229N20134;JOAN;typhon;;19.9;106.1;7.0;22/08/1973;500000.0;0.4;;False;International Best Track Archive for Climate Stewardship (IBTrACS) - NOAA - https://www.ncei.noaa.gov/products/international-best-track-archive;Vietnam
1973255S08086;ALICE;cyclone;;-7.8;44.2;7.0;23/09/1973;50000.0;0.3;;False;International Best Track Archive for Climate Stewardship (IBTrACS) - NOAA - https://www.ncdc.noaa.gov/ibtracs/;Madagascar
1973258N11338;ELLEN;ouragan;;21.8;-36.1;5.0;17/09/1973;0.0;0.1;;False;NOAA Historical Hurricane Tracks - https://coast.noaa.gov/hurricanes/?redirect=301ocm;Aucun (océan Atlantique)
1973278N13144;PATSY;typhon;;18.8;120.7;7.0;12/10/1973;500000.0;0.4;;False;International Best Track Archive for Climate Stewardship (IBTrACS) - NOAA - https://www.ncdc.noaa.gov/ibtracs/;Philippines
1973282N30294;FRAN;ouragan;;31.0;-60.2;7.0;09/10/1973;50000.0;0.3;;False;National Hurricane Center (NHC) - https://www.nhc.noaa.gov/data/hurdat/hurdat2-1851-2022-050423.txt;Bermudes
1973289N16278;GILDA;ouragan;;26.5;-73.6;5.0;24/10/1973;50000.0;0.7;;False;National Hurricane Center (NHC) - https://www.nhc.noaa.gov/data/hurdat/hurdat2-1851-2022-050423.txt;Bahamas
1973317N08122;THELMA;typhon;;9.9;112.5;7.0;14/11/1973;50000.0;0.3;;False;International Best Track Archive for Climate Stewardship (IBTrACS) - NOAA - https://www.ncei.noaa.gov/products/international-best-track-archive;Philippines
1973335S15161;LOTTIE:NATALIE;cyclone;;-16.1;156.8;7.0;02/12/1973;15000.0;0.4;;False;International Best Track Archive for Climate Stewardship (IBTrACS) - NOAA - https://www.ncdc.noaa.gov/ibtracs/;Fidji
1973349S14157;UNA;cyclone;;-24.7;151.4;7.0;20/12/1973;50000.0;0.6;;False;International Best Track Archive for Climate Stewardship (IBTrACS) - https://www.ncdc.noaa.gov/ibtracs/;Australie
1974008N07132;WANDA;typhon;;15.2;144.0;7.0;13/01/1974;50000.0;0.4;;False;NOAA Historical Hurricane Tracks - https://coast.noaa.gov/hurricanes/?redirect=301ocm;Guam (États-Unis)
1974016S17165;MONICA;cyclone;;-26.5;174.2;7.0;19/01/1974;5000.0;0.3;;False;International Best Track Archive for Climate Stewardship (IBTrACS) - https://www.ncdc.noaa.gov/ibtracs/;Tonga
1974017S20150;VERA;cyclone;;-19.5;151.3;7.0;17/01/1974;50000.0;0.4;;False;International Best Track Archive for Climate Stewardship (IBTrACS) - NOAA - https://www.ncdc.noaa.gov/ibtracs/;Australie
1974017S21156;NESSIE;cyclone;;-20.6;163.9;7.0;19/01/1974;50000.0;0.3;;False;International Best Track Archive for Climate Stewardship (IBTrACS) - https://www.ncdc.noaa.gov/ibtracs/;Nouvelle-Calédonie
1974019S13054;FREDEGONDE;cyclone;;-15.8;44.0;7.0;21/01/1974;50000.0;0.4;;False;International Best Track Archive for Climate Stewardship (IBTrACS) - NOAA - https://www.ncei.noaa.gov/products/international-best-track-archive;Madagascar
1974021S18149;WANDA;cyclone;;-26.0;151.4;7.0;25/01/1974;50000.0;0.4;;False;International Best Track Archive for Climate Stewardship (IBTrACS) - NOAA - https://www.ncdc.noaa.gov/ibtracs/;Australie
1974030S15182;PAM;cyclone;;-34.5;158.5;7.0;07/02/1974;50000.0;0.6;;False;International Best Track Archive for Climate Stewardship (IBTrACS) - https://www.ncdc.noaa.gov/ibtracs/;Vanuatu
1974039S18153;YVONNE;cyclone;;-20.6;124.3;5.0;20/02/1974;5000.0;0.3;;False;International Best Track Archive for Climate Stewardship (IBTrACS) - NOAA - https://www.ncdc.noaa.gov/ibtracs/;Australie
1974064S19151;ZOE;cyclone;;-33.1;159.1;7.0;14/03/1974;5000.0;0.3;;False;International Best Track Archive for Climate Stewardship (IBTrACS) - NOAA - https://www.ncei.noaa.gov/products/international-best-track-archive;Vanuatu
1974072N08147;AMY;typhon;;19.1;143.6;7.0;18/03/1974;5000.0;0.3;;False;International Best Track Archive for Climate Stewardship (IBTrACS) - https://www.ncdc.noaa.gov/ibtracs/;Japon
1974076S13138;JENNY;cyclone;;-12.9;122.1;7.0;24/03/1974;50000.0;0.3;;False;International Best Track Archive for Climate Stewardship (IBTrACS) - NOAA - https://www.ncei.noaa.gov/products/international-best-track-archive;Indonésie
1974080S17149;ALICE;cyclone;;-22.1;153.0;7.0;21/03/1974;50000.0;0.4;;False;International Best Track Archive for Climate Stewardship (IBTrACS) - NOAA - https://www.ncei.noaa.gov/products/international-best-track-archive;Australie
1974114S13164;TINA;cyclone;;-14.3;172.9;7.0;25/04/1974;50000.0;0.3;;False;International Best Track Archive for Climate Stewardship (IBTrACS) - NOAA - https://www.ncdc.noaa.gov/ibtracs/;Samoa
1974115N07150;BABE;typhon;;25.5;147.4;7.0;01/05/1974;50000.0;0.3;;False;NOAA Historical Hurricane Tracks - https://coast.noaa.gov/hurricanes/?storm=1974115N07150;Japon
1974121N09154;CARLA;typhon;;26.0;147.2;7.0;06/05/1974;50000.0;0.4;;False;NOAA Historical Hurricane Tracks - https://coast.noaa.gov/hurricanes/?storm=19-1974;Japon
1974156N06144;DINAH;typhon;;6.0;144.0;7.0;05/06/1974;50000.0;0.3;;False;International Best Track Archive for Climate Stewardship (IBTrACS) - NOAA - https://www.ncdc.noaa.gov/ibtracs/;Philippines
1974163N08141;EMMA;typhon;;22.9;126.4;7.0;17/06/1974;50000.0;0.4;;False;International Best Track Archive for Climate Stewardship (IBTrACS) - NOAA - https://www.ncei.noaa.gov/products/international-best-track-archive;Japon
1974168N17147;FREDA;typhon;;24.5;143.6;7.0;19/06/1974;50000.0;0.3;;False;International Best Track Archive for Climate Stewardship (IBTrACS) - https://www.ncdc.noaa.gov/ibtracs/;Japon
1974177N17153;GILDA;typhon;;40.7;138.0;7.0;08/07/1974;50000.0;0.6;;False;NOAA Historical Hurricane Tracks - https://coast.noaa.gov/hurricanes/?storm=1974177N17153;Japon
1974194N10151;HARRIET;typhon;;10.3;151.0;7.0;13/07/1974;50000.0;0.3;;False;International Best Track Archive for Climate Stewardship (IBTrACS) - https://www.ncdc.noaa.gov/ibtracs/;Philippines
1974196N16133;JEAN;typhon;;28.3;121.7;7.0;19/07/1974;500000.0;0.6;;False;International Best Track Archive for Climate Stewardship (IBTrACS) - NOAA - https://www.ncdc.noaa.gov/ibtracs/;Chine
1974198N14244;GRETCHEN;ouragan;;19.6;-111.2;7.0;18/07/1974;50000.0;0.4;;False;NOAA Historical Hurricane Tracks - https://coast.noaa.gov/hurricanes/?storm=1974198N14244;Mexique
1974203N21165;KIM;typhon;;32.0;166.8;7.0;26/07/1974;50000.0;0.3;;False;International Best Track Archive for Climate Stewardship (IBTrACS) - https://www.ncdc.noaa.gov/ibtracs/;Japon
1974219N16117;LUCY;typhon;;30.7;116.6;7.0;12/08/1974;500000.0;0.6;;False;NOAA Historical Hurricane Tracks - https://coast.noaa.gov/hurricanes/?storm=1974219N16117;Chine
1974222N13251;HELGA;ouragan;;13.1;-109.4;7.0;10/08/1974;50000.0;0.4;;False;NOAA Historical Hurricane Tracks - https://coast.noaa.gov/hurricanes/?storm=1974222N13251;Mexique
1974222N15149;MARY;typhon;;28.1;134.3;7.0;25/08/1974;50000.0;0.4;;False;Japan Meteorological Agency (JMA) - Archives historiques - https://www.jma.go.jp/jma/indexe.html;Japon
1974225N11317;ALMA;ouragan;;10.5;-43.0;5.0;12/08/1974;50000.0;0.3;;False;NOAA Historical Hurricane Tracks - https://coast.noaa.gov/hurricanes/?redirect=301ocm;Barbade
1974227N17126;NADINE;typhon;;16.5;126.4;7.0;15/08/1974;50000.0;0.4;;False;International Best Track Archive for Climate Stewardship (IBTrACS) - NOAA - https://www.ncdc.noaa.gov/ibtracs/;Philippines
1974234N14251;JOYCE;ouragan;;19.4;-125.4;5.0;27/08/1974;5000.0;0.3;;False;National Hurricane Center (NHC) - https://www.nhc.noaa.gov/data/hurdat/hurdat2-1851-2022-050423.txt;Mexique
1974236N18154;POLLY;typhon;;43.8;144.4;7.0;05/09/1974;50000.0;0.6;;False;Japan Meteorological Agency (JMA) - Archives des typhons - https://www.jma.go.jp/jma/jma-eng/jma-center/rsmc-hp-pub-eg/RSMC_HP.htm;Japon
1974237N21117;ROSE;typhon;;25.4;133.9;7.0;31/08/1974;50000.0;0.3;;False;NOAA Historical Hurricane Tracks - https://coast.noaa.gov/hurricanes/?storm=1974237N21117;Japon
1974239N27291;BECKY;ouragan;;42.4;-49.2;5.0;01/09/1974;5000.0;0.3;;False;NOAA Historical Hurricane Tracks - https://coast.noaa.gov/hurricanes/?redirect=301ocm;Canada
1974241N17304;CARMEN;ouragan;;16.8;-55.8;7.0;29/08/1974;50000.0;0.6;;False;National Hurricane Center (NHC) - https://www.nhc.noaa.gov/archive/storm_wallets/atlantic/atl1974-prelim/carmen/;Belize
1974245N24123;SHIRLEY;typhon;;32.1;131.2;7.0;08/09/1974;500000.0;0.6;;False;Japan Meteorological Agency (JMA) - Archives historiques - https://www.jma.go.jp/jma/indexe.html;Japon
1974246N27292;DOLLY;ouragan;;35.5;-72.1;5.0;04/09/1974;50000.0;0.7;;False;National Hurricane Center (NOAA) - https://www.nhc.noaa.gov/data/hurdat/hurdat2-1851-2022-050423.txt;États-Unis
1974248N15310;ELAINE;ouragan;;21.1;-63.3;7.0;07/09/1974;50000.0;0.6;;False;NOAA Historical Hurricane Tracks - https://coast.noaa.gov/hurricanes/?storm=1974248N15310;Îles Vierges britanniques
1974254N23153;VIRGINIA;typhon;;43.6;159.0;7.0;17/09/1974;50000.0;0.3;;False;International Best Track Archive for Climate Stewardship (IBTrACS) - NOAA - https://www.ncei.noaa.gov/products/international-best-track-archive;Japon
1974258N15295;FIFI:ORLENE;ouragan;;17.1;-94.2;7.0;20/09/1974;500000.0;0.4;;False;National Hurricane Center (NOAA) - https://www.nhc.noaa.gov/archive/storm_wallets/atlantic/atl1974/fifi/;Honduras
1974262N16146;WENDY;typhon;;15.0;135.0;7.0;22/09/1974;50000.0;0.3;;False;International Best Track Archive for Climate Stewardship (IBTrACS) - NOAA - https://www.ncei.noaa.gov/products/international-best-track-archive;Philippines
1974264N18162;AGNES;typhon;;31.3;157.7;7.0;30/09/1974;50000.0;0.3;;False;NOAA Historical Hurricane Tracks - https://coast.noaa.gov/hurricanes/?redirect=301ocm;Japon
1974280N10258;PATRICIA;ouragan;;12.0;-107.6;5.0;07/10/1974;50000.0;0.4;;False;NOAA Historical Hurricane Tracks - https://coast.noaa.gov/hurricanes/?redirect=301ocm;Mexique
1974286N11138;CARMEN;typhon;;11.4;136.2;7.0;12/10/1974;50000.0;0.4;;False;International Best Track Archive for Climate Stewardship (IBTrACS) - NOAA - https://www.ncei.noaa.gov/products/international-best-track-archive;Philippines
1974291N10150;DELLA;typhon;;11.2;146.0;7.0;18/10/1974;50000.0;0.4;;False;International Best Track Archive for Climate Stewardship (IBTrACS) - https://www.ncdc.noaa.gov/ibtracs/;Philippines
1974306N07142;GLORIA;typhon;;11.9;136.8;7.0;04/11/1974;50000.0;0.3;;False;International Best Track Archive for Climate Stewardship (IBTrACS) - NOAA - https://www.ncei.noaa.gov/products/international-best-track-archive;Philippines
1974315N09135;HESTER;typhon;;9.0;135.0;7.0;10/11/1974;50000.0;0.4;;False;International Best Track Archive for Climate Stewardship (IBTrACS) - NOAA - https://www.ncdc.noaa.gov/ibtracs/;Philippines
1975006S14046;BLANDINE;cyclone;;-30.8;43.4;5.0;11/01/1975;50000.0;0.3;;False;International Best Track Archive for Climate Stewardship (IBTrACS) - NOAA - https://www.ncei.noaa.gov/products/international-best-track-archive;Madagascar
1975011S08055;CAMILLE;cyclone;;-29.7;54.2;7.0;21/01/1975;50000.0;0.3;;False;NOAA Historical Hurricane Tracks - https://coast.noaa.gov/hurricanes/?storm=1975011S08055;Maurice
1975013S14160;FLORA;cyclone;;-17.5;162.5;7.0;15/01/1975;50000.0;0.4;;False;International Best Track Archive for Climate Stewardship (IBTrACS) - NOAA - https://www.ncdc.noaa.gov/ibtracs/;Vanuatu
1975014S11091;DEBORAH:ROBYN;cyclone;;-33.2;44.0;5.0;28/01/1975;50000.0;0.3;;False;International Best Track Archive for Climate Stewardship (IBTrACS) - https://www.ncdc.noaa.gov/ibtracs/;Madagascar
1975015S13147;GLORIA;cyclone;;-13.0;147.0;7.0;14/01/1975;50000.0;0.4;;False;International Best Track Archive for Climate Stewardship (IBTrACS) - NOAA - https://www.ncdc.noaa.gov/ibtracs/;Australie
1975015S16161;FLORA;cyclone;;-16.9;164.0;7.0;15/01/1975;50000.0;0.4;;False;International Best Track Archive for Climate Stewardship (IBTrACS) - NOAA - https://www.ncdc.noaa.gov/ibtracs/;Vanuatu
1975019N09140;LOLA;typhon;;10.0;124.7;7.0;24/01/1975;500000.0;0.4;;False;International Best Track Archive for Climate Stewardship (IBTrACS) - NOAA - https://www.ncei.noaa.gov/products/international-best-track-archive;Philippines
1975024S19178;VAL;cyclone;;-14.6;181.0;7.0;26/01/1975;50000.0;0.3;;False;International Best Track Archive for Climate Stewardship (IBTrACS) - NOAA - https://www.ncdc.noaa.gov/ibtracs/;Fidji
1975025S16052;ELSA;cyclone;;-15.7;49.4;7.0;25/01/1975;50000.0;0.4;;False;NOAA Historical Hurricane Tracks - https://coast.noaa.gov/hurricanes/?storm=1975025S16052;Madagascar
1975033S11073;GERVAISE;cyclone;;-31.4;61.4;7.0;09/02/1975;250000.0;0.4;;False;International Best Track Archive for Climate Stewardship (IBTrACS) - NOAA - https://www.ncdc.noaa.gov/ibtracs/;Maurice
1975050S18041;HELOSE;cyclone;;-31.5;38.3;5.0;26/02/1975;50000.0;0.4;;False;International Best Track Archive for Climate Stewardship (IBTrACS) - NOAA - https://www.ncei.noaa.gov/products/international-best-track-archive;Afrique du Sud
1975063S15168;ALISON;cyclone;;-15.4;168.2;7.0;03/03/1975;50000.0;0.4;;False;NOAA Historical Hurricane Tracks - https://coast.noaa.gov/hurricanes/;Vanuatu
1975068S13053;INES;cyclone;;-26.4;61.3;7.0;17/03/1975;50000.0;0.4;;False;International Best Track Archive for Climate Stewardship (IBTrACS) - https://www.ncdc.noaa.gov/ibtracs/;Maurice
1975075S14095;VIDA;cyclone;;-14.4;104.7;5.0;18/03/1975;50000.0;0.4;;False;International Best Track Archive for Climate Stewardship (IBTrACS) - https://www.ncdc.noaa.gov/ibtracs/;Australie
1975081S12116;BEVERLEY;cyclone;;-29.1;116.1;5.0;01/04/1975;5000.0;0.3;;False;International Best Track Archive for Climate Stewardship (IBTrACS) - https://www.ncdc.noaa.gov/ibtracs/;Australie
1975139S12106;DENISE;cyclone;;-12.0;106.2;7.0;18/05/1975;50000.0;0.4;;False;International Best Track Archive for Climate Stewardship (IBTrACS) - NOAA - https://www.ncdc.noaa.gov/ibtracs/;Indonésie
1975178N28281;AMY;ouragan;;40.5;-58.0;5.0;03/07/1975;50000.0;0.7;;False;National Hurricane Center (NOAA) - https://www.nhc.noaa.gov/data/hurdat/hurdat2-1851-2022-050423.txt;États-Unis
1975205N18143;MAMIE;typhon;;31.5;129.4;7.0;30/07/1975;500000.0;0.6;;False;International Best Track Archive for Climate Stewardship (IBTrACS) - NOAA - https://www.ncei.noaa.gov/products/international-best-track-archive;Japon
1975205N26292;BLANCHE;ouragan;;40.1;-66.8;5.0;28/07/1975;50000.0;0.7;;False;National Hurricane Center (NOAA) - https://www.nhc.noaa.gov/data/hurdat/hurdat2-1851-2022-041123.txt;États-Unis
1975221N18116;RITA;typhon;;24.1;120.9;7.0;16/08/1975;500000.0;0.6;;False;NOAA Historical Hurricane Tracks - https://coast.noaa.gov/hurricanes/?storm=1975221N18116;Taïwan
1975223N14138;PHYLLIS;typhon;;41.8;137.3;7.0;19/08/1975;50000.0;0.4;;False;International Best Track Archive for Climate Stewardship (IBTrACS) - NOAA - https://www.ncei.noaa.gov/products/international-best-track-archive;Japon
1975244N17153;TESS;typhon;;34.2;149.2;7.0;09/09/1975;50000.0;0.4;;False;Japan Meteorological Agency (JMA) - Archives historiques - https://www.jma.go.jp/jma/indexe.html;Japon
1975251N23162;WINNIE;typhon;;35.6;162.6;7.0;11/09/1975;50000.0;0.3;;False;International Best Track Archive for Climate Stewardship (IBTrACS) - https://www.ncdc.noaa.gov/ibtracs/;Japon
1975256N18306;ELOISE;ouragan;;29.2;-86.8;5.0;23/09/1975;50000.0;0.7;;False;National Hurricane Center (NOAA) - https://www.nhc.noaa.gov/archive/1975/ELOISE.shtml;États-Unis
1975258N12132;ALICE;typhon;;19.5;102.1;7.0;21/09/1975;500000.0;0.4;;False;International Best Track Archive for Climate Stewardship (IBTrACS) - NOAA - https://www.ncei.noaa.gov/products/international-best-track-archive;Laos
1975259N10141;BETTY;typhon;;11.2;142.3;7.0;16/09/1975;50000.0;0.3;;False;International Best Track Archive for Climate Stewardship (IBTrACS) - NOAA - https://www.ncei.noaa.gov/products/international-best-track-archive;Philippines
1975261N18327;FAYE;ouragan;;28.7;-61.4;5.0;26/09/1975;5000.0;0.7;;False;National Hurricane Center (HURDAT2) - https://www.nhc.noaa.gov/data/;Bermudes
1975266N10325;GLADYS;ouragan;;31.9;-72.7;7.0;02/10/1975;50000.0;0.4;;False;NOAA Historical Hurricane Tracks - https://coast.noaa.gov/hurricanes/?redirect=301ocm;États-Unis
1975273N09138;CORA;typhon;;29.6;132.3;7.0;04/10/1975;50000.0;0.4;;False;International Best Track Archive for Climate Stewardship (IBTrACS) - NOAA - https://www.ncei.noaa.gov/products/international-best-track-archive;Japon
1975274N10116;DORIS;typhon;;25.7;115.1;7.0;06/10/1975;500000.0;0.6;;False;International Best Track Archive for Climate Stewardship (IBTrACS) - https://www.ncdc.noaa.gov/ibtracs/;Chine
1975288N13138;FLOSSIE;typhon;;14.4;128.6;7.0;17/10/1975;50000.0;0.4;;False;NOAA Historical Hurricane Tracks - https://coast.noaa.gov/hurricanes/?storm=1975288N13138;Philippines
1975296N24129;GRACE;typhon;;27.1;140.5;7.0;02/11/1975;50000.0;0.4;;False;Japan Meteorological Agency (JMA) - https://www.jma.go.jp/jma/indexe.html;Japon
1975298N29281;HALLIE;ouragan;;34.5;-75.5;5.0;27/10/1975;50000.0;0.7;;False;National Hurricane Center (HURDAT2) - https://www.nhc.noaa.gov/data/;États-Unis
1975309N11154;IDA;typhon;;23.2;146.1;7.0;10/11/1975;5000.0;0.3;;False;NOAA Historical Hurricane Tracks - https://coast.noaa.gov/hurricanes/?storm=19-1975;Japon
1975319N08146;JUNE;typhon;;25.5;137.5;7.0;23/11/1975;50000.0;0.3;;False;Japan Meteorological Agency (JMA) - https://www.jma.go.jp/jma/indexe.html | NOAA Historical Hurricane Tracks - https://coast.noaa.gov/hurricanes/;Japon
1975321S13074;AUDREY;cyclone;;-9.1;66.6;7.0;24/11/1975;50000.0;0.3;;False;International Best Track Archive for Climate Stewardship (IBTrACS) - https://www.ncdc.noaa.gov/ibtracs/;Maurice
1975334S11128;JOAN;cyclone;;-26.9;117.5;7.0;10/12/1975;50000.0;0.4;;False;International Best Track Archive for Climate Stewardship (IBTrACS) - NOAA - https://www.ncdc.noaa.gov/ibtracs/;Australie
1975346S09101;SUE;cyclone;;-10.4;111.8;5.0;15/12/1975;50000.0;0.3;;False;International Best Track Archive for Climate Stewardship (IBTrACS) - https://www.ncdc.noaa.gov/ibtracs/;Indonésie
1976011S13177;DAVID;cyclone;;-28.3;144.4;7.0;22/01/1976;50000.0;0.3;;False;International Best Track Archive for Climate Stewardship (IBTrACS) - NOAA - https://www.ncdc.noaa.gov/ibtracs/;Australie
1976020S18165;ELSA;cyclone;;-28.4;161.7;5.0;25/01/1976;5000.0;0.3;;False;NOAA Historical Hurricane Tracks - https://coast.noaa.gov/hurricanes/;Nouvelle-Calédonie (France)
1976026N02151;KATHY;typhon;;18.7;143.6;7.0;01/02/1976;50000.0;0.3;;False;International Best Track Archive for Climate Stewardship (IBTrACS) - NOAA - https://www.ncdc.noaa.gov/ibtracs/;Îles Mariannes du Nord (États-Unis)
1976030S13162;ALAN;cyclone;;-12.5;162.0;7.0;29/01/1976;50000.0;0.3;;False;International Best Track Archive for Climate Stewardship (IBTrACS) - https://www.ncdc.noaa.gov/ibtracs/;Îles Salomon
1976034S21228;FRANCES;cyclone;;-21.0;-132.2;7.0;02/02/1976;50000.0;0.3;;False;International Best Track Archive for Climate Stewardship (IBTrACS) - NOAA - https://www.ncdc.noaa.gov/ibtracs/;Australie
1976054S16125;WALLY;cyclone;;-28.4;114.0;5.0;27/02/1976;50000.0;0.7;;False;International Best Track Archive for Climate Stewardship (IBTrACS) - https://www.ncdc.noaa.gov/ibtracs/;Australie
1976064S17146;DAWN;cyclone;;-28.3;155.0;5.0;06/03/1976;50000.0;0.6;;False;International Best Track Archive for Climate Stewardship (IBTrACS) - https://www.ncdc.noaa.gov/ibtracs/;Australie
1976069S11055;ELLA;cyclone;;-10.4;44.9;5.0;11/03/1976;50000.0;0.4;;False;International Best Track Archive for Climate Stewardship (IBTrACS) - NOAA - https://www.ncdc.noaa.gov/ibtracs/;Madagascar
1976070S15162;GEORGE;cyclone;;-22.0;153.4;7.0;13/03/1976;50000.0;0.4;;False;International Best Track Archive for Climate Stewardship (IBTrACS) - NOAA - https://www.ncdc.noaa.gov/ibtracs/;Australie
1976074S11118;LINDA;cyclone;;-12.5;129.4;7.0;17/03/1976;50000.0;0.4;;False;International Best Track Archive for Climate Stewardship (IBTrACS) - NOAA - https://www.ncei.noaa.gov/products/international-best-track-archive;Australie
1976092N11140;MARIE;typhon;;25.8;136.9;7.0;13/04/1976;50000.0;0.3;;False;Japan Meteorological Agency (JMA) - Archives historiques - https://www.jma.go.jp/jma/indexe.html;Japon
1976106S12155;JAN;cyclone;;-16.7;164.9;7.0;17/04/1976;50000.0;0.4;;False;International Best Track Archive for Climate Stewardship (IBTrACS) - NOAA - https://www.ncei.noaa.gov/products/international-best-track-archive;Vanuatu
1976113S04156;WATOREA;cyclone;;-18.8;150.0;7.0;28/04/1976;50000.0;0.4;;False;International Best Track Archive for Climate Stewardship (IBTrACS) - NOAA - https://www.ncdc.noaa.gov/ibtracs/;Australie
1976120S27159;WATOREA;cyclone;;-26.8;158.6;5.0;28/04/1976;5000.0;0.3;;False;International Best Track Archive for Climate Stewardship (IBTrACS) - NOAA - https://www.ncei.noaa.gov/products/international-best-track-archive;Nouvelle-Calédonie (France)
1976131N12142;OLGA;typhon;;21.4;122.3;7.0;26/05/1976;50000.0;0.4;;False;International Best Track Archive for Climate Stewardship (IBTrACS) - NOAA - https://www.ncei.noaa.gov/products/international-best-track-archive;Taïwan
1976135N09153;PAMELA;typhon;;33.0;150.8;7.0;27/05/1976;50000.0;0.3;;False;NOAA Historical Hurricane Tracks - https://coast.noaa.gov/hurricanes/?storm=1976135N09153;Japon
1976172N11141;RUBY;typhon;;27.7;134.9;7.0;02/07/1976;50000.0;0.4;;False;Japan Meteorological Agency (JMA) - Archives historiques - https://www.jma.go.jp/jma/indexe.html;Japon
1976176N09148;SALLY;typhon;;27.5;144.5;7.0;01/07/1976;50000.0;0.3;;False;NOAA Historical Hurricane Tracks - https://coast.noaa.gov/hurricanes/?storm=1976176N09148;Japon
1976190N09163;THERESE;typhon;;18.3;143.4;7.0;14/07/1976;5000.0;0.3;;False;International Best Track Archive for Climate Stewardship (IBTrACS) - NOAA - https://www.ncei.noaa.gov/products/international-best-track-archive;Îles Mariannes du Nord (États-Unis)
1976197N11252;CELESTE;typhon;;11.1;-121.0;7.0;16/07/1976;50000.0;0.4;;False;International Best Track Archive for Climate Stewardship (IBTrACS) - NOAA - https://www.ncei.noaa.gov/products/international-best-track-archive;Philippines
1976198N12258;DIANA;ouragan;;12.2;-104.0;5.0;16/07/1976;50000.0;0.4;;False;NOAA Historical Hurricane Tracks - https://coast.noaa.gov/hurricanes/?storm=1976198N12258;Mexique
1976199N08149;WILDA;typhon;;24.9;137.4;7.0;22/07/1976;50000.0;0.3;;False;International Best Track Archive for Climate Stewardship (IBTrACS) - NOAA - https://www.ncdc.noaa.gov/ibtracs/;Japon
1976202N15127;ANITA;typhon;;21.9;133.2;7.0;23/07/1976;50000.0;0.4;;False;International Best Track Archive for Climate Stewardship (IBTrACS) - NOAA - https://www.ncdc.noaa.gov/ibtracs/;Japon
1976209N13238;ESTELLE;ouragan;;12.5;-122.5;5.0;26/07/1976;50000.0;0.4;;False;National Hurricane Center (NHC) - https://www.nhc.noaa.gov/archive/1976/ESTELLE.shtml;Mexique
1976211N28308;ANNA;ouragan;;28.0;-47.0;5.0;29/07/1976;5000.0;0.3;;False;NOAA Historical Hurricane Tracks - https://coast.noaa.gov/hurricanes/?storm=1976211N28308;Aucun (zone océanique, Bermudes ou Açores potentiellement impactées)
1976218N10253;GWEN;ouragan;;13.8;-123.7;5.0;12/08/1976;50000.0;0.4;;False;NOAA Historical Hurricane Tracks - https://coast.noaa.gov/hurricanes/?storm=1976218N10253;Mexique
1976219N26287;BELLE;ouragan;;33.4;-75.0;5.0;09/08/1976;50000.0;0.7;;False;National Hurricane Center (NOAA) - https://www.nhc.noaa.gov/data/hurdat/hurdat2-1851-2022-041923.txt;États-Unis
1976220N12259;HYACINTH;typhon;;20.0;-121.6;7.0;12/08/1976;50000.0;0.4;;False;International Best Track Archive for Climate Stewardship (IBTrACS) - NOAA - https://www.ncei.noaa.gov/products/international-best-track-archive;Philippines
1976230N18143;DOT;typhon;;34.8;126.3;7.0;22/08/1976;500000.0;0.6;;False;International Best Track Archive for Climate Stewardship (IBTrACS) - NOAA - https://www.ncei.noaa.gov/products/international-best-track-archive;Corée du Sud
1976231N26276;DOTTIE;ouragan;;25.7;-80.9;5.0;19/08/1976;500000.0;0.7;;False;National Hurricane Center (HURDAT2) - https://www.nhc.noaa.gov/data/;États-Unis
1976232N32292;CANDICE;ouragan;;33.4;-67.5;7.0;18/08/1976;50000.0;0.7;;False;National Hurricane Center (NHC) - https://www.nhc.noaa.gov/archive/1976/CANDICE/;Bermudes
1976233N13136;ELLEN;typhon;;26.0;108.2;7.0;25/08/1976;500000.0;0.4;;False;International Best Track Archive for Climate Stewardship (IBTrACS) - NOAA - https://www.ncdc.noaa.gov/ibtracs/;Chine
1976241N13323;FRANCES;ouragan;;29.3;-41.8;5.0;03/09/1976;0.0;0.1;;False;National Hurricane Center (HURDAT2) - https://www.nhc.noaa.gov/data/;Aucun (en mer)
1976246N09157;FRAN;typhon;;34.0;130.6;7.0;12/09/1976;500000.0;0.6;;False;Japan Meteorological Agency (JMA) - Archives historiques - https://www.jma.go.jp/jma/indexe.html;Japon
1976251N15251;KATHLEEN;ouragan;;21.9;-112.7;7.0;09/09/1976;50000.0;0.4;;False;National Hurricane Center (NHC) - https://www.nhc.noaa.gov/archive/storm_wallets/epacific/ep1976/kathleen/;Mexique
1976252N07159;GEORGIA;typhon;;19.7;151.0;7.0;15/09/1976;50000.0;0.3;;False;NOAA Historical Hurricane Tracks - https://coast.noaa.gov/hurricanes/?storm=1976252N07159;Îles Mariannes du Nord (États-Unis)
1976257N13144;GEORGIA;typhon;;13.4;143.6;7.0;12/09/1976;50000.0;0.3;;False;International Best Track Archive for Climate Stewardship (IBTrACS) - NOAA - https://www.ncdc.noaa.gov/ibtracs/;Guam
1976257N17156;HOPE;typhon;;32.3;148.4;7.0;16/09/1976;50000.0;0.3;;False;International Best Track Archive for Climate Stewardship (IBTrACS) - NOAA - https://www.ncei.noaa.gov/products/international-best-track-archive;Japon
1976262N14152;JOAN;typhon;;32.2;157.5;7.0;23/09/1976;50000.0;0.3;;False;NOAA Historical Hurricane Tracks - https://coast.noaa.gov/hurricanes/?storm=1976262N14152;Japon
1976271N23302;GLORIA;ouragan;;36.9;-40.2;7.0;04/10/1976;50000.0;0.3;;False;NOAA Historical Hurricane Tracks - https://coast.noaa.gov/hurricanes/?storm=19-1976;États-Unis (Açores et côtes atlantiques possibles)
1976297N19304;HOLLY;ouragan;;30.4;-55.7;5.0;25/10/1976;5000.0;0.3;;False;NOAA Historical Hurricane Tracks - https://coast.noaa.gov/hurricanes/?redirect=301ocm;Bermudes
1976301N07153;LOUISE;typhon;;26.6;132.4;7.0;06/11/1976;50000.0;0.6;;False;International Best Track Archive for Climate Stewardship (IBTrACS) - NOAA - https://www.ncei.noaa.gov/products/international-best-track-archive;Japon
1976309N05160;MARGE;typhon;;5.0;160.0;7.0;03/11/1976;50000.0;0.3;;False;NOAA Historical Hurricane Tracks - https://coast.noaa.gov/hurricanes/?stormids=1976309N05160;Micronésie (États fédérés de Micronésie)
1976336N08133;NORA;typhon;;10.6;131.2;7.0;01/12/1976;50000.0;0.4;;False;International Best Track Archive for Climate Stewardship (IBTrACS) - NOAA - https://www.ncei.noaa.gov/products/international-best-track-archive;Philippines
1976345S13179;KIM;cyclone;;-12.5;179.0;7.0;09/12/1976;50000.0;0.3;;False;International Best Track Archive for Climate Stewardship (IBTrACS) - NOAA - https://www.ncei.noaa.gov/products/international-best-track-archive;Fidji
1976346S11182;LAURIE;cyclone;;-11.0;-178.0;7.0;11/12/1976;5000.0;0.3;;False;International Best Track Archive for Climate Stewardship (IBTrACS) - NOAA - https://www.ncei.noaa.gov/products/international-best-track-archive;Fidji
1977001S11086;CLARENCE;cyclone;;-33.7;59.3;7.0;16/01/1977;50000.0;0.6;;False;International Best Track Archive for Climate Stewardship (IBTrACS) - NOAA - https://www.ncdc.noaa.gov/ibtracs/;Australie
1977017S12046;DOMITILE;cyclone;;-29.6;43.4;5.0;23/01/1977;5000.0;0.3;;False;International Best Track Archive for Climate Stewardship (IBTrACS) - https://www.ncdc.noaa.gov/ibtracs/;Madagascar
1977017S15150;JUNE;cyclone;;-17.3;159.1;7.0;19/01/1977;50000.0;0.4;;False;International Best Track Archive for Climate Stewardship (IBTrACS) - https://www.ncdc.noaa.gov/ibtracs/;Fidji
1977026S09075;FIFI;cyclone;;-29.0;58.6;7.0;09/02/1977;50000.0;0.3;;False;International Best Track Archive for Climate Stewardship (IBTrACS) - NOAA - https://www.ncdc.noaa.gov/ibtracs/;Maurice
1977033S13092;GILDA;cyclone;;-12.5;91.8;7.0;01/02/1977;50000.0;0.3;;False;International Best Track Archive for Climate Stewardship (IBTrACS) - NOAA - https://www.ncei.noaa.gov/products/international-best-track-archive;Indonésie
1977041S10076;HERVEA;cyclone;;-31.8;56.3;5.0;03/03/1977;5000.0;0.3;;False;International Best Track Archive for Climate Stewardship (IBTrACS) - https://www.ncdc.noaa.gov/ibtracs/;La Réunion (France)
1977044S09099;IO:JACK;cyclone;;-28.2;60.7;7.0;26/02/1977;50000.0;0.3;;False;International Best Track Archive for Climate Stewardship (IBTrACS) - https://www.ncdc.noaa.gov/ibtracs/;Maurice
1977066S14140;OTTO;cyclone;;-17.3;146.7;7.0;08/03/1977;50000.0;0.4;;False;International Best Track Archive for Climate Stewardship (IBTrACS) - NOAA - https://www.ncei.noaa.gov/products/international-best-track-archive;Australie
1977068S11168;NORMAN;cyclone;;-16.0;163.3;7.0;13/03/1977;50000.0;0.3;;False;International Best Track Archive for Climate Stewardship (IBTrACS) - NOAA - https://www.ncdc.noaa.gov/ibtracs/;Vanuatu
1977074S19184;PAT;cyclone;;-23.4;-168.4;5.0;16/03/1977;5000.0;0.3;;False;NOAA Historical Hurricane Tracks - https://coast.noaa.gov/hurricanes/?storm=1977074S19184;Nouvelle-Calédonie (France)
1977106S12202;ROBERT;cyclone;;-20.8;-151.0;5.0;21/04/1977;5000.0;0.3;;False;International Best Track Archive for Climate Stewardship (IBTrACS) - NOAA - https://www.ncdc.noaa.gov/ibtracs/;Polynésie française
1977161N06134;RUTH;typhon;;6.0;134.0;7.0;10/06/1977;50000.0;0.4;;False;International Best Track Archive for Climate Stewardship (IBTrACS) - NOAA - https://www.ncdc.noaa.gov/ibtracs/;Philippines
1977194N06142;SARAH;typhon;;21.0;103.0;7.0;22/07/1977;500000.0;0.4;;False;International Best Track Archive for Climate Stewardship (IBTrACS) - NOAA - https://www.ncdc.noaa.gov/ibtracs/;Vietnam
1977200N10138;THELMA;typhon;;27.4;118.6;7.0;26/07/1977;500000.0;0.6;;False;International Best Track Archive for Climate Stewardship (IBTrACS) - NOAA - https://www.ncei.noaa.gov/products/international-best-track-archive;Chine
1977211N20138;WANDA;typhon;;37.2;155.4;7.0;06/08/1977;50000.0;0.3;;False;NOAA Historical Hurricane Tracks - https://coast.noaa.gov/hurricanes/?storm=1977211N20138;Japon
1977228N19133;AMY;typhon;;25.5;121.5;7.0;22/08/1977;2500000.0;0.7;;False;International Best Track Archive for Climate Stewardship (IBTrACS) - NOAA - https://www.ncei.noaa.gov/products/international-best-track-archive;Taïwan
1977233N24123;AMY;typhon;;26.6;125.5;7.0;21/08/1977;50000.0;0.6;;False;Japan Meteorological Agency (JMA) - Archives historiques - https://www.jma.go.jp/jma/indexe.html;Japon
1977243N05156;BABE;typhon;;26.9;128.8;7.0;09/09/1977;500000.0;0.6;;False;NOAA Historical Hurricane Tracks - https://coast.noaa.gov/hurricanes/?storm=1977243N05156;Japon
1977243N14129;CARLA;typhon;;15.2;126.1;7.0;01/09/1977;500000.0;0.4;;False;International Best Track Archive for Climate Stewardship (IBTrACS) - NOAA - https://www.ncdc.noaa.gov/ibtracs/;Philippines
1977249N33280;CLARA;ouragan;;36.9;-60.7;5.0;11/09/1977;50000.0;0.3;;False;NOAA Historical Hurricane Tracks - https://coast.noaa.gov/hurricanes/?storm=1977249N33280;Bermudes
1977254N19147;DINAH;typhon;;21.4;140.0;7.0;12/09/1977;50000.0;0.4;;False;Japan Meteorological Agency (JMA) - Archives historiques - https://www.jma.go.jp/jma/indexe.html | NOAA International Best Track Archive for Climate Stewardship (IBTrACS) - https://www.ncei.noaa.gov/products/international-best-track-archive;Japon
1977255N15145;EMMA;typhon;;16.3;144.5;7.0;12/09/1977;50000.0;0.4;;False;International Best Track Archive for Climate Stewardship (IBTrACS) - NOAA - https://www.ncdc.noaa.gov/ibtracs/;Îles Mariannes du Nord (États-Unis)
1977264N14236;FLORENCE;ouragan;;20.4;-126.0;7.0;23/09/1977;50000.0;0.3;;False;National Hurricane Center (NHC) - https://www.nhc.noaa.gov/data/hurdat/hurdat2-1851-2022-050423.txt;États-Unis
1977267N11254;GLENDA;ouragan;;17.3;-109.9;7.0;25/09/1977;50000.0;0.3;;False;NOAA Historical Hurricane Tracks - https://coast.noaa.gov/hurricanes/?storm=1977267N11254;Mexique
1977270N29289;DOROTHY;ouragan;;30.9;-65.8;7.0;27/09/1977;50000.0;0.7;;False;National Hurricane Center (NOAA) - https://www.nhc.noaa.gov/archive/storm_wallets/atlantic/atl1977/dorothy/;Bermudes
1977276N16155;GILDA;typhon;;37.1;153.2;7.0;09/10/1977;50000.0;0.3;;False;NOAA Historical Hurricane Tracks - https://coast.noaa.gov/hurricanes/?storm=1977276N16155;Japon
1977287N10145;HARRIET;typhon;;22.4;133.3;7.0;18/10/1977;50000.0;0.4;;False;International Best Track Archive for Climate Stewardship (IBTrACS) - NOAA - https://www.ncei.noaa.gov/products/international-best-track-archive;Japon
1977287N27297;EVELYN;ouragan;;26.9;-62.9;7.0;13/10/1977;50000.0;0.3;;False;National Hurricane Center (NHC) - https://www.nhc.noaa.gov/archive/1977/EVELYN/;Bermudes
1977291N07148;IVY;typhon;;31.9;158.5;7.0;26/10/1977;5000.0;0.3;;False;NOAA Historical Hurricane Tracks - https://coast.noaa.gov/hurricanes/?storm=1977291N07148;Japon
1977308N07156;KIM;typhon;;21.9;125.0;7.0;16/11/1977;50000.0;0.4;;False;International Best Track Archive for Climate Stewardship (IBTrACS) - NOAA - https://www.ncei.noaa.gov/products/international-best-track-archive;Taïwan
1977310S08163;TOM;cyclone;;-7.3;160.0;7.0;06/11/1977;50000.0;0.3;;False;International Best Track Archive for Climate Stewardship (IBTrACS) - NOAA - https://www.ncei.noaa.gov/products/international-best-track-archive;Îles Salomon
1977330N07169;LUCY;typhon;;7.5;146.4;7.0;30/11/1977;50000.0;0.3;;False;NOAA Historical Hurricane Tracks - https://coast.noaa.gov/hurricanes/?storm=1977330N07169;Micronésie (États fédérés de Micronésie)
1977339S11204;TESSA;cyclone;;-17.2;-135.4;5.0;10/12/1977;5000.0;0.3;;False;International Best Track Archive for Climate Stewardship (IBTrACS) - NOAA - https://www.ncei.noaa.gov/products/international-best-track-archive;Polynésie française
1977347S08097;CELIMENE:SAM;cyclone;;-16.9;73.1;7.0;22/12/1977;50000.0;0.4;;False;International Best Track Archive for Climate Stewardship (IBTrACS) - NOAA - https://www.ncdc.noaa.gov/ibtracs/;Madagascar
1977352N05171;MARY;typhon;;5.0;171.0;7.0;18/12/1977;50000.0;0.3;;False;International Best Track Archive for Climate Stewardship (IBTrACS) - NOAA - https://www.ncei.noaa.gov/products/international-best-track-archive;Îles Marshall
1977357S11184;ANNE;cyclone;;-24.8;195.7;7.0;29/12/1977;50000.0;0.3;;False;International Best Track Archive for Climate Stewardship (IBTrACS) - NOAA - https://www.ncei.noaa.gov/products/international-best-track-archive;Nouvelle-Calédonie (France)
1977365S09188;BOB;cyclone;;-30.9;169.1;5.0;09/01/1978;5000.0;0.3;;False;International Best Track Archive for Climate Stewardship (IBTrACS) - NOAA - https://www.ncei.noaa.gov/products/international-best-track-archive;Nouvelle-Calédonie (France)
1978006N06169;NADINE;typhon;;17.5;165.4;7.0;12/01/1978;50000.0;0.3;;False;NOAA Historical Hurricane Tracks - https://coast.noaa.gov/hurricanes/?storm=1978006N06169;Îles Marshall
1978010S11129;TRUDY;cyclone;;-10.6;129.0;5.0;10/01/1978;50000.0;0.3;;False;International Best Track Archive for Climate Stewardship (IBTrACS) - https://www.ncdc.noaa.gov/ibtracs/;Indonésie
1978032S09187;BOB;cyclone;;-31.8;171.2;5.0;09/02/1978;5000.0;0.3;;False;NOAA Historical Hurricane Tracks - https://coast.noaa.gov/hurricanes/?storm=1978032S09187;Nouvelle-Zélande
1978044S14075;JACQUELINE;cyclone;;-18.3;80.6;7.0;20/02/1978;50000.0;0.3;;False;International Best Track Archive for Climate Stewardship (IBTrACS) - NOAA - https://www.ncdc.noaa.gov/ibtracs/;Maurice
1978045S13179;CHARLES;cyclone;;-30.3;208.6;7.0;28/02/1978;50000.0;0.4;;False;NOAA Historical Hurricane Tracks - https://coast.noaa.gov/hurricanes/;Australie
1978047S13197;DIANA;cyclone;;-13.7;-160.9;5.0;15/02/1978;5000.0;0.3;;False;NOAA Historical Hurricane Tracks - https://coast.noaa.gov/hurricanes/;Îles Salomon
1978056S11136;GWEN;cyclone;;-20.5;153.6;7.0;01/03/1978;50000.0;0.4;;False;International Best Track Archive for Climate Stewardship (IBTrACS) - NOAA - https://www.ncei.noaa.gov/products/international-best-track-archive;Australie
1978063S13059;KIKI;cyclone;;-12.7;55.5;7.0;06/03/1978;50000.0;0.4;;False;International Best Track Archive for Climate Stewardship (IBTrACS) - NOAA - https://www.ncei.noaa.gov/products/international-best-track-archive;Madagascar
1978065S13056;KIKI;cyclone;;-14.7;58.0;7.0;06/03/1978;50000.0;0.3;;False;International Best Track Archive for Climate Stewardship (IBTrACS) - NOAA - https://www.ncdc.noaa.gov/ibtracs/;Maurice
1978075S14084;WINNIE;cyclone;;-27.9;87.3;7.0;28/03/1978;50000.0;0.3;;False;International Best Track Archive for Climate Stewardship (IBTrACS) - NOAA - https://www.ncei.noaa.gov/products/international-best-track-archive;Maurice
1978077S09071;NADINE;cyclone;;-19.4;72.0;7.0;21/03/1978;50000.0;0.4;;False;Météo-France / IBTrACS (International Best Track Archive for Climate Stewardship) - https://www.ncdc.noaa.gov/ibtracs/;Madagascar
1978086S14115;ALBY;cyclone;;-27.7;108.1;7.0;03/04/1978;50000.0;0.4;;False;International Best Track Archive for Climate Stewardship (IBTrACS) - NOAA - https://www.ncdc.noaa.gov/ibtracs/;Australie
1978095S11137;HAL;cyclone;;-24.4;159.3;7.0;13/04/1978;5000.0;0.3;;False;International Best Track Archive for Climate Stewardship (IBTrACS) - NOAA - https://www.ncdc.noaa.gov/ibtracs/;Fidji
1978105N04149;OLIVE;typhon;;21.0;119.7;7.0;25/04/1978;50000.0;0.4;;False;International Best Track Archive for Climate Stewardship (IBTrACS) - https://www.ncdc.noaa.gov/ibtracs/;Philippines
1978165N20138;POLLY;typhon;;33.3;129.7;7.0;20/06/1978;500000.0;0.7;;False;Japan Meteorological Agency (JMA) - https://www.jma.go.jp/jma/indexe.html | NOAA Historical Hurricane Tracks - https://coast.noaa.gov/hurricanes/;Japon
1978172N17130;ROSE;typhon;;24.6;119.5;7.0;24/06/1978;500000.0;0.6;;False;NOAA Historical Hurricane Tracks - https://coast.noaa.gov/hurricanes/?storm=1978172N17130;Chine
1978177N11130;SHIRLEY;typhon;;15.3;105.8;7.0;01/07/1978;500000.0;0.4;;False;International Best Track Archive for Climate Stewardship (IBTrACS) - NOAA - https://www.ncei.noaa.gov/products/international-best-track-archive;Thaïlande
1978178N14260;DANIEL;ouragan;;17.3;-133.7;7.0;03/07/1978;5000.0;0.2;;False;National Hurricane Center (NHC) - https://www.nhc.noaa.gov/archive/1978/DANIEL.shtml;États-Unis (Hawaï)
1978192N19154;TRIX;typhon;;28.9;131.4;7.0;21/07/1978;50000.0;0.6;;False;International Best Track Archive for Climate Stewardship (IBTrACS) - https://www.ncdc.noaa.gov/ibtracs/;Japon
1978203N14152;VIRGINIA;typhon;;44.4;152.6;7.0;03/08/1978;50000.0;0.3;;False;Japan Meteorological Agency (JMA) - https://www.jma.go.jp/jma/indexe.html | NOAA Historical Hurricane Tracks - https://coast.noaa.gov/hurricanes/;Japon
1978203N18139;WENDY;typhon;;34.6;132.2;7.0;02/08/1978;500000.0;0.7;;False;Japan Meteorological Agency (JMA) - https://www.jma.go.jp/jma/indexe.html | NOAA Historical Hurricane Tracks - https://coast.noaa.gov/hurricanes/;Japon
1978220N13325;CORA;ouragan;;13.4;-49.6;5.0;09/08/1978;50000.0;0.3;;False;NOAA Historical Hurricane Tracks - https://coast.noaa.gov/hurricanes/?storm=1978220N13325;Antigua-et-Barbuda
1978221N16143;CARMEN;typhon;;36.6;128.7;7.0;20/08/1978;500000.0;0.7;;False;NOAA Historical Hurricane Tracks - https://coast.noaa.gov/hurricanes/?storm=1978221N16143;Corée du Sud
1978236N11245;MIRIAM;typhon;;11.3;-124.0;7.0;25/08/1978;50000.0;0.4;;False;NOAA Historical Hurricane Tracks - https://coast.noaa.gov/hurricanes/?redirect=301ocm;Philippines
1978239N23272;DEBRA;ouragan;;33.0;-92.9;5.0;29/08/1978;50000.0;0.7;;False;National Hurricane Center (NOAA) - https://www.nhc.noaa.gov/archive/1978/DEBRA.shtml;États-Unis
1978240N27151;HESTER;typhon;;35.7;153.5;7.0;31/08/1978;50000.0;0.3;;False;Japan Meteorological Agency (JMA) - Archives historiques - https://www.jma.go.jp/jma/indexe.html;Japon
1978242N26300;ELLA;ouragan;;35.6;-69.3;5.0;03/09/1978;50000.0;0.7;;False;National Hurricane Center (NHC) - https://www.nhc.noaa.gov/archive/storm_wallets/atlantic/atl1978-prelim/ella/;États-Unis
1978247N12321;FLOSSIE;ouragan;;14.8;-42.0;5.0;04/09/1978;5000.0;0.3;;False;National Hurricane Center (NHC) - https://www.nhc.noaa.gov/archive/1978/FLOSSIE.shtml;Aucun (en mer, trajectoire vers les Petites Antilles)
1978252N18166;JUDY;typhon;;35.0;147.4;7.0;16/09/1978;50000.0;0.4;;False;Japan Meteorological Agency (JMA) - https://www.jma.go.jp/jma/indexe.html (archives historiques);Japon
1978253N21124;IRMA;typhon;;34.3;131.9;7.0;15/09/1978;500000.0;0.7;;False;Japan Meteorological Agency (JMA) - https://www.jma.go.jp/jma/indexe.html;Japon
1978255N30280;HOPE;ouragan;;33.2;-68.7;7.0;14/09/1978;50000.0;0.7;;False;National Hurricane Center (HURDAT2) - https://www.nhc.noaa.gov/data/;Bermudes
1978257N11298;GRETA:OLIVIA;ouragan;;11.0;-62.5;5.0;13/09/1978;50000.0;0.4;;False;NOAA Historical Hurricane Tracks - https://coast.noaa.gov/hurricanes/?storm=1978257N11298;Venezuela
1978262N14135;KIT;typhon;;15.4;122.1;7.0;22/09/1978;500000.0;0.4;;False;International Best Track Archive for Climate Stewardship (IBTrACS) - NOAA - https://www.ncei.noaa.gov/products/international-best-track-archive;Philippines
1978272N19154;MAMIE;typhon;;31.3;152.2;7.0;03/10/1978;50000.0;0.3;;False;Japan Meteorological Agency (JMA) - Archives historiques - https://www.jma.go.jp/jma/indexe.html;Japon
1978276N32329;IRMA;ouragan;;39.0;-29.7;7.0;05/10/1978;50000.0;0.7;;False;NOAA Historical Hurricane Tracks - https://coast.noaa.gov/hurricanes/?redirect=301ocm;Portugal (Açores)
1978279N14142;NINA;typhon;;14.0;142.0;7.0;05/10/1978;50000.0;0.3;;False;International Best Track Archive for Climate Stewardship (IBTrACS) - NOAA - https://www.ncei.noaa.gov/products/international-best-track-archive;Philippines
1978281N11138;ORA;typhon;;27.7;127.0;7.0;14/10/1978;50000.0;0.6;;False;Japan Meteorological Agency (JMA) - Archives historiques - https://www.jma.go.jp/jma/indexe.html | NOAA Historical Hurricane Tracks - https://coast.noaa.gov/hurricanes/;Japon
1978281N18304;JULIET;ouragan;;22.2;-67.9;7.0;10/10/1978;50000.0;0.4;;False;NOAA Historical Hurricane Tracks - https://coast.noaa.gov/hurricanes/?storm=1978281N18304;Porto Rico
1978287N08166;PHYLLIS;typhon;;29.7;155.4;7.0;21/10/1978;50000.0;0.3;;False;NOAA Historical Hurricane Tracks - https://coast.noaa.gov/hurricanes/?storm=1978287N08166;Japon
1978288N10185;RITA;typhon;;12.1;140.8;7.0;24/10/1978;50000.0;0.3;;False;NOAA Historical Hurricane Tracks - https://coast.noaa.gov/hurricanes/?storm=1978288N10185;Philippines
1978302N24287;KENDRA;ouragan;;33.1;-69.5;5.0;01/11/1978;50000.0;0.7;;False;National Hurricane Center (NHC) - https://www.nhc.noaa.gov/data/hurdat/hurdat2-1851-2022-050423.txt;Bermudes
1978304N14148;TESS;typhon;;30.6;152.3;7.0;06/11/1978;50000.0;0.4;;False;Japan Meteorological Agency (JMA) - Archives historiques - https://www.jma.go.jp/jma/indexe.html;Japon
1978330N09148;WINNIE;typhon;;22.4;147.0;7.0;29/11/1978;50000.0;0.3;;False;International Best Track Archive for Climate Stewardship (IBTrACS) - NOAA - https://www.ncei.noaa.gov/products/international-best-track-archive;Japon
1978359S04172;FAY;cyclone;;-19.4;181.4;5.0;29/12/1978;50000.0;0.3;;False;International Best Track Archive for Climate Stewardship (IBTrACS) - NOAA - https://www.ncei.noaa.gov/products/international-best-track-archive;Fidji
1978363S10136;PETER;cyclone;;-15.3;145.5;7.0;03/01/1979;50000.0;0.4;;False;International Best Track Archive for Climate Stewardship (IBTrACS) - NOAA - https://www.ncei.noaa.gov/products/international-best-track-archive;Australie
1979008S14137;GRETA;cyclone;;-16.0;142.4;7.0;12/01/1979;50000.0;0.3;;False;International Best Track Archive for Climate Stewardship (IBTrACS) - NOAA - https://www.ncdc.noaa.gov/ibtracs/;Australie
1979027S15167;HENRY;cyclone;;-23.0;172.4;7.0;02/02/1979;5000.0;0.3;;False;International Best Track Archive for Climate Stewardship (IBTrACS) - NOAA - https://www.ncei.noaa.gov/products/international-best-track-archive;Nouvelle-Calédonie (France)
1979031S12056;CELINE;cyclone;;-35.0;72.1;7.0;12/02/1979;50000.0;0.3;;False;International Best Track Archive for Climate Stewardship (IBTrACS) - NOAA - https://www.ncei.noaa.gov/products/international-best-track-archive;La Réunion
1979043S11161;ROSA;cyclone;;-21.6;117.0;7.0;03/03/1979;50000.0;0.4;;False;International Best Track Archive for Climate Stewardship (IBTrACS) - NOAA - https://www.ncdc.noaa.gov/ibtracs/;Australie
1979051S16187;LESLIE;cyclone;;-15.9;-172.7;5.0;20/02/1979;5000.0;0.3;;False;NOAA Historical Hurricane Tracks - https://coast.noaa.gov/hurricanes/?storm=1979051S16187;Samoa américaines
1979066S13068;GELIE;cyclone;;-27.0;60.4;7.0;13/03/1979;50000.0;0.3;;False;International Best Track Archive for Climate Stewardship (IBTrACS) - NOAA - https://www.ncei.noaa.gov/products/international-best-track-archive;Maurice
1979066S15124;HAZEL;cyclone;;-25.8;113.5;7.0;13/03/1979;50000.0;0.4;;False;International Best Track Archive for Climate Stewardship (IBTrACS) - NOAA - https://www.ncdc.noaa.gov/ibtracs/;Australie
1979083S15184;MELI;cyclone;;-26.3;177.4;7.0;29/03/1979;5000.0;0.3;;False;International Best Track Archive for Climate Stewardship (IBTrACS) - https://www.ncdc.noaa.gov/ibtracs/;Fidji
1979093S08156;STAN;cyclone;;-12.3;142.4;7.0;14/04/1979;50000.0;0.4;;False;International Best Track Archive for Climate Stewardship (IBTrACS) - NOAA - https://www.ncdc.noaa.gov/ibtracs/;Australie
1979094S10073;IDYLLE;cyclone;;-21.2;82.3;7.0;13/04/1979;50000.0;0.3;;False;International Best Track Archive for Climate Stewardship (IBTrACS) - https://www.ncdc.noaa.gov/ibtracs/;Maurice
1979126N04148;DOT;typhon;;19.7;128.7;7.0;16/05/1979;50000.0;0.4;;False;International Best Track Archive for Climate Stewardship (IBTrACS) - NOAA - https://www.ncei.noaa.gov/products/international-best-track-archive;Philippines
1979172N10257;BLANCA;ouragan;;12.8;-122.8;5.0;25/06/1979;50000.0;0.4;;False;National Hurricane Center (NHC) - https://www.nhc.noaa.gov/archive/atlantic/1979/ (données historiques reconstituées);Mexique
1979180N03155;FAYE;typhon;;20.2;121.4;7.0;09/07/1979;500000.0;0.4;;False;International Best Track Archive for Climate Stewardship (IBTrACS) - NOAA - https://www.ncdc.noaa.gov/ibtracs/;Philippines
1979191N22264;BOB;ouragan;;35.0;-89.5;7.0;12/07/1979;500000.0;0.7;;False;National Hurricane Center (NOAA) - https://www.nhc.noaa.gov/archive/1979/BOB.shtml;États-Unis
1979196N17257;CARLOS;ouragan;;18.5;-110.3;5.0;16/07/1979;50000.0;0.6;;False;National Hurricane Center (NHC) - https://www.nhc.noaa.gov/archive/storm_wallets/epacific/ep1979-prelim/carlos/;Mexique
1979197N13314;CLAUDETTE;ouragan;;12.5;-46.3;5.0;15/07/1979;50000.0;0.3;;False;National Hurricane Center (NOAA) - https://www.nhc.noaa.gov/data/hurdat/hurdat2-atlantic-1851-2022-041923.txt;Barbade
1979205N10148;HOPE;typhon;;22.2;116.5;7.0;02/08/1979;500000.0;0.7;;False;International Best Track Archive for Climate Stewardship (IBTrACS) - NOAA - https://www.ncdc.noaa.gov/ibtracs/;Chine
1979206N19132;GORDON;typhon;;23.0;110.9;7.0;30/07/1979;500000.0;0.6;;False;International Best Track Archive for Climate Stewardship (IBTrACS) - NOAA - https://www.ncei.noaa.gov/products/international-best-track-archive;Chine
1979219N15138;IRVING;typhon;;34.7;125.8;7.0;17/08/1979;500000.0;0.6;;False;International Best Track Archive for Climate Stewardship (IBTrACS) - NOAA - https://www.ncei.noaa.gov/products/international-best-track-archive;Corée du Sud
1979238N12324;DAVID;ouragan;;11.7;-36.1;9.0;25/08/1979;500000.0;0.4;;False;National Hurricane Center (NOAA) - https://www.nhc.noaa.gov/archive/1979/DAVID.shtml;République dominicaine
1979241N11335;FREDERIC;ouragan;;11.0;-25.5;7.0;29/08/1979;50000.0;0.3;;False;National Hurricane Center (NHC) - https://www.nhc.noaa.gov/data/hurdat/hurdat2-1851-2022-050423.txt;Cap-Vert
1979242N22143;KEN;typhon;;35.9;135.6;7.0;04/09/1979;500000.0;0.7;;False;Japan Meteorological Agency (JMA) - https://www.jma.go.jp/jma/indexe.html | NOAA Historical Hurricane Tracks - https://coast.noaa.gov/hurricanes/;Japon
1979243N19154;LOLA;typhon;;37.3;154.9;7.0;08/09/1979;50000.0;0.3;;False;NOAA Historical Hurricane Tracks - https://coast.noaa.gov/hurricanes/?storm=19-1979;Japon
1979248N16339;GLORIA;ouragan;;36.5;-42.7;7.0;13/09/1979;50000.0;0.7;;False;National Hurricane Center (NOAA) - https://www.nhc.noaa.gov/data/hurdat/hurdat2-1851-2022-050423.txt;États-Unis
1979258N10120;NANCY;typhon;;15.8;113.8;7.0;17/09/1979;500000.0;0.4;;False;International Best Track Archive for Climate Stewardship (IBTrACS) - NOAA - https://www.ncdc.noaa.gov/ibtracs/;Vietnam
1979262N15149;OWEN;typhon;;31.5;132.1;7.0;30/09/1979;50000.0;0.6;;False;Japan Meteorological Agency (JMA) - https://www.jma.go.jp/jma/indexe.html;Japon
1979266N18150;PAMELA;typhon;;21.3;138.7;7.0;26/09/1979;50000.0;0.4;;False;NOAA Historical Hurricane Tracks - https://coast.noaa.gov/hurricanes/?storm=1979266N18150;Japon
1979273N11145;ROGER;typhon;;18.5;138.1;7.0;03/10/1979;50000.0;0.3;;False;International Best Track Archive for Climate Stewardship (IBTrACS) - NOAA - https://www.ncei.noaa.gov/products/international-best-track-archive;Japon
1979275N06159;TIP;typhon;;11.6;148.7;9.0;08/10/1979;50000.0;0.3;;False;NOAA Historical Hurricane Tracks - https://coast.noaa.gov/hurricanes/?storm=19-1979;Japon
1979300N04166;VERA;typhon;;8.9;138.1;7.0;03/11/1979;50000.0;0.3;;False;Joint Typhoon Warning Center (JTWC) - https://www.metoc.navy.mil/jtwc/jtwc.html;Philippines
1979311N10142;WAYNE;typhon;;10.3;141.8;7.0;07/11/1979;50000.0;0.3;;False;International Best Track Archive for Climate Stewardship (IBTrACS) - https://www.ncdc.noaa.gov/ibtracs/;Philippines
1979329S07086;ALBINE;cyclone;;-26.8;68.0;7.0;05/12/1979;50000.0;0.3;;False;International Best Track Archive for Climate Stewardship (IBTrACS) - https://www.ncdc.noaa.gov/ibtracs/;Maurice
1979333N07169;ABBY;typhon;;9.5;148.8;7.0;06/12/1979;50000.0;0.3;;False;NOAA Historical Hurricane Tracks - https://coast.noaa.gov/hurricanes/?storm=1979333N07169;Philippines
1979343S08093;CLAUDETTE:VIOLA;cyclone;;-29.8;69.9;5.0;26/12/1979;5000.0;0.3;;False;International Best Track Archive for Climate Stewardship (IBTrACS) - NOAA - https://www.ncei.noaa.gov/products/international-best-track-archive;La Réunion (France)
1979344S12170;OFA;cyclone;;-13.2;178.0;7.0;10/12/1979;50000.0;0.4;;False;International Best Track Archive for Climate Stewardship (IBTrACS) - NOAA - https://www.ncei.noaa.gov/products/international-best-track-archive;Fidji
1979350N07153;BEN;typhon;;16.4;119.9;7.0;23/12/1979;500000.0;0.4;;False;International Best Track Archive for Climate Stewardship (IBTrACS) - NOAA - https://www.ncei.noaa.gov/products/international-best-track-archive;Philippines
1979350S17053;BERENICE;cyclone;;-17.0;53.0;7.0;15/12/1979;50000.0;0.4;;False;International Best Track Archive for Climate Stewardship (IBTrACS) - NOAA - https://www.ncdc.noaa.gov/ibtracs/;Madagascar
1980001S13173;PENI;cyclone;;-19.8;181.6;7.0;05/01/1980;50000.0;0.4;;False;International Best Track Archive for Climate Stewardship (IBTrACS) - https://www.ncdc.noaa.gov/ibtracs/;Fidji
1980003S15137;PAUL;cyclone;;-19.2;143.8;6.5;06/01/1980;50000.0;0.4;;False;International Best Track Archive for Climate Stewardship (IBTrACS) - NOAA - https://www.ncei.noaa.gov/products/international-best-track-archive;Australie
1980005S11059;EGLANTINE;cyclone;;-11.0;59.0;5.0;05/01/1980;50000.0;0.4;;False;International Best Track Archive for Climate Stewardship (IBTrACS) - NOAA - https://www.ncdc.noaa.gov/ibtracs/;Maurice
1980005S14120;AMY;cyclone;;-27.2;117.2;5.0;12/01/1980;15000.0;0.4;;False;International Best Track Archive for Climate Stewardship (IBTrACS) - NOAA - https://www.ncdc.noaa.gov/ibtracs/;Australie
1980015S18060;HYACINTHE;cyclone;;-30.9;58.2;7.0;29/01/1980;300000.0;0.4;;False;Météo-France - https://www.meteofrance.re/climat/evenements-climatiques-majeurs/cyclone-hyacinthe-1980;La Réunion (France)
1980018S10130;BRIAN;cyclone;;-15.1;118.4;7.0;20/01/1980;50000.0;0.4;;False;International Best Track Archive for Climate Stewardship (IBTrACS) - NOAA - https://www.ncdc.noaa.gov/ibtracs/;Australie
1980021S10090;CLARA;cyclone;;-14.9;112.0;7.0;26/01/1980;50000.0;0.3;;False;International Best Track Archive for Climate Stewardship (IBTrACS) - https://www.ncdc.noaa.gov/ibtracs/;Australie
1980032S14071;JACINTHE;cyclone;;-33.0;61.3;7.0;11/02/1980;50000.0;0.4;;False;Météo-France / Firinga - Les cyclones de l'océan Indien - https://www.firinga.com/cyclone/JACINTHE-1980;La Réunion
1980033S12161;RAE;cyclone;;-13.8;164.1;7.0;02/02/1980;25000.0;0.3;;False;International Best Track Archive for Climate Stewardship (IBTrACS) - NOAA - https://www.ncdc.noaa.gov/ibtracs/;Vanuatu
1980042S17149;RUTH;cyclone;;-21.6;156.3;7.0;18/02/1980;50000.0;0.4;;False;International Best Track Archive for Climate Stewardship (IBTrACS) - NOAA - https://www.ncdc.noaa.gov/ibtracs/;Nouvelle-Calédonie
1980052S16155;SIMON;cyclone;;-30.2;159.3;5.0;28/02/1980;5000.0;0.3;;False;International Best Track Archive for Climate Stewardship (IBTrACS) - https://www.ncdc.noaa.gov/ibtracs/;Nouvelle-Calédonie (France)
1980056S15059;KOLIA;cyclone;;-21.2;49.3;7.0;14/03/1980;500000.0;0.4;;False;International Best Track Archive for Climate Stewardship (IBTrACS) - NOAA - https://www.ncdc.noaa.gov/ibtracs/;Madagascar
1980069S12161;SINA;cyclone;;-22.6;164.2;7.0;13/03/1980;15000.0;0.4;;False;International Best Track Archive for Climate Stewardship (IBTrACS) - NOAA - https://www.ncei.noaa.gov/products/international-best-track-archive;Nouvelle-Calédonie
1980073S09133;DORIS:GLORIA;cyclone;;-17.1;115.5;7.0;22/03/1980;50000.0;0.3;;False;International Best Track Archive for Climate Stewardship (IBTrACS) - NOAA - https://www.ncei.noaa.gov/products/international-best-track-archive;Australie
1980081S12170;TIA;cyclone;;-19.8;186.5;7.0;25/03/1980;50000.0;0.4;;False;International Best Track Archive for Climate Stewardship (IBTrACS) - NOAA - https://www.ncei.noaa.gov/products/international-best-track-archive;Fidji
1980085S09170;VAL;cyclone;;-9.0;170.0;7.0;25/03/1980;50000.0;0.3;;False;International Best Track Archive for Climate Stewardship (IBTrACS) - NOAA - https://www.ncdc.noaa.gov/ibtracs/;Îles Salomon
1980092S15183;WALLY;cyclone;;-21.8;178.8;7.0;05/04/1980;50000.0;0.4;;False;International Best Track Archive for Climate Stewardship (IBTrACS) - NOAA - https://www.ncdc.noaa.gov/ibtracs/;Fidji
1980094N02179;CARMEN;cyclone;;19.9;176.4;7.0;11/04/1980;50000.0;0.4;;False;NOAA Historical Hurricane Tracks - https://coast.noaa.gov/hurricanes/?redirect=301ocm;Fidji
1980126N08150;DOM;typhon;;23.9;130.8;7.0;21/05/1980;50000.0;0.4;;False;International Best Track Archive for Climate Stewardship (IBTrACS) - NOAA - https://www.ncdc.noaa.gov/ibtracs/;Japon
1980133N07149;ELLEN;typhon;;26.6;135.7;7.0;20/05/1980;50000.0;0.4;;False;Japan Meteorological Agency (JMA) - https://www.jma.go.jp/jma/indexe.html | International Best Track Archive for Climate Stewardship (IBTrACS) - https://www.ncdc.noaa.gov/ibtracs/;Japon
1980137N04158;FORREST;typhon;;27.0;127.0;7.0;28/05/1980;500000.0;0.6;;False;NOAA Historical Hurricane Tracks - https://coast.noaa.gov/hurricanes/?storm=19-1980;Japon
1980140N16116;GEORGIA;typhon;;26.7;119.3;7.0;24/05/1980;500000.0;0.6;;False;International Best Track Archive for Climate Stewardship (IBTrACS) - https://www.ncdc.noaa.gov/ibtracs/;Chine
1980187N09146;IDA;typhon;;10.2;143.3;7.0;05/07/1980;50000.0;0.3;;False;NOAA Historical Hurricane Tracks - https://coast.noaa.gov/hurricanes/?storm=1980187N09146;Philippines
1980197N07154;JOE;typhon;;7.2;153.5;7.0;15/07/1980;50000.0;0.4;;False;International Best Track Archive for Climate Stewardship (IBTrACS) - NOAA - https://www.ncdc.noaa.gov/ibtracs/;États fédérés de Micronésie
1980201N08155;KIM;typhon;;9.7;143.0;7.0;21/07/1980;50000.0;0.3;;False;NOAA Historical Hurricane Tracks - https://coast.noaa.gov/hurricanes/?storm=1980201N08155;Philippines
1980208N23153;LEX;typhon;;45.9;156.4;7.0;09/08/1980;50000.0;0.3;;False;NOAA Historical Hurricane Tracks - https://coast.noaa.gov/hurricanes/;Japon
1980210N17251;GEORGETTE;ouragan;;21.4;-116.1;7.0;30/07/1980;50000.0;0.3;;False;National Hurricane Center (NHC) - https://www.nhc.noaa.gov/data/hurdat/hurdat2-1851-2022-041923.txt;Mexique
1980214N11330;ALLEN;ouragan;;11.0;-30.0;9.0;31/07/1980;500000.0;0.4;;False;National Hurricane Center (NHC) - https://www.nhc.noaa.gov/data/tcr/AL031980_Allen.pdf;Haïti
1980219N15165;MARGE;typhon;;34.7;167.3;7.0;15/08/1980;50000.0;0.3;;False;NOAA Historical Hurricane Tracks - https://coast.noaa.gov/hurricanes/?storm=1980219N15165;Japon
1980227N13325;BONNIE;ouragan;;35.9;-40.5;5.0;18/08/1980;5000.0;0.2;;False;National Hurricane Center (NHC) - https://www.nhc.noaa.gov/data/hurdat/hurdat2-1851-2022-050423.txt;Açores (Portugal)
1980234N36287;CHARLEY;ouragan;;37.9;-58.2;5.0;24/08/1980;50000.0;0.7;;False;National Hurricane Center (NOAA) - https://www.nhc.noaa.gov/data/hurdat/hurdat2-1851-2022-050423.txt;États-Unis
1980236N15144;NORRIS;typhon;;30.7;119.3;7.0;29/08/1980;500000.0;0.7;;False;NOAA Historical Hurricane Tracks - https://coast.noaa.gov/hurricanes/?storm=1980236N15144;Chine
1980245N16322;GEORGES;ouragan;;17.5;-45.7;5.0;02/09/1980;5000.0;0.3;;False;National Hurricane Center (NHC) - https://www.nhc.noaa.gov/data/hurdat/hurdat2-1851-2022-050423.txt;Antilles (principalement Saint-Christophe-et-Niévès, Porto Rico, République dominicaine, Haïti, Cuba)
1980246N05151;ORCHID;typhon;;26.0;130.7;7.0;10/09/1980;500000.0;0.6;;False;NOAA Historical Hurricane Tracks - https://coast.noaa.gov/hurricanes/?storm=1980246N05151;Japon
1980249N18336;EARL;ouragan;;24.0;-39.3;5.0;07/09/1980;0.0;0.1;;False;National Hurricane Center (NHC) - https://www.nhc.noaa.gov/data/hurdat/hurdat2-1851-2022-050423.txt;Aucun (en mer)
1980250N13341;FRANCES;ouragan;;45.1;-42.1;7.0;19/09/1980;50000.0;0.7;;False;National Hurricane Center (NOAA) - https://www.nhc.noaa.gov/data/hurdat/hurdat2-1851-2022-050423.txt;Canada
1980256N10154;SPERRY;typhon;;34.0;152.0;7.0;22/09/1980;50000.0;0.4;;False;NOAA Historical Hurricane Tracks - https://coast.noaa.gov/hurricanes/?storm=1980256N10154;Japon
1980269N15147;THELMA;typhon;;30.8;145.7;7.0;29/09/1980;50000.0;0.3;;False;Japan Meteorological Agency (JMA) - https://www.jma.go.jp/jma/indexe.html | NOAA Historical Hurricane Tracks - https://coast.noaa.gov/hurricanes/;Japon
1980270N13165;VERNON;cyclone;;31.2;149.7;7.0;03/10/1980;5000.0;0.3;;False;NOAA Historical Hurricane Tracks - https://coast.noaa.gov/hurricanes/?storm=19-1980;Australie
1980275N34340;IVAN;ouragan;;38.7;-38.6;7.0;10/10/1980;50000.0;0.7;;False;National Hurricane Center (NOAA) - https://www.nhc.noaa.gov/data/hurdat/hurdat2-1851-2022-050423.txt;États-Unis
1980277N09157;WYNNE;typhon;;30.5;130.5;7.0;13/10/1980;500000.0;0.6;;False;International Best Track Archive for Climate Stewardship (IBTrACS) - NOAA - https://www.ncei.noaa.gov/products/international-best-track-archive;Japon
1980282N19162;ALEX;typhon;;29.7;140.3;7.0;13/10/1980;50000.0;0.4;;False;Japan Meteorological Agency (JMA) - https://www.jma.go.jp/jma/indexe.html | NOAA Historical Hurricane Tracks - https://coast.noaa.gov/hurricanes/;Japon
1980296N05165;BETTY;typhon;;12.5;146.3;7.0;30/10/1980;50000.0;0.4;;False;NOAA Historical Hurricane Tracks - https://coast.noaa.gov/hurricanes/?storm=1980296N05165;Philippines
1980300N08137;CARY;typhon;;12.3;125.7;7.0;28/10/1980;50000.0;0.4;;False;NOAA Historical Hurricane Tracks - https://coast.noaa.gov/hurricanes/?storm=1980300N08137;Philippines
1980308S05102;ADELAIDE:ALICE;cyclone;;-9.4;69.3;7.0;13/11/1980;50000.0;0.3;;False;International Best Track Archive for Climate Stewardship (IBTrACS) - NOAA - https://www.ncei.noaa.gov/products/international-best-track-archive;Maurice
1980323N04180;DINAH;typhon;;4.3;180.1;7.0;18/11/1980;50000.0;0.3;;False;International Best Track Archive for Climate Stewardship (IBTrACS) - https://www.ncdc.noaa.gov/ibtracs/;Îles Marshall
1980329S08095;BERT:CHRISTE;cyclone;;-15.2;68.7;7.0;05/12/1980;50000.0;0.3;;False;International Best Track Archive for Climate Stewardship (IBTrACS) - https://www.ncdc.noaa.gov/ibtracs/;Maurice
1980330N36314;KARL;ouragan;;40.4;-34.9;5.0;27/11/1980;50000.0;0.7;;False;NOAA Historical Hurricane Tracks - https://coast.noaa.gov/hurricanes/;Açores (Portugal)
1980332S16214;DIOLA;cyclone;;-22.5;-142.2;5.0;30/11/1980;5000.0;0.3;;False;International Best Track Archive for Climate Stewardship (IBTrACS) - https://www.ncdc.noaa.gov/ibtracs/;Polynésie française
1980364S22036;EDWIG;cyclone;;-23.8;39.7;7.0;29/12/1980;50000.0;0.4;;False;International Best Track Archive for Climate Stewardship (IBTrACS) - https://www.ncdc.noaa.gov/ibtracs/;Madagascar
1981003S11059;FLORINE;cyclone;;-33.5;61.3;5.0;10/01/1981;50000.0;0.4;;False;International Best Track Archive for Climate Stewardship (IBTrACS) - https://www.ncdc.noaa.gov/ibtracs/;Maurice
1981011S12185;ARTHUR;cyclone;;-12.5;181.8;5.0;11/01/1981;50000.0;0.4;;False;International Best Track Archive for Climate Stewardship (IBTrACS) - NOAA - https://www.ncdc.noaa.gov/ibtracs/;Fidji
1981028S12069;HELYETTE;cyclone;;-29.0;43.4;5.0;05/02/1981;5000.0;0.3;;False;NOAA Historical Hurricane Tracks - https://coast.noaa.gov/hurricanes/;Madagascar
1981039S09178;CLIFF;cyclone;;-25.1;150.3;5.0;15/02/1981;50000.0;0.4;;False;International Best Track Archive for Climate Stewardship (IBTrACS) - https://www.ncdc.noaa.gov/ibtracs/;Australie
1981039S14153;EDDIE;cyclone;;-17.8;134.2;5.0;11/02/1981;50000.0;0.3;;False;International Best Track Archive for Climate Stewardship (IBTrACS) - NOAA - https://www.ncdc.noaa.gov/ibtracs/;Australie
1981048S12055;IADINE;cyclone;;-25.4;52.4;7.0;23/02/1981;50000.0;0.4;;False;International Best Track Archive for Climate Stewardship (IBTrACS) - NOAA - https://www.ncdc.noaa.gov/ibtracs/;Maurice
1981051S14181;DAMAN;cyclone;;-14.4;-179.4;7.0;20/02/1981;5000.0;0.3;;False;International Best Track Archive for Climate Stewardship (IBTrACS) - https://www.ncdc.noaa.gov/ibtracs/;Fidji
1981055S19120;NEIL;cyclone;;-22.3;113.0;5.0;05/03/1981;15000.0;0.4;;False;International Best Track Archive for Climate Stewardship (IBTrACS) - NOAA - https://www.ncdc.noaa.gov/ibtracs/;Australie
1981056S14141;FREDA;cyclone;;-24.4;165.6;7.0;07/03/1981;50000.0;0.3;;False;International Best Track Archive for Climate Stewardship (IBTrACS) - NOAA - https://www.ncdc.noaa.gov/ibtracs/;Nouvelle-Calédonie
1981060S06176;ESAU;cyclone;;-6.2;176.1;5.0;01/03/1981;50000.0;0.3;;False;International Best Track Archive for Climate Stewardship (IBTrACS) - https://www.ncdc.noaa.gov/ibtracs/;Îles Salomon
1981068S19199;TAHMAR;cyclone;;-23.8;-145.3;5.0;12/03/1981;5000.0;0.3;;False;International Best Track Archive for Climate Stewardship (IBTrACS) - https://www.ncdc.noaa.gov/ibtracs/;Polynésie française
1981069S12135;MAX;cyclone;;-16.1;108.1;7.0;17/03/1981;50000.0;0.4;;False;International Best Track Archive for Climate Stewardship (IBTrACS) - https://www.ncdc.noaa.gov/ibtracs/;Australie
1981070N03173;FREDA;typhon;;29.0;176.0;7.0;18/03/1981;5000.0;0.3;;False;NOAA Historical Hurricane Tracks - https://coast.noaa.gov/hurricanes/?storm=1981070N03173;États-Unis (Îles Midway)
1981077S13198;FRAN;cyclone;;-24.5;-149.2;7.0;23/03/1981;5000.0;0.3;;False;NOAA Historical Hurricane Tracks - https://coast.noaa.gov/hurricanes/?redirect=301ocm;Polynésie française
1981094S06094;OLGA;cyclone;;-26.7;90.3;7.0;12/04/1981;50000.0;0.3;;False;International Best Track Archive for Climate Stewardship (IBTrACS) - https://www.ncdc.noaa.gov/ibtracs/;La Réunion (France)
1981109N15147;GERALD;typhon;;16.2;148.1;7.0;19/04/1981;50000.0;0.4;;False;NOAA Historical Hurricane Tracks - https://coast.noaa.gov/hurricanes/?storm=19-1981;Guam
1981166N11135;JUNE;typhon;;32.1;127.2;7.0;22/06/1981;500000.0;0.6;;False;Japan Meteorological Agency (JMA) - https://www.jma.go.jp/jma/indexe.html | International Best Track Archive for Climate Stewardship (IBTrACS) - https://www.ncdc.noaa.gov/ibtracs/;Japon
1981178N05160;LYNN;typhon;;9.7;132.1;7.0;02/07/1981;50000.0;0.3;;False;NOAA Historical Hurricane Tracks - https://coast.noaa.gov/hurricanes/?storm=1981178N05160;Philippines
1981181N36295;BRET;ouragan;;37.9;-77.1;5.0;01/07/1981;500000.0;0.8;;False;National Hurricane Center (NOAA) - https://www.nhc.noaa.gov/data/hurdat/hurdat2-1851-2022-050423.txt;États-Unis
1981202N24123;NINA;typhon;;28.8;120.3;7.0;23/07/1981;500000.0;0.6;;False;International Best Track Archive for Climate Stewardship (IBTrACS) - NOAA - https://www.ncdc.noaa.gov/ibtracs/;Chine
1981212N17142;PHYLLIS;typhon;;20.7;145.2;7.0;02/08/1981;50000.0;0.3;;False;International Best Track Archive for Climate Stewardship (IBTrACS) - NOAA - https://www.ncei.noaa.gov/products/international-best-track-archive;Îles Mariannes du Nord (États-Unis)
1981215N36292;CINDY;ouragan;;40.9;-59.6;5.0;04/08/1981;50000.0;0.7;;False;National Hurricane Center (NOAA) - https://www.nhc.noaa.gov/data/hurdat/hurdat2-1851-2022-050423.txt;États-Unis
1981218N20168;SUSAN;typhon;;41.0;153.6;7.0;14/08/1981;50000.0;0.3;;False;Japan Meteorological Agency (JMA) - https://www.jma.go.jp/jma/indexe.html | NOAA Historical Hurricane Tracks - https://coast.noaa.gov/hurricanes/;Japon
1981219N11334;DENNIS;ouragan;;10.5;-25.7;5.0;07/08/1981;50000.0;0.3;;False;NOAA Historical Hurricane Tracks - https://coast.noaa.gov/hurricanes/;Cap-Vert
1981226N17142;VANESSA;cyclone;;20.5;148.5;7.0;15/08/1981;50000.0;0.3;;False;NOAA Historical Hurricane Tracks - https://coast.noaa.gov/hurricanes/?storm=1981226N17142;Australie
1981227N18129;THAD;typhon;;33.3;138.9;7.0;22/08/1981;50000.0;0.6;;False;NOAA Historical Hurricane Tracks - https://coast.noaa.gov/hurricanes/?storm=1981227N18129;Japon
1981237N16148;AGNES;typhon;;34.5;128.6;7.0;03/09/1981;500000.0;0.6;;False;Japan Meteorological Agency (JMA) - https://www.jma.go.jp/jma/indexe.html | NOAA Historical Hurricane Tracks - https://coast.noaa.gov/hurricanes/;Japon
1981245N23161;BILL;ouragan;;32.7;146.2;5.0;06/09/1981;5000.0;0.3;;False;National Hurricane Center (NHC) - https://www.nhc.noaa.gov/data/hurdat/hurdat2-1851-2022-050423.txt;États-Unis (Hawaï ou territoires éloignés)
1981247N16300;FLOYD;ouragan;;32.9;-63.0;7.0;09/09/1981;50000.0;0.7;;False;National Hurricane Center (NHC) - https://www.nhc.noaa.gov/data/hurdat/hurdat2-1851-2022-050423.txt;Bermudes
1981250N15306;GERT;ouragan;;34.9;-63.5;5.0;13/09/1981;5000.0;0.3;;False;National Hurricane Center (NHC) - https://www.nhc.noaa.gov/data/hurdat/hurdat2-1851-2022-050423.txt;Bermudes
1981255N14311;HARVEY;ouragan;;14.0;-49.0;5.0;11/09/1981;50000.0;0.3;;False;National Hurricane Center (NOAA) - https://www.nhc.noaa.gov/data/hurdat/hurdat2-1851-2021-050422.txt;Barbade
1981256N10150;CLARA;typhon;;26.8;114.3;7.0;23/09/1981;500000.0;0.6;;False;International Best Track Archive for Climate Stewardship (IBTrACS) - NOAA - https://www.ncdc.noaa.gov/ibtracs/;Chine
1981261N25174;DOYLE;typhon;;33.0;166.6;5.0;22/09/1981;5000.0;0.3;;False;NOAA Historical Hurricane Tracks - https://coast.noaa.gov/hurricanes/?storm=1981261N25174;Japon
1981265N14328;IRENE;ouragan;;32.6;-52.6;5.0;29/09/1981;5000.0;0.3;;False;National Hurricane Center (NHC) - https://www.nhc.noaa.gov/data/hurdat/hurdat2-1851-2022-050423.txt;Bermudes
1981266N09151;ELSIE;typhon;;28.2;134.3;7.0;01/10/1981;50000.0;0.4;;False;Japan Meteorological Agency (JMA) - https://www.jma.go.jp/jma/indexe.html (archives historiques);Japon
1981283N07132;FABIAN;typhon;;11.6;117.8;7.0;13/10/1981;50000.0;0.4;;False;International Best Track Archive for Climate Stewardship (IBTrACS) - NOAA - https://www.ncei.noaa.gov/products/international-best-track-archive;Philippines
1981286N10150;GAY;typhon;;27.7;131.7;7.0;21/10/1981;50000.0;0.4;;False;Japan Meteorological Agency (JMA) - https://www.jma.go.jp/jma/indexe.html | NOAA Historical Hurricane Tracks - https://coast.noaa.gov/hurricanes/;Japon
1981303N25313;JOSE;ouragan;;33.0;-38.0;4.0;01/11/1981;0.0;0.9;;False;National Hurricane Center (NOAA) - https://www.nhc.noaa.gov/data/hurdat/hurdat2-1851-2022-050423.txt;Aucun (en mer)
1981307N17279;KATRINA;ouragan;;23.6;-74.5;7.0;06/11/1981;50000.0;0.6;;False;National Hurricane Center (NHC) - https://www.nhc.noaa.gov/data/hurdat/hurdat2-1851-2022-050423.txt;Bahamas
1981319N07163;IRMA;typhon;;24.0;126.3;7.0;27/11/1981;50000.0;0.6;;False;Japan Meteorological Agency (JMA) - https://www.jma.go.jp/jma/indexe.html;Japon
1981324N08158;JEFF;typhon;;7.9;157.6;7.0;20/11/1981;50000.0;0.3;;False;NOAA Historical Hurricane Tracks - https://coast.noaa.gov/hurricanes/?redirect=301ocm;États fédérés de Micronésie
1981335S16139;AMELIA;cyclone;;-11.9;131.7;6.0;03/12/1981;50000.0;0.4;;False;International Best Track Archive for Climate Stewardship (IBTrACS) - https://www.ncdc.noaa.gov/ibtracs/;Australie
1981353S09172;GYAN;cyclone;;-26.7;162.9;5.0;27/12/1981;5000.0;0.3;;False;International Best Track Archive for Climate Stewardship (IBTrACS) - https://www.ncdc.noaa.gov/ibtracs/;Nouvelle-Calédonie (France)
1982011S07094;DAPHNE:FIFI;cyclone;;-14.1;112.4;7.0;20/01/1982;50000.0;0.3;;False;International Best Track Archive for Climate Stewardship (IBTrACS) - NOAA - https://www.ncei.noaa.gov/products/international-best-track-archive;Australie
1982011S11141;BRUNO;cyclone;;-20.1;119.8;7.0;18/01/1982;50000.0;0.4;;False;International Best Track Archive for Climate Stewardship (IBTrACS) - https://www.ncdc.noaa.gov/ibtracs/;Australie
1982011S12119;ERROL;cyclone;;-17.0;117.4;5.0;18/01/1982;50000.0;0.4;;False;International Best Track Archive for Climate Stewardship (IBTrACS) - NOAA - https://www.ncdc.noaa.gov/ibtracs/;Australie
1982022S26154;ABIGAIL;cyclone;;-23.8;173.0;7.0;06/02/1982;50000.0;0.3;;False;International Best Track Archive for Climate Stewardship (IBTrACS) - NOAA - https://www.ncei.noaa.gov/products/international-best-track-archive;Fidji
1982036S16060;GABRIELLE;cyclone;;-33.6;48.0;7.0;10/02/1982;50000.0;0.4;;False;NOAA Historical Hurricane Tracks - https://coast.noaa.gov/hurricanes/?redirect=301ocm;Madagascar
1982058S10185;ISAAC;cyclone;;-26.2;-174.5;5.0;04/03/1982;5000.0;0.3;;False;NOAA Historical Hurricane Tracks - https://coast.noaa.gov/hurricanes/?storm=1982058S10185;Tonga
1982073N07153;MAMIE;typhon;;8.2;131.0;7.0;18/03/1982;50000.0;0.4;;False;Joint Typhoon Warning Center (JTWC) - https://www.metoc.navy.mil/jtwc/jtwc.html;Philippines
1982091S03159;BERNIE;cyclone;;-27.9;168.7;5.0;08/04/1982;5000.0;0.3;;False;International Best Track Archive for Climate Stewardship (IBTrACS) - https://www.ncdc.noaa.gov/ibtracs/;Nouvelle-Calédonie (France)
1982095S11138;DOMINIC;cyclone;;-17.0;148.4;7.0;13/04/1982;50000.0;0.4;;False;International Best Track Archive for Climate Stewardship (IBTrACS) - NOAA - https://www.ncdc.noaa.gov/ibtracs/;Australie
1982113S06085;KARLA;cyclone;;-24.8;86.2;7.0;03/05/1982;50000.0;0.3;;False;International Best Track Archive for Climate Stewardship (IBTrACS) - https://www.ncdc.noaa.gov/ibtracs/;Australie
1982136N08140;PAT;typhon;;22.6;131.1;7.0;21/05/1982;50000.0;0.4;;False;NOAA Historical Hurricane Tracks - https://coast.noaa.gov/hurricanes/?storm=1982136N08140;Japon
1982169N09149;RUBY;typhon;;27.4;139.8;7.0;26/06/1982;50000.0;0.4;;False;International Best Track Archive for Climate Stewardship (IBTrACS) - https://www.ncdc.noaa.gov/ibtracs/;Japon
1982176N18114;TESS:VAL;typhon;;22.2;118.0;7.0;01/07/1982;500000.0;0.6;;False;International Best Track Archive for Climate Stewardship (IBTrACS) - NOAA - https://www.ncdc.noaa.gov/ibtracs/;Taïwan
1982179N19128;SKIP;typhon;;24.6;138.1;7.0;30/06/1982;50000.0;0.3;;False;International Best Track Archive for Climate Stewardship (IBTrACS) - https://www.ncdc.noaa.gov/ibtracs/;Japon
1982190N09148;WINONA;typhon;;9.0;147.8;7.0;09/07/1982;50000.0;0.4;;False;International Best Track Archive for Climate Stewardship (IBTrACS) - NOAA - https://www.ncei.noaa.gov/products/international-best-track-archive;Philippines
1982202N11165;BESS;typhon;;31.9;136.9;7.0;01/08/1982;50000.0;0.6;;False;Japan Meteorological Agency (JMA) - https://www.jma.go.jp/jma/indexe.html | International Best Track Archive for Climate Stewardship (IBTrACS) - https://www.ncdc.noaa.gov/ibtracs/;Japon
1982207N09243;GILMA;ouragan;;17.0;-142.9;5.0;30/07/1982;5000.0;0.2;;False;National Hurricane Center (NHC) - https://www.nhc.noaa.gov/archive/1982/GILMA.shtml;États-Unis (Hawaï, zones maritimes)
1982213N13145;CECIL;typhon;;17.5;137.5;7.0;03/08/1982;50000.0;0.4;;False;International Best Track Archive for Climate Stewardship (IBTrACS) - NOAA - https://www.ncdc.noaa.gov/ibtracs/;Philippines
1982220N08154;DOT;typhon;;10.9;146.9;7.0;09/08/1982;50000.0;0.4;;False;NOAA Historical Hurricane Tracks - https://coast.noaa.gov/hurricanes/?storm=1982220N08154;Philippines
1982221N10236;KRISTY;ouragan;;10.6;-141.5;5.0;11/08/1982;5000.0;0.3;;False;National Hurricane Center (NHC) - https://www.nhc.noaa.gov/data/hurdat/hurdat2-1851-2022-050423.txt;Polynésie française (îles éloignées comme les Tuamotu)
1982229N09154;ELLIS;typhon;;33.6;131.8;7.0;27/08/1982;500000.0;0.7;;False;Japan Meteorological Agency (JMA) - https://www.jma.go.jp/jma/indexe.html | NOAA Historical Hurricane Tracks - https://coast.noaa.gov/hurricanes/;Japon
1982238N10161;GORDON;typhon;;10.1;160.8;7.0;26/08/1982;50000.0;0.4;;False;International Best Track Archive for Climate Stewardship (IBTrACS) - https://www.ncdc.noaa.gov/ibtracs/;Philippines
1982242N13253;MIRIAM;ouragan;;16.2;-135.6;5.0;03/09/1982;5000.0;0.3;;False;National Hurricane Center (NHC) - https://www.nhc.noaa.gov/archive/1982/MIRIAM.shtml;États-Unis (Hawaï)
1982247N11147;JUDY;typhon;;31.5;137.0;7.0;12/09/1982;50000.0;0.4;;False;Japan Meteorological Agency (JMA) - https://www.jma.go.jp/jma/indexe.html;Japon
1982257N17140;KEN;typhon;;30.1;131.8;7.0;24/09/1982;50000.0;0.6;;False;Japan Meteorological Agency (JMA) - https://www.jma.go.jp/jma/indexe.html | International Best Track Archive for Climate Stewardship (IBTrACS) - https://www.ncdc.noaa.gov/ibtracs/;Japon
1982257N20172;LOLA;typhon;;32.9;162.2;7.0;18/09/1982;50000.0;0.3;;False;NOAA Historical Hurricane Tracks - https://coast.noaa.gov/hurricanes/;Japon
1982257N20291;DEBBY;ouragan;;40.1;-60.7;5.0;18/09/1982;50000.0;0.7;;False;National Hurricane Center (NOAA) - https://www.nhc.noaa.gov/archive/1982/DEBBY.shtml;Canada (Nouvelle-Écosse et Terre-Neuve-et-Labrador)
1982272N11156;MAC;typhon;;27.7;137.4;7.0;08/10/1982;50000.0;0.4;;False;Japan Meteorological Agency (JMA) - https://www.jma.go.jp/jma/indexe.html | International Best Track Archive for Climate Stewardship (IBTrACS) - https://www.ncdc.noaa.gov/ibtracs/;Japon
1982274N25295;ERNESTO;ouragan;;29.4;-64.2;7.0;02/10/1982;50000.0;0.7;;False;National Hurricane Center (NHC) - https://www.nhc.noaa.gov/data/hurdat/hurdat2-1851-2021-052923.txt;Bermudes
1982283N17148;NANCY;typhon;;16.5;148.3;7.0;10/10/1982;50000.0;0.3;;False;International Best Track Archive for Climate Stewardship (IBTrACS) - https://www.ncdc.noaa.gov/ibtracs/;Guam (États-Unis)
1982286N09170;OWEN;typhon;;9.1;170.1;7.0;13/10/1982;50000.0;0.3;;False;International Best Track Archive for Climate Stewardship (IBTrACS) - NOAA - https://www.ncei.noaa.gov/access/metadata/landing-page/bin/iso?id=gov.noaa.ncdc:C00834;Îles Marshall
1982324N10193;IWA;ouragan;;20.8;-162.3;7.0;23/11/1982;50000.0;0.4;;False;National Hurricane Center (NHC) - https://www.nhc.noaa.gov/archive/1982/iwa.shtml;États-Unis (Hawaï)
1982325N08176;PAMELA;typhon;;11.5;150.9;7.0;30/11/1982;50000.0;0.3;;False;International Best Track Archive for Climate Stewardship (IBTrACS) - NOAA - https://www.ncei.noaa.gov/products/international-best-track-archive;Philippines
1982339N07139;ROGER;typhon;;9.4;132.0;7.0;07/12/1982;50000.0;0.4;;False;International Best Track Archive for Climate Stewardship (IBTrACS) - NOAA - https://www.ncdc.noaa.gov/ibtracs/;Philippines
1982344S09200;LISA;cyclone;;-31.5;-146.5;5.0;18/12/1982;5000.0;0.3;;False;NOAA Historical Hurricane Tracks - https://coast.noaa.gov/hurricanes/?storm=1982344S09200;Nouvelle-Calédonie
1982353S13064;CLERA;cyclone;;-13.2;64.0;7.0;19/12/1982;50000.0;0.4;;False;International Best Track Archive for Climate Stewardship (IBTrACS) - https://www.ncdc.noaa.gov/ibtracs/;Madagascar
1983002S11112;JANE;cyclone;;-23.8;125.6;7.0;10/01/1983;5000.0;0.3;;False;International Best Track Archive for Climate Stewardship (IBTrACS) - https://www.ncdc.noaa.gov/ibtracs/;Australie
1983022S10218;NANO;cyclone;;-21.7;-134.9;5.0;26/01/1983;5000.0;0.3;;False;International Best Track Archive for Climate Stewardship (IBTrACS) - https://www.ncdc.noaa.gov/ibtracs/;Polynésie française
1983051S15214;NISHA:ORAMA;cyclone;;-22.8;-141.6;5.0;27/02/1983;5000.0;0.3;;False;International Best Track Archive for Climate Stewardship (IBTrACS) - https://www.ncdc.noaa.gov/ibtracs/;Polynésie française
1983054S15179;OSCAR;cyclone;;-27.5;183.5;7.0;04/03/1983;50000.0;0.3;;False;NOAA Historical Hurricane Tracks - https://coast.noaa.gov/hurricanes/?storm=19-1983;Fidji
1983059S13127;KEN;cyclone;;-24.8;125.2;5.0;05/03/1983;5000.0;0.3;;False;International Best Track Archive for Climate Stewardship (IBTrACS) - NOAA - https://www.ncdc.noaa.gov/ibtracs/;Australie
1983066S11213;REWA;cyclone;;-24.9;-138.1;7.0;15/03/1983;50000.0;0.3;;False;International Best Track Archive for Climate Stewardship (IBTrACS) - NOAA - https://www.ncdc.noaa.gov/ibtracs/;Polynésie française
1983082S11180;SARAH;cyclone;;-27.0;181.7;7.0;29/03/1983;50000.0;0.3;;False;International Best Track Archive for Climate Stewardship (IBTrACS) - NOAA - https://www.ncdc.noaa.gov/ibtracs/;Fidji
1983092S10125;LENA;cyclone;;-21.0;119.3;7.0;08/04/1983;50000.0;0.4;;False;International Best Track Archive for Climate Stewardship (IBTrACS) - NOAA - https://www.ncdc.noaa.gov/ibtracs/;Australie
1983097S10224;VEENA;cyclone;;-19.3;-147.5;7.0;13/04/1983;50000.0;0.3;;False;International Best Track Archive for Climate Stewardship (IBTrACS) - NOAA - https://www.ncdc.noaa.gov/ibtracs/;Polynésie française
1983105S09228;WILLIAM;cyclone;;-22.0;-131.6;5.0;22/04/1983;5000.0;0.3;;False;NOAA Historical Hurricane Tracks - https://coast.noaa.gov/hurricanes/;Polynésie française
1983110S12080;NAOMI;cyclone;;-12.6;89.6;7.0;02/05/1983;50000.0;0.3;;False;International Best Track Archive for Climate Stewardship (IBTrACS) - https://www.ncdc.noaa.gov/ibtracs/;Indonésie
1983167N05145;SARAH;typhon;;21.0;103.0;7.0;27/06/1983;500000.0;0.4;;False;International Best Track Archive for Climate Stewardship (IBTrACS) - NOAA - https://www.ncdc.noaa.gov/ibtracs/;Vietnam
1983186N04153;VERA;typhon;;8.9;141.7;7.0;10/07/1983;50000.0;0.3;;False;International Best Track Archive for Climate Stewardship (IBTrACS) - https://www.ncdc.noaa.gov/ibtracs/;Philippines
1983188N06136;TIP;typhon;;9.3;131.1;8.5;08/07/1983;50000.0;0.3;;False;NOAA Historical Hurricane Tracks - https://coast.noaa.gov/hurricanes/?storm=1983188N06136;Philippines
1983201N08144;WAYNE;typhon;;26.8;114.1;7.0;26/07/1983;500000.0;0.6;;False;International Best Track Archive for Climate Stewardship (IBTrACS) - NOAA - https://www.ncei.noaa.gov/products/international-best-track-archive;Chine
1983205N11265;GIL;ouragan;;22.4;-159.0;5.0;03/08/1983;50000.0;0.7;;False;National Hurricane Center (NHC) - https://www.nhc.noaa.gov/archive/1983/GIL.shtml;États-Unis (Hawaï)
1983220N16111;CARMEN;typhon;;20.2;126.3;7.0;14/08/1983;500000.0;0.4;;False;International Best Track Archive for Climate Stewardship (IBTrACS) - NOAA - https://www.ncei.noaa.gov/products/international-best-track-archive;Philippines
1983223N23143;BEN;typhon;;34.5;138.1;7.0;15/08/1983;500000.0;0.7;;False;Japan Meteorological Agency (JMA) - https://www.jma.go.jp/jma/indexe.html | NOAA Historical Hurricane Tracks - https://coast.noaa.gov/hurricanes/;Japon
1983229N15140;DOM;typhon;;28.5;159.0;7.0;29/08/1983;50000.0;0.3;;False;NOAA Historical Hurricane Tracks - https://coast.noaa.gov/hurricanes/?storm=1983229N15140;Japon
1983239N10183;ELLEN;typhon;;10.4;154.9;7.0;31/08/1983;50000.0;0.3;;False;International Best Track Archive for Climate Stewardship (IBTrACS) - NOAA - https://www.ncei.noaa.gov/products/international-best-track-archive;Micronésie (États fédérés de Micronésie)
1983254N30296;CHANTAL;ouragan;;41.7;-48.8;7.0;15/09/1983;50000.0;0.3;;False;National Hurricane Center (NOAA) - https://www.nhc.noaa.gov/data/hurdat/hurdat2-1851-2022-050423.txt;Canada
1983259N08161;FORREST;typhon;;6.1;152.2;8.0;19/09/1983;50000.0;0.3;;False;NOAA Historical Hurricane Tracks - https://coast.noaa.gov/hurricanes/?storm=1983259N08161;Papouasie-Nouvelle-Guinée
1983276N06130;HERBERT;typhon;;16.2;100.1;7.0;11/10/1983;500000.0;0.4;;False;International Best Track Archive for Climate Stewardship (IBTrACS) - NOAA - https://www.ncdc.noaa.gov/ibtracs/;Thaïlande
1983279N17148;IDA;typhon;;32.4;136.4;7.0;10/10/1983;50000.0;0.4;;False;Japan Meteorological Agency (JMA) - https://www.jma.go.jp/jma/indexe.html;Japon
1983281N12256;RAYMOND;ouragan;;12.2;-111.7;5.0;10/10/1983;50000.0;0.3;;False;National Hurricane Center (NHC) - https://www.nhc.noaa.gov/data/hurdat/hurdat2-1851-2022-050423.txt;Mexique
1983282N09155;KIM;typhon;;11.5;107.5;7.0;17/10/1983;500000.0;0.4;;False;International Best Track Archive for Climate Stewardship (IBTrACS) - NOAA - https://www.ncei.noaa.gov/products/international-best-track-archive;Vietnam
1983287N09164;LEX;typhon;;4.9;147.2;7.0;17/10/1983;50000.0;0.4;;False;International Best Track Archive for Climate Stewardship (IBTrACS) - NOAA - https://www.ncei.noaa.gov/products/international-best-track-archive;Papouasie-Nouvelle-Guinée
1983299N07172;MARGE;typhon;;23.2;136.3;7.0;06/11/1983;50000.0;0.3;;False;International Best Track Archive for Climate Stewardship (IBTrACS) - NOAA - https://www.ncei.noaa.gov/products/international-best-track-archive;Japon
1983311N15161;NORRIS;typhon;;27.1;157.1;5.0;11/11/1983;5000.0;0.3;;False;NOAA Historical Hurricane Tracks - https://coast.noaa.gov/hurricanes/?storm=1983311N15161;Japon
1983315S06090;PEARL;cyclone;;-11.9;94.1;5.0;13/11/1983;50000.0;0.3;;False;International Best Track Archive for Climate Stewardship (IBTrACS) - https://www.ncdc.noaa.gov/ibtracs/;Indonésie
1983325N08148;RUTH;typhon;;9.5;135.9;7.0;25/11/1983;50000.0;0.4;;False;International Best Track Archive for Climate Stewardship (IBTrACS) - NOAA - https://www.ncei.noaa.gov/products/international-best-track-archive;Philippines
1983330S11113;QUENTON;cyclone;;-21.2;122.9;7.0;30/11/1983;15000.0;0.3;;False;International Best Track Archive for Climate Stewardship (IBTrACS) - NOAA - https://www.ncei.noaa.gov/products/international-best-track-archive;Australie
1983347N06154;THELMA;typhon;;7.3;148.0;7.0;13/12/1983;50000.0;0.3;;False;NOAA Historical Hurricane Tracks - https://coast.noaa.gov/hurricanes/?redirect=301ocm;Philippines
1983353S08070;BAKOLY;cyclone;;-30.9;49.6;7.0;30/12/1983;50000.0;0.4;;False;International Best Track Archive for Climate Stewardship (IBTrACS) - NOAA - https://www.ncdc.noaa.gov/ibtracs/;Madagascar
1984016S15073;DOMOINA;cyclone;;-14.9;73.0;7.0;16/01/1984;500000.0;0.4;;False;International Best Track Archive for Climate Stewardship (IBTrACS) - NOAA - https://www.ncdc.noaa.gov/ibtracs/;Madagascar
1984025S14073;GALY;cyclone;;-19.7;57.6;7.0;31/01/1984;300000.0;0.6;;False;Météo-France / IBTrACS (International Best Track Archive for Climate Stewardship) - https://www.ncdc.noaa.gov/ibtracs/;Maurice
1984033S12115;WILLY;cyclone;;-18.9;100.1;7.0;09/02/1984;50000.0;0.4;;False;International Best Track Archive for Climate Stewardship (IBTrACS) - NOAA - https://www.ncei.noaa.gov/products/international-best-track-archive;Australie
1984035S09101;ANNETTE:JAMINY;cyclone;;-30.9;68.5;7.0;22/02/1984;50000.0;0.4;;False;International Best Track Archive for Climate Stewardship (IBTrACS) - https://www.ncdc.noaa.gov/ibtracs/;Maurice
1984038S12073;HAJA;cyclone;;-31.9;51.9;5.0;21/02/1984;50000.0;0.4;;False;Météo-France / Centre des Cyclones Tropicaux de La Réunion - https://www.meteofrance.re/;Madagascar
1984053S30068;JAMINY;cyclone;;-32.7;66.2;7.0;22/02/1984;50000.0;0.3;;False;International Best Track Archive for Climate Stewardship (IBTrACS) - https://www.ncdc.noaa.gov/ibtracs/;Australie
1984159N12116;VERNON;typhon;;16.7;105.6;7.0;11/06/1984;500000.0;0.4;;False;International Best Track Archive for Climate Stewardship (IBTrACS) - https://www.ncdc.noaa.gov/ibtracs/;Vietnam
1984169N20137;WYNNE;typhon;;21.3;103.0;7.0;26/06/1984;500000.0;0.6;;False;International Best Track Archive for Climate Stewardship (IBTrACS) - NOAA - https://www.ncei.noaa.gov/products/international-best-track-archive;Vietnam
1984180N10258;ELIDA;ouragan;;15.5;-118.3;5.0;08/07/1984;50000.0;0.7;;False;National Hurricane Center (NHC) - https://www.nhc.noaa.gov/data/hurdat/hurdat2-nepac-1971-2022-041323.txt;Mexique
1984180N16130;ALEX;typhon;;30.3;122.1;7.0;04/07/1984;500000.0;0.6;;False;Joint Typhoon Warning Center (JTWC) - https://www.metoc.navy.mil/jtwc/jtwc.html;Chine
1984184N06139;BETTY;typhon;;11.4;130.4;7.0;03/07/1984;500000.0;0.4;;False;International Best Track Archive for Climate Stewardship (IBTrACS) - NOAA - https://www.ncdc.noaa.gov/ibtracs/;Philippines
1984204N21162;DINAH;typhon;;36.2;160.6;7.0;31/07/1984;50000.0;0.3;;False;Japan Meteorological Agency (JMA) - Archives des typhons - https://www.jma.go.jp/jma/jma-eng/jma-center/rsmc-hp-pub-eg/RSMC_HP.htm;Japon
1984214N12143;FREDA;typhon;;23.8;123.9;7.0;06/08/1984;500000.0;0.4;;False;NOAA Historical Hurricane Tracks - https://coast.noaa.gov/hurricanes/?storm=1984214N12143;Taïwan
1984225N18142;HOLLY;typhon;;35.3;130.5;7.0;21/08/1984;500000.0;0.7;;False;Japan Meteorological Agency (JMA) - https://www.jma.go.jp/jma/indexe.html | NOAA Historical Hurricane Tracks - https://coast.noaa.gov/hurricanes/;Japon
1984227N18118;GERALD;typhon;;26.3;115.3;7.0;21/08/1984;500000.0;0.6;;False;NOAA Historical Hurricane Tracks - https://coast.noaa.gov/hurricanes/?storm=1984227N18118;Chine
1984236N42146;HOLLY;typhon;;41.5;146.0;7.0;23/08/1984;50000.0;0.4;;False;Japan Meteorological Agency (JMA) - https://www.jma.go.jp/jma/indexe.html | NOAA Historical Hurricane Tracks - https://coast.noaa.gov/hurricanes/;Japon
1984238N18137;JUNE;typhon;;30.0;119.0;7.0;02/09/1984;500000.0;0.6;;False;Joint Typhoon Warning Center (JTWC) - https://www.metoc.navy.mil/jtwc/jtwc.html | NOAA Historical Hurricane Tracks - https://coast.noaa.gov/hurricanes/;Chine
1984244N13319;BERTHA;ouragan;;29.0;-46.9;5.0;04/09/1984;50000.0;0.3;;False;National Hurricane Center (NHC) - https://www.nhc.noaa.gov/data/hurdat/hurdat2-1851-2022-050423.txt;Bermudes
1984244N37293;CESAR;ouragan;;41.7;-59.0;6.0;01/09/1984;50000.0;0.7;;False;National Hurricane Center (NHC) - https://www.nhc.noaa.gov/data/hurdat/hurdat2-1851-2022-050423.txt;Canada
1984253N29283;DIANA;ouragan;;37.7;-71.7;7.0;15/09/1984;500000.0;0.7;;False;National Hurricane Center (NOAA) - https://www.nhc.noaa.gov/data/tcr/AL031984_Diana.pdf;États-Unis
1984255N25173;KELLY;typhon;;36.4;170.0;7.0;18/09/1984;5000.0;0.3;;False;NOAA Historical Hurricane Tracks - https://coast.noaa.gov/hurricanes/?stormids=1984255N25173;Japon
1984267N31302;HORTENSE;ouragan;;33.9;-64.2;7.0;30/09/1984;50000.0;0.7;;False;National Hurricane Center (NHC) - https://www.nhc.noaa.gov/data/hurdat/hurdat2-1851-2022-050423.txt;Bermudes
1984270N19141;NINA;typhon;;18.8;140.7;7.0;26/09/1984;50000.0;0.3;;False;International Best Track Archive for Climate Stewardship (IBTrACS) - NOAA - https://www.ncei.noaa.gov/access/metadata/landing-page/bin/iso?id=gov.noaa.ncdc:C00834;Philippines
1984270N22147;MAURY;typhon;;23.4;149.3;7.0;27/09/1984;5000.0;0.3;;False;NOAA Historical Hurricane Tracks - https://coast.noaa.gov/hurricanes/?storm=1984270N22147;Japon
1984270N23287;ISIDORE;ouragan;;35.3;-70.4;7.0;30/09/1984;50000.0;0.3;;False;National Hurricane Center (NHC) - https://www.nhc.noaa.gov/data/hurdat/hurdat2-1851-2022-050423.txt;États-Unis
1984277N07151;OGDEN;typhon;;22.9;153.2;7.0;07/10/1984;50000.0;0.3;;False;NOAA Historical Hurricane Tracks - https://coast.noaa.gov/hurricanes/?storm=1984277N07151;Japon
1984281N13146;PHYLLIS;typhon;;28.6;151.4;7.0;13/10/1984;50000.0;0.4;;False;NOAA Historical Hurricane Tracks - https://coast.noaa.gov/hurricanes/?storm=1984281N13146;Japon
1984281N24291;JOSEPHINE;ouragan;;41.8;-48.5;5.0;20/10/1984;50000.0;0.7;;False;National Hurricane Center (NOAA) - https://www.nhc.noaa.gov/data/hurdat/hurdat2-1851-2022-050423.txt;Canada
1984283N09139;ROY;typhon;;24.2;147.8;7.0;13/10/1984;50000.0;0.3;;False;Japan Meteorological Agency (JMA) - https://www.jma.go.jp/jma/indexe.html (archives historiques);Japon
1984290N06153;THAD;typhon;;27.3;146.8;7.0;22/10/1984;50000.0;0.3;;False;NOAA Historical Hurricane Tracks - https://coast.noaa.gov/hurricanes/?storm=1984290N06153;Japon
1984294N04163;VANESSA;typhon;;12.1;143.2;7.0;24/10/1984;50000.0;0.3;;False;International Best Track Archive for Climate Stewardship (IBTrACS) - NOAA - https://www.ncdc.noaa.gov/ibtracs/;Philippines
1984311N15291;KLAUS;ouragan;;26.2;-55.2;7.0;10/11/1984;50000.0;0.7;;False;National Hurricane Center (NHC) - https://www.nhc.noaa.gov/data/hurdat/hurdat2-atlantic.csv;États-Unis (Floride, Géorgie, Carolines)
1984317N04164;CLARA;typhon;;23.4;136.0;7.0;20/11/1984;50000.0;0.3;;False;International Best Track Archive for Climate Stewardship (IBTrACS) - https://www.ncdc.noaa.gov/ibtracs/;Japon
1984325S15052;ANETY;cyclone;;-19.0;41.0;7.0;23/11/1984;50000.0;0.4;;False;International Best Track Archive for Climate Stewardship (IBTrACS) - https://www.ncdc.noaa.gov/ibtracs/;Madagascar
1984336N05156;DOYLE;typhon;;24.4;134.2;7.0;11/12/1984;50000.0;0.4;;False;Japan Meteorological Agency (JMA) - https://www.jma.go.jp/jma/indexe.html | NOAA Historical Hurricane Tracks - https://coast.noaa.gov/hurricanes/;Japon
1984337S11082;BOBALAHY;cyclone;;-31.9;62.9;7.0;11/12/1984;50000.0;0.3;;False;International Best Track Archive for Climate Stewardship (IBTrACS) - NOAA - https://www.ncdc.noaa.gov/ibtracs/;Madagascar
1984339S05102;EMMA;cyclone;;-17.8;112.4;7.0;11/12/1984;50000.0;0.3;;False;International Best Track Archive for Climate Stewardship (IBTrACS) - https://www.ncdc.noaa.gov/ibtracs/;Australie
1984348N35300;LILI;ouragan;;23.8;-51.7;5.0;16/12/1984;5000.0;0.3;;False;NOAA Historical Hurricane Tracks - https://coast.noaa.gov/hurricanes/?storm=1984348N35300;Bermudes
1984361S12146;MONICA;cyclone;;-21.9;160.9;7.0;28/12/1984;50000.0;0.4;;False;International Best Track Archive for Climate Stewardship (IBTrACS) - https://www.ncdc.noaa.gov/ibtracs/;Nouvelle-Calédonie
1985004N04131;FABIAN;typhon;;6.2;130.5;7.0;04/01/1985;50000.0;0.4;;False;International Best Track Archive for Climate Stewardship (IBTrACS) - NOAA - https://www.ncdc.noaa.gov/ibtracs/;Philippines
1985005N04157;ELSIE;typhon;;13.6;146.0;7.0;09/01/1985;50000.0;0.4;;False;NOAA Historical Hurricane Tracks - https://coast.noaa.gov/hurricanes/?storm=1985005N04157;Guam
1985009S11072;CELESTINA;cyclone;;-30.5;55.9;5.0;22/01/1985;50000.0;0.4;;False;International Best Track Archive for Climate Stewardship (IBTrACS) - https://www.ncdc.noaa.gov/ibtracs/;Maurice
1985012S16161;ERIC;cyclone;;-17.7;177.1;7.0;17/01/1985;50000.0;0.4;;False;NOAA Historical Hurricane Tracks - https://coast.noaa.gov/hurricanes/?storm=1985012S16161;Fidji
1985014S16151;NIGEL;cyclone;;-16.4;174.1;7.0;18/01/1985;50000.0;0.4;;False;NOAA Historical Hurricane Tracks - https://coast.noaa.gov/hurricanes/;Fidji
1985017S15146;ODETTE;cyclone;;-18.5;168.5;7.0;20/01/1985;50000.0;0.4;;False;International Best Track Archive for Climate Stewardship (IBTrACS) - NOAA - https://www.ncdc.noaa.gov/ibtracs/;Vanuatu
1985025S09073;DITRA;cyclone;;-11.5;69.4;5.0;25/01/1985;50000.0;0.3;;False;International Best Track Archive for Climate Stewardship (IBTrACS) - https://www.ncdc.noaa.gov/ibtracs/;Maurice
1985025S15203;FREDA;cyclone;;-31.8;-171.2;5.0;29/01/1985;5000.0;0.3;;False;NOAA Historical Hurricane Tracks - https://coast.noaa.gov/hurricanes/?redirect=301ocm;Nouvelle-Calédonie (France)
1985034S12082;ESITERA;cyclone;;-12.0;82.1;7.0;03/02/1985;50000.0;0.3;;False;International Best Track Archive for Climate Stewardship (IBTrACS) - https://www.ncdc.noaa.gov/ibtracs/;Indonésie
1985046S09128;JACOB;cyclone;;-32.1;96.3;5.0;26/02/1985;5000.0;0.3;;False;International Best Track Archive for Climate Stewardship (IBTrACS) - https://www.ncdc.noaa.gov/ibtracs/;Australie
1985060S11112;KIRSTY;cyclone;;-34.5;107.5;5.0;18/03/1985;50000.0;0.3;;False;International Best Track Archive for Climate Stewardship (IBTrACS) - NOAA - https://www.ncei.noaa.gov/products/international-best-track-archive;Australie
1985062S15170;GAVIN;cyclone;;-27.3;183.8;7.0;08/03/1985;50000.0;0.4;;False;International Best Track Archive for Climate Stewardship (IBTrACS) - NOAA - https://www.ncdc.noaa.gov/ibtracs/;Fidji
1985065S09118;LINDSAY;cyclone;;-27.7;129.1;5.0;11/03/1985;5000.0;0.3;;False;International Best Track Archive for Climate Stewardship (IBTrACS) - NOAA - https://www.ncdc.noaa.gov/ibtracs/;Australie
1985070S17175;HINA;cyclone;;-18.4;176.9;7.0;16/03/1985;50000.0;0.4;;False;International Best Track Archive for Climate Stewardship (IBTrACS) - NOAA - https://www.ncdc.noaa.gov/ibtracs/;Fidji
1985136N07129;GAY;typhon;;26.1;133.4;7.0;25/05/1985;50000.0;0.6;;False;Japan Meteorological Agency (JMA) - https://www.jma.go.jp/jma/indexe.html | International Best Track Archive for Climate Stewardship (IBTrACS) - https://www.ncdc.noaa.gov/ibtracs/;Japon
1985162N05154;HAL;typhon;;9.5;141.8;7.0;17/06/1985;50000.0;0.3;;False;NOAA Historical Hurricane Tracks - https://coast.noaa.gov/hurricanes/;Philippines
1985168N05156;IRMA;typhon;;30.9;133.3;7.0;30/06/1985;50000.0;0.4;;False;Japan Meteorological Agency (JMA) - https://www.jma.go.jp/jma/indexe.html;Japon
1985189N12260;GUILLERMO;ouragan;;16.7;-107.9;5.0;09/07/1985;50000.0;0.4;;False;National Hurricane Center (NHC) - https://www.nhc.noaa.gov/data/hurdat/hurdat2-1851-2022-050423.txt;Mexique
1985197N29296;ANA;ouragan;;38.1;-66.4;5.0;18/07/1985;50000.0;0.7;;False;National Hurricane Center (NOAA) - https://www.nhc.noaa.gov/data/hurdat/hurdat2-1851-2022-050423.txt;États-Unis
1985199N08143;JEFF;typhon;;39.0;123.9;7.0;02/08/1985;500000.0;0.6;;False;International Best Track Archive for Climate Stewardship (IBTrACS) - https://www.ncdc.noaa.gov/ibtracs/;Corée du Nord
1985212N22148;KIT;typhon;;36.1;127.8;7.0;10/08/1985;500000.0;0.7;;False;Japan Meteorological Agency (JMA) - https://www.jma.go.jp/jma/indexe.html | International Best Track Archive for Climate Stewardship (IBTrACS) - https://www.ncdc.noaa.gov/ibtracs/;Corée du Sud
1985220N18128;LEE;typhon;;34.2;124.3;7.0;13/08/1985;500000.0;0.6;;False;Japan Meteorological Agency (JMA) - https://www.jma.go.jp/jma/indexe.html | NOAA Historical Hurricane Tracks - https://coast.noaa.gov/hurricanes/;Corée du Sud
1985222N32280;CLAUDETTE;ouragan;;35.2;-56.3;5.0;13/08/1985;50000.0;0.7;;False;National Hurricane Center (NHC) - https://www.nhc.noaa.gov/data/hurdat/hurdat2-1851-2022-050423.txt;États-Unis
1985226N23126;MAMIE;typhon;;38.1;120.7;7.0;19/08/1985;500000.0;0.7;;False;NOAA Historical Hurricane Tracks - https://coast.noaa.gov/hurricanes/?storm=1985226N23126;Chine
1985227N16149;NELSON;typhon;;16.6;146.1;7.0;15/08/1985;50000.0;0.6;;False;NOAA Historical Hurricane Tracks - https://coast.noaa.gov/hurricanes/?storm=1985227N16149;Philippines
1985231N16142;ODESSA;typhon;;35.5;131.7;7.0;01/09/1985;500000.0;0.7;;False;Japan Meteorological Agency (JMA) - https://www.jma.go.jp/jma/indexe.html | NOAA Historical Hurricane Tracks - https://coast.noaa.gov/hurricanes/;Japon
1985236N23125;PAT;typhon;;29.8;130.5;7.0;30/08/1985;500000.0;0.6;;False;Japan Meteorological Agency (JMA) - https://www.jma.go.jp/jma/indexe.html | NOAA Historical Hurricane Tracks - https://coast.noaa.gov/hurricanes/;Japon
1985237N21130;RUBY;typhon;;40.0;144.5;7.0;31/08/1985;50000.0;0.6;;False;Japan Meteorological Agency (JMA) - https://www.jma.go.jp/jma/indexe.html;Japon
1985240N09198;SKIP;typhon;;11.4;185.4;7.0;30/08/1985;50000.0;0.4;;False;NOAA Historical Hurricane Tracks - https://coast.noaa.gov/hurricanes/?storm=1985240N09198;Îles Marshall
1985256N13146;VAL;typhon;;12.6;143.8;7.0;13/09/1985;50000.0;0.3;;False;International Best Track Archive for Climate Stewardship (IBTrACS) - NOAA - https://www.ncdc.noaa.gov/ibtracs/;Guam (États-Unis)
1985259N24289;FABIAN;ouragan;;31.5;-50.4;5.0;19/09/1985;0.0;0.1;;False;National Hurricane Center (NHC) - https://www.nhc.noaa.gov/data/hurdat/hurdat2-1851-2022-050423.txt;Aucun (en mer)
1985260N13336;GLORIA;ouragan;;14.8;-30.6;5.0;17/09/1985;5000.0;0.3;;False;NOAA Historical Hurricane Tracks - https://coast.noaa.gov/hurricanes/?redirect=301ocm;Cap-Vert
1985267N08133;ANDY;typhon;;8.5;131.5;7.0;24/09/1985;50000.0;0.4;;False;International Best Track Archive for Climate Stewardship (IBTrACS) - NOAA - https://www.ncei.noaa.gov/products/international-best-track-archive;Philippines
1985268N03161;BRENDAN;typhon;;3.4;161.2;7.0;25/09/1985;50000.0;0.3;;False;NOAA Historical Hurricane Tracks - https://coast.noaa.gov/hurricanes/?storm=1985268N03161;Îles Marshall
1985281N02144;CECIL;typhon;;3.9;140.1;7.0;08/10/1985;50000.0;0.4;;False;International Best Track Archive for Climate Stewardship (IBTrACS) - https://www.ncdc.noaa.gov/ibtracs/;Indonésie
1985284N05159;DOT;typhon;;6.0;156.3;7.0;11/10/1985;50000.0;0.3;;False;International Best Track Archive for Climate Stewardship (IBTrACS) - NOAA - https://www.ncei.noaa.gov/products/international-best-track-archive;Papouasie-Nouvelle-Guinée
1985294N10122;FAYE;typhon;;27.8;137.1;7.0;01/11/1985;50000.0;0.3;;False;Japan Meteorological Agency (JMA) - https://www.jma.go.jp/jma/indexe.html (archives historiques);Japon
1985297N10201;NELE;ouragan;;31.9;-169.8;5.0;30/10/1985;5000.0;0.3;;False;NOAA Historical Hurricane Tracks - https://coast.noaa.gov/hurricanes/?storm=1985297N10201;États-Unis (Alaska, Îles Aléoutiennes)
1985320N21296;KATE;ouragan;;31.5;-83.5;7.0;22/11/1985;500000.0;0.7;;False;National Hurricane Center (NOAA) - https://www.nhc.noaa.gov/archive/1985/KATE.shtml;États-Unis
1986005S15043;BEROBIA;cyclone;;-18.9;34.5;7.0;10/01/1986;50000.0;0.4;;False;International Best Track Archive for Climate Stewardship (IBTrACS) - https://www.ncdc.noaa.gov/ibtracs/;Mozambique
1986007S07080;DELIFINA;cyclone;;-30.3;81.9;5.0;17/01/1986;5000.0;0.3;;False;International Best Track Archive for Climate Stewardship (IBTrACS) - https://www.ncdc.noaa.gov/ibtracs/;Madagascar
1986007S11055;COSTA;cyclone;;-12.7;60.3;5.0;09/01/1986;50000.0;0.4;;False;International Best Track Archive for Climate Stewardship (IBTrACS) - https://www.ncdc.noaa.gov/ibtracs/;Maurice
1986018S14108;PANCHO;cyclone;;-16.5;112.3;5.0;21/01/1986;5000.0;0.3;;False;International Best Track Archive for Climate Stewardship (IBTrACS) - https://www.ncdc.noaa.gov/ibtracs/;Australie
1986021S16140;VERNON;cyclone;;-18.6;151.0;7.0;23/01/1986;50000.0;0.4;;False;International Best Track Archive for Climate Stewardship (IBTrACS) - NOAA - https://www.ncdc.noaa.gov/ibtracs/;Australie
1986029S13069;ERINESTA;cyclone;;-35.5;59.9;5.0;11/02/1986;50000.0;0.3;;False;NOAA Historical Hurricane Tracks - https://coast.noaa.gov/hurricanes/;Maurice
1986036S10082;FILOMENA;cyclone;;-25.4;78.8;7.0;11/02/1986;50000.0;0.3;;False;Météo-France / IBTrACS (International Best Track Archive for Climate Stewardship) - https://www.ncdc.noaa.gov/ibtracs/;Maurice
1986036S16187;IMA;cyclone;;-27.2;-152.9;5.0;14/02/1986;50000.0;0.7;;False;International Best Track Archive for Climate Stewardship (IBTrACS) - NOAA - https://www.ncei.noaa.gov/products/international-best-track-archive;Australie
1986038S13158;KELI;cyclone;;-17.2;164.1;7.0;08/02/1986;50000.0;0.4;;False;International Best Track Archive for Climate Stewardship (IBTrACS) - NOAA - https://www.ncei.noaa.gov/products/international-best-track-archive;Vanuatu
1986048S16116;RHONDA;cyclone;;-31.0;114.6;5.0;21/02/1986;50000.0;0.7;;False;Bureau of Meteorology (Australie) - https://www.bom.gov.au;Australie
1986049S18043;GISTA;cyclone;;-34.0;42.3;7.0;24/02/1986;50000.0;0.3;;False;NOAA Historical Hurricane Tracks - https://coast.noaa.gov/hurricanes/;Madagascar
1986056S09130;TIFFANY;cyclone;;-9.3;130.3;5.0;25/02/1986;50000.0;0.4;;False;International Best Track Archive for Climate Stewardship (IBTrACS) - https://www.ncdc.noaa.gov/ibtracs/;Indonésie
1986060S16158;LUSI;cyclone;;-20.3;170.4;7.0;07/03/1986;50000.0;0.4;;False;International Best Track Archive for Climate Stewardship (IBTrACS) - https://www.ncdc.noaa.gov/ibtracs/;Vanuatu
1986062S15150;ALFRED;cyclone;;-17.3;160.4;5.0;07/03/1986;50000.0;0.4;;False;International Best Track Archive for Climate Stewardship (IBTrACS) - NOAA - https://www.ncdc.noaa.gov/ibtracs/;Vanuatu
1986070S13082;IARIMA;cyclone;;-23.7;84.0;7.0;17/03/1986;50000.0;0.3;;False;International Best Track Archive for Climate Stewardship (IBTrACS) - NOAA - https://www.ncdc.noaa.gov/ibtracs/;Maurice
1986085S13091;JEFOTRA;cyclone;;-30.8;64.1;5.0;03/04/1986;50000.0;0.4;;False;International Best Track Archive for Climate Stewardship (IBTrACS) - NOAA - https://www.ncdc.noaa.gov/ibtracs/;Madagascar
1986095S11105;ALISON:KRISOSTOMA;cyclone;;-20.5;88.3;7.0;13/04/1986;50000.0;0.3;;False;International Best Track Archive for Climate Stewardship (IBTrACS) - NOAA - https://www.ncei.noaa.gov/products/international-best-track-archive;Maurice
1986099S12168;MARTIN;cyclone;;-22.4;190.2;7.0;14/04/1986;50000.0;0.3;;False;International Best Track Archive for Climate Stewardship (IBTrACS) - https://www.ncdc.noaa.gov/ibtracs/;Nouvelle-Calédonie (France)
1986124S05090;BILLY:LILA;cyclone;;-21.8;96.3;5.0;12/05/1986;50000.0;0.3;;False;International Best Track Archive for Climate Stewardship (IBTrACS) - https://www.ncdc.noaa.gov/ibtracs/;Australie
1986130S15088;LILA;cyclone;;-19.8;89.3;5.0;11/05/1986;50000.0;0.3;;False;International Best Track Archive for Climate Stewardship (IBTrACS) - https://www.ncdc.noaa.gov/ibtracs/;Madagascar
1986134N08149;LOLA;typhon;;23.9;150.9;7.0;22/05/1986;50000.0;0.3;;False;NOAA Historical Hurricane Tracks - https://coast.noaa.gov/hurricanes/?storm=1986134N08149;Japon
1986136N18114;MAC;typhon;;25.4;131.9;7.0;29/05/1986;50000.0;0.4;;False;Japan Meteorological Agency (JMA) - Archives des typhons - https://www.jma.go.jp/jma/jma-eng/jma-center/rsmc-hp-pub-eg/RSMC_HP.htm;Japon
1986156N26284;ANDREW;ouragan;;37.1;-71.9;5.0;08/06/1986;50000.0;0.7;;False;National Hurricane Center (NHC) - https://www.nhc.noaa.gov/data/hurdat/hurdat2-1851-2022-041923.txt;États-Unis
1986169N07152;NANCY;typhon;;5.9;147.9;7.0;18/06/1986;50000.0;0.4;;False;International Best Track Archive for Climate Stewardship (IBTrACS) - NOAA - https://www.ncdc.noaa.gov/ibtracs/;Papouasie-Nouvelle-Guinée
1986172N04161;OWEN;typhon;;26.8;129.9;7.0;02/07/1986;50000.0;0.6;;False;International Best Track Archive for Climate Stewardship (IBTrACS) - https://www.ncdc.noaa.gov/ibtracs/;Japon
1986179N11175;PEGGY;typhon;;13.0;166.6;7.0;29/06/1986;50000.0;0.4;;False;International Best Track Archive for Climate Stewardship (IBTrACS) - NOAA - https://www.ncei.noaa.gov/products/international-best-track-archive;Philippines
1986190N11162;ROGER;typhon;;12.2;155.8;7.0;10/07/1986;50000.0;0.4;;False;NOAA Historical Hurricane Tracks - https://coast.noaa.gov/hurricanes/;Micronésie (États fédérés de Micronésie)
1986198N10245;ESTELLE;ouragan;;15.3;-139.2;5.0;21/07/1986;5000.0;0.2;;False;National Hurricane Center (NHC) - https://www.nhc.noaa.gov/archive/1986/ESTELLE.shtml;États-Unis (Hawaï)
1986209N13139;SARAH;typhon;;22.6;129.5;7.0;03/08/1986;500000.0;0.4;;False;Japan Meteorological Agency (JMA) - https://www.jma.go.jp/jma/indexe.html | NOAA Historical Hurricane Tracks - https://coast.noaa.gov/hurricanes/;Japon
1986214N09234;GEORGETTE;cyclone;;9.0;234.0;5.0;02/08/1986;50000.0;0.3;;False;NOAA Historical Hurricane Tracks - https://coast.noaa.gov/hurricanes/?redirect=301ocm;Mexique
1986221N17163;TIP;typhon;;47.2;154.5;8.0;25/08/1986;5000.0;0.3;;False;NOAA Historical Hurricane Tracks - https://coast.noaa.gov/hurricanes/?storm=1986221N17163;Japon
1986225N17134;VERA;typhon;;18.9;133.4;7.0;17/08/1986;500000.0;0.4;;False;Japan Meteorological Agency (JMA) - https://www.jma.go.jp/jma/indexe.html | International Best Track Archive for Climate Stewardship (IBTrACS) - https://www.ncdc.noaa.gov/ibtracs/;Japon
1986226N30276;CHARLEY;ouragan;;43.4;-38.5;5.0;23/08/1986;0.0;0.1;;False;NOAA Historical Hurricane Tracks - https://coast.noaa.gov/hurricanes/?redirect=301ocm;Aucun (océan Atlantique Nord)
1986228N19120;WAYNE;typhon;;18.2;118.8;7.0;16/08/1986;500000.0;0.6;;False;International Best Track Archive for Climate Stewardship (IBTrACS) - NOAA - https://www.ncei.noaa.gov/products/international-best-track-archive;Philippines
1986250N11308;DANIELLE;ouragan;;10.5;-52.0;5.0;07/09/1986;50000.0;0.3;;False;National Hurricane Center (NHC) - https://www.nhc.noaa.gov/data/hurdat/hurdat2-1851-2022-050423.txt;Trinité-et-Tobago
1986252N06153;ABBY;typhon;;13.5;142.3;7.0;13/09/1986;50000.0;0.4;;False;NOAA Historical Hurricane Tracks - https://coast.noaa.gov/hurricanes/?storm=1986252N06153;Guam
1986254N22309;EARL;ouragan;;34.9;-50.1;5.0;18/09/1986;50000.0;0.3;;False;National Hurricane Center (NHC) - https://www.nhc.noaa.gov/data/hurdat/hurdat2-1851-2022-050423.txt;Bermudes
1986259N07170;BEN;typhon;;30.6;143.3;7.0;29/09/1986;50000.0;0.3;;False;NOAA Historical Hurricane Tracks - https://coast.noaa.gov/hurricanes/?storm=1986259N07170;Japon
1986270N05178;CARMEN;typhon;;5.0;172.6;7.0;28/09/1986;50000.0;0.3;;False;NOAA Historical Hurricane Tracks - https://coast.noaa.gov/hurricanes/?storm=1986270N05178;Îles Marshall
1986271N12267;PAINE;ouragan;;26.1;-108.0;5.0;02/10/1986;50000.0;0.6;;False;NOAA Historical Hurricane Tracks - https://coast.noaa.gov/hurricanes/?storm=1986271N12267;Mexique
1986276N07177;ELLEN;typhon;;8.6;136.4;7.0;09/10/1986;50000.0;0.3;;False;NOAA Historical Hurricane Tracks - https://coast.noaa.gov/hurricanes/?storm=1986276N07177;Philippines
1986283N10179;FORREST;typhon;;25.0;145.5;7.0;19/10/1986;50000.0;0.3;;False;Japan Meteorological Agency (JMA) - https://www.jma.go.jp/jma/indexe.html | NOAA Historical Hurricane Tracks - https://coast.noaa.gov/hurricanes/;Japon
1986309N07162;IDA;typhon;;6.9;157.3;7.0;06/11/1986;50000.0;0.3;;False;NOAA Historical Hurricane Tracks - https://coast.noaa.gov/hurricanes/?storm=1986309N07162;États fédérés de Micronésie
1986325S10171;OSEA;cyclone;;-17.4;175.2;7.0;25/11/1986;50000.0;0.4;;False;International Best Track Archive for Climate Stewardship (IBTrACS) - NOAA - https://www.ncei.noaa.gov/products/international-best-track-archive;Fidji
1986330N05173;KIM;typhon;;23.1;125.0;7.0;13/12/1986;50000.0;0.6;;False;JTWC Best Track Data - https://www.metoc.navy.mil/jtwc/jtwc.html;Taïwan
1986333N04179;LEX;typhon;;12.3;150.2;7.0;06/12/1986;50000.0;0.3;;False;NOAA Historical Hurricane Tracks - https://coast.noaa.gov/hurricanes/;Guam
1986346S12173;PATSY;cyclone;;-24.8;165.4;7.0;19/12/1986;50000.0;0.4;;False;International Best Track Archive for Climate Stewardship (IBTrACS) - NOAA - https://www.ncdc.noaa.gov/ibtracs/;Nouvelle-Calédonie
1986353N03178;NORRIS;typhon;;10.6;122.9;7.0;31/12/1986;500000.0;0.6;;False;International Best Track Archive for Climate Stewardship (IBTrACS) - NOAA - https://www.ncei.noaa.gov/products/international-best-track-archive;Philippines
1986360S13195;SALLY;cyclone;;-26.4;-149.8;5.0;04/01/1987;5000.0;0.3;;False;NOAA Historical Hurricane Tracks - https://coast.noaa.gov/hurricanes/?storm=1986360S13195;Polynésie française
1987007N06162;ORCHID;typhon;;5.8;162.4;5.0;06/01/1987;20000.0;0.3;;False;International Best Track Archive for Climate Stewardship (IBTrACS) - NOAA - https://www.ncei.noaa.gov/products/international-best-track-archive;Îles Marshall
1987015S16125;CONNIE;cyclone;;-32.8;126.6;5.0;22/01/1987;5000.0;0.4;;False;Bureau of Meteorology (Australie) - https://www.bom.gov.au;Australie
1987016S13066;ALININA;cyclone;;-30.1;64.1;5.0;22/01/1987;50000.0;0.7;;False;Météo-France Réunion - https://www.meteofrance.re/;Maurice
1987037S14152;VELI;cyclone;;-13.4;158.5;5.0;07/02/1987;25000.0;0.3;;False;NOAA Historical Hurricane Tracks - https://coast.noaa.gov/hurricanes/;Îles Salomon
1987040S19051;CLOTILDA;cyclone;;-30.9;59.7;5.0;19/02/1987;50000.0;0.7;;False;Météo-France Réunion - https://www.meteofrance.re/;Maurice
1987058S10173;WINI;cyclone;;-28.5;204.6;5.0;06/03/1987;50000.0;0.6;;False;Australian Bureau of Meteorology - https://www.bom.gov.au;Australie
1987065S11164;YALI;cyclone;;-20.1;168.3;7.0;11/03/1987;50000.0;0.3;;False;International Best Track Archive for Climate Stewardship (IBTrACS) - https://www.ncdc.noaa.gov/ibtracs/;Vanuatu
1987110S10179;ZUMAN;cyclone;;-22.8;196.9;7.0;25/04/1987;50000.0;0.6;;False;Météo-France - https://www.meteofrance.nc/historique-des-cyclones;Nouvelle-Calédonie
1987176N10150;SPERRY;typhon;;28.2;132.6;7.0;01/07/1987;500000.0;0.7;;False;Japan Meteorological Agency (JMA) - https://www.jma.go.jp/jma/indexe.html | International Best Track Archive for Climate Stewardship (IBTrACS) - https://www.ncdc.noaa.gov/ibtracs/;Japon
1987188N10151;THELMA;typhon;;30.8;125.9;7.0;15/07/1987;500000.0;0.7;;False;Japan Meteorological Agency (JMA) - https://www.jma.go.jp/jma/indexe.html;Japon
1987196N09146;VERNON;typhon;;12.3;136.2;7.0;16/07/1987;500000.0;0.4;;False;International Best Track Archive for Climate Stewardship (IBTrACS) - NOAA - https://www.ncei.noaa.gov/products/international-best-track-archive;Philippines
1987200N04191;WYNNE;typhon;;32.3;138.1;7.0;30/07/1987;500000.0;0.8;;False;Japan Meteorological Agency (JMA) - https://www.jma.go.jp/jma/indexe.html | NOAA Historical Hurricane Tracks - https://coast.noaa.gov/hurricanes/;Japon
1987202N09144;ALEX;typhon;;39.0;126.8;7.0;30/07/1987;500000.0;0.3;;False;International Best Track Archive for Climate Stewardship (IBTrACS) - https://www.ncdc.noaa.gov/ibtracs/;Corée du Nord
1987219N08134;BETTY;typhon;;18.6;101.2;7.0;17/08/1987;500000.0;0.4;;False;International Best Track Archive for Climate Stewardship (IBTrACS) - NOAA - https://www.ncei.noaa.gov/products/international-best-track-archive;Philippines
1987220N34283;ARLENE;ouragan;;40.4;-41.9;4.0;22/08/1987;0.0;0.1;;False;National Hurricane Center (NHC) - https://www.nhc.noaa.gov/data/hurdat/hurdat2-1851-2022-050423.txt;Aucun (zone océanique)
1987226N13241;JOVA;ouragan;;14.0;-149.9;7.0;21/08/1987;50000.0;0.6;;False;National Hurricane Center (NOAA) - https://www.nhc.noaa.gov/data/hurdat/hurdat2-1851-2022-050423.txt;Mexique
1987231N10159;DINAH;typhon;;30.8;126.8;7.0;30/08/1987;500000.0;0.7;;False;Japan Meteorological Agency (JMA) - https://www.jma.go.jp/jma/indexe.html | International Best Track Archive for Climate Stewardship (IBTrACS) - https://www.ncdc.noaa.gov/ibtracs/;Japon
1987232N07173;ED;typhon;;7.0;173.0;7.0;20/08/1987;30000.0;0.3;;False;NOAA Historical Hurricane Tracks - https://coast.noaa.gov/hurricanes/;Îles Marshall
1987244N11177;HOLLY;typhon;;37.4;160.5;5.0;17/09/1987;50000.0;0.7;;False;Japan Meteorological Agency (JMA) - Archives historiques (estimation basée sur les données disponibles) - https://www.jma.go.jp/jma/indexe.html;Japon
1987247N09150;FREDA;typhon;;37.3;153.1;5.0;18/09/1987;50000.0;0.7;;False;Japan Meteorological Agency (JMA) - https://www.jma.go.jp/jma/indexe.html (archives historiques non directement accessibles, estimation basée sur la trajectoire);Japon
1987249N15329;CINDY;ouragan;;38.1;-34.9;5.0;10/09/1987;25000.0;0.7;;False;National Hurricane Center (NOAA) - https://www.nhc.noaa.gov/data/hurdat/hurdat2-atlantic.csv;Açores (Portugal)
1987252N11342;DENNIS;ouragan;;19.5;-52.6;7.0;18/09/1987;50000.0;0.7;;False;National Hurricane Center (NOAA) - https://www.nhc.noaa.gov/data/hurdat/hurdat2-1851-2022-050423.txt;Antigua-et-Barbuda
1987263N10309;EMILY;ouragan;;26.0;-72.0;7.0;24/09/1987;50000.0;0.6;;False;National Hurricane Center (NOAA) - https://www.nhc.noaa.gov/data/hurdat/hurdat2-1851-2022-050423.txt;Bahamas
1987264N10190;PEKE;typhon;;32.5;177.5;5.0;07/10/1987;50000.0;0.7;;False;International Best Track Archive for Climate Stewardship (IBTrACS) - https://www.ncdc.noaa.gov/ibtracs/;Japon
1987266N16148;IAN;autre;;32.1;148.3;5.0;03/10/1987;50000.0;0.7;;False;NOAA Historical Hurricane Tracks - https://coast.noaa.gov/hurricanes/?redirect=301ocm;Japon
1987270N15160;JUNE;typhon;;27.2;152.9;5.0;29/09/1987;50000.0;0.8;;False;Japan Meteorological Agency (JMA) - https://www.jma.go.jp/jma/indexe.html (archives historiques);Japon
1987282N12137;KELLY;typhon;;32.3;133.4;7.0;16/10/1987;500000.0;0.8;;False;Japan Meteorological Agency (JMA) - https://www.jma.go.jp/jma/indexe.html (archives historiques);Japon
1987288N13168;LYNN;typhon;;12.8;167.7;7.0;14/10/1987;20000.0;0.3;;False;NOAA Historical Hurricane Tracks - https://coast.noaa.gov/hurricanes/?redirect=301ocm;Îles Marshall
1987320N03171;NINA;typhon;;8.8;147.8;7.0;21/11/1987;500000.0;0.4;;False;International Best Track Archive for Climate Stewardship (IBTrACS) - https://www.ncdc.noaa.gov/ibtracs/;Philippines
1988003S12171;AGI;cyclone;;-17.1;158.4;7.0;13/01/1988;50000.0;0.4;;False;International Best Track Archive for Climate Stewardship (IBTrACS) - https://www.ncdc.noaa.gov/ibtracs/;Fidji
1988005N03174;ROY;typhon;;8.4;161.9;7.0;09/01/1988;50000.0;0.3;;False;NOAA Historical Hurricane Tracks - https://coast.noaa.gov/hurricanes/;Micronésie (États fédérés de Micronésie)
1988012S11061;CALIDERA;cyclone;;-28.7;49.6;5.0;20/01/1988;50000.0;0.4;;False;International Best Track Archive for Climate Stewardship (IBTrACS) - https://www.ncdc.noaa.gov/ibtracs/;Madagascar
1988019S24044;CALIDERA;cyclone;;-29.4;51.3;5.0;20/01/1988;50000.0;0.6;;False;NOAA Historical Hurricane Tracks - https://coast.noaa.gov/hurricanes/;Afrique du Sud
1988021S12080;DOAZA;cyclone;;-12.5;67.7;5.0;23/01/1988;50000.0;0.7;;False;Météo-France Réunion - https://www.meteofrance.re/;Maurice
1988037S13109;EZENINA:GWENDA;cyclone;;-19.5;76.4;5.0;17/02/1988;50000.0;0.7;;False;Météo-France Réunion - https://www.meteofrance.re/;Maurice
1988055S10180;BOLA;cyclone;;-19.6;174.3;7.0;03/03/1988;50000.0;0.3;;False;Météo-France - La Réunion (Archives cycloniques) - https://www.meteofrance.re/climat/archives-cycloniques;Vanuatu
1988058S19198;CILLA;;;-25.3;-149.7;;01/03/1988;;;;False;;
1988072S08088;GASITAO;cyclone;;-33.0;76.6;5.0;24/03/1988;50000.0;0.7;;False;Météo-France La Réunion - https://www.meteofrance.re/;Maurice
1988107S28175;DOVI;cyclone;;-27.8;174.9;5.0;15/04/1988;50000.0;0.6;;False;NOAA Historical Hurricane Tracks - https://coast.noaa.gov/hurricanes/?redirect=301ocm;Fidji
1988138S07092;HERBIE;cyclone;;-14.8;97.4;5.0;19/05/1988;50000.0;0.4;;False;Bureau of Meteorology (Australie) - https://www.bom.gov.au;Australie
1988150N19119;SUSAN;typhon;;23.3;122.7;7.0;02/06/1988;500000.0;0.7;;False;Japan Meteorological Agency (JMA) - https://www.jma.go.jp/jma/indexe.html | International Best Track Archive for Climate Stewardship (IBTrACS) - https://www.ncdc.noaa.gov/ibtracs/;Taïwan
1988170N05141;THAD;typhon;;28.2;132.7;7.0;24/06/1988;500000.0;0.7;;False;NOAA Historical Hurricane Tracks - https://coast.noaa.gov/hurricanes/?storm=1988170N05141;Japon
1988177N07137;VANESSA;typhon;;10.1;126.1;7.0;27/06/1988;500000.0;0.4;;False;International Best Track Archive for Climate Stewardship (IBTrACS) - https://www.ncdc.noaa.gov/ibtracs/;Philippines
1988208N27135;AGNES;typhon;;26.7;141.8;7.0;30/07/1988;50000.0;0.7;;False;Japan Meteorological Agency (JMA) - https://www.jma.go.jp/jma/indexe.html | NOAA Historical Hurricane Tracks - https://coast.noaa.gov/hurricanes/;Japon
1988219N32283;ALBERTO;ouragan;;36.1;-74.1;6.0;06/08/1988;500000.0;0.8;;False;National Hurricane Center (NHC) - https://www.nhc.noaa.gov/data/hurdat/hurdat2-1851-2022-050423.txt;États-Unis
1988235N15317;CHRIS;ouragan;;14.9;-43.3;5.0;21/08/1988;50000.0;0.7;;False;National Hurricane Center (NHC) - https://www.nhc.noaa.gov/data/hurdat/hurdat2-1851-2022-050423.txt;Antilles (probablement Guadeloupe ou Martinique)
1988237N23154;ELSIE;typhon;;34.2;157.4;7.0;31/08/1988;500000.0;0.7;;False;Japan Meteorological Agency (JMA) - https://www.jma.go.jp/jma/indexe.html (archives historiques);Japon
1988237N30143;FABIAN;typhon;;37.0;154.7;7.0;02/09/1988;500000.0;0.7;;False;Japan Meteorological Agency (JMA) - https://www.jma.go.jp/jma/indexe.html (archives historiques);Japon
1988242N12215;ULEKI;ouragan;;32.2;165.0;5.0;13/09/1988;5000.0;0.7;;False;National Hurricane Center (NHC) - https://www.nhc.noaa.gov/data/;États-Unis (Hawaï, zones maritimes)
1988246N26133;GAY;typhon;;38.0;157.0;7.0;08/09/1988;500000.0;0.7;;False;NOAA Historical Hurricane Tracks - https://coast.noaa.gov/hurricanes/?redirect=301ocm;Japon
1988247N33300;ERNESTO;ouragan;;33.7;-58.0;7.0;03/09/1988;65000.0;0.7;;False;National Hurricane Center (NOAA) - https://www.nhc.noaa.gov/archive/1988/ERNESTO.shtml;Bermudes
1988249N18163;HAL;typhon;;37.0;146.3;7.0;16/09/1988;500000.0;0.7;;False;Japan Meteorological Agency (JMA) - https://www.jma.go.jp/jma/indexe.html | NOAA Historical Hurricane Tracks - https://coast.noaa.gov/hurricanes/;Japon
1988253N12306;GILBERT;ouragan;;28.4;-103.3;9.0;18/09/1988;250000.0;0.6;;False;National Hurricane Center - https://www.nhc.noaa.gov/archive/1988/GILBERT.shtml;Mexique
1988255N15132;JEFF;typhon;;26.1;142.1;7.0;16/09/1988;50000.0;0.7;;False;Japan Meteorological Agency (JMA) - https://www.jma.go.jp/jma/indexe.html | NOAA Historical Hurricane Tracks - https://coast.noaa.gov/hurricanes/;Japon
1988260N15157;LEE;ouragan;;15.8;155.2;7.0;16/09/1988;50000.0;0.7;;False;National Hurricane Center (NHC) - https://www.nhc.noaa.gov/archive/1988/LEE.shtml;États-Unis (Hawaï)
1988264N13328;HELENE;ouragan;;36.1;-48.5;5.0;29/09/1988;25000.0;0.7;;False;National Hurricane Center (NOAA) - https://www.nhc.noaa.gov/data/hurdat/hurdat2-atlantic.csv;Açores (Portugal)
1988274N12142;NELSON;typhon;;31.5;138.2;7.0;08/10/1988;500000.0;0.8;;False;Japan Meteorological Agency (JMA) - https://www.jma.go.jp/jma/indexe.html (archives historiques);Japon
1988282N17153;ODESSA;typhon;;17.5;148.7;7.0;08/10/1988;30000.0;0.4;;False;National Hurricane Center / IBTrACS - https://www.ncei.noaa.gov/products/international-best-track-archive;Îles Mariannes du Nord (États-Unis)
1988290N08145;PAT;typhon;;8.0;145.0;7.0;16/10/1988;500000.0;0.4;;False;NOAA Historical Hurricane Tracks - https://coast.noaa.gov/hurricanes/;Philippines
1988307N09131;TESS;typhon;;10.2;128.3;7.0;02/11/1988;500000.0;0.4;;False;International Best Track Archive for Climate Stewardship (IBTrACS) - NOAA - https://www.ncei.noaa.gov/products/international-best-track-archive;Philippines
1988323N15286;KEITH;ouragan;;29.3;-78.8;5.0;23/11/1988;50000.0;0.8;;False;National Hurricane Center (NHC) - https://www.nhc.noaa.gov/data/;États-Unis
1988347S12128;ILONA;cyclone;;-12.6;127.6;5.0;12/12/1988;25000.0;0.6;;False;Bureau of Meteorology (Australie) - https://www.bom.gov.au;Australie
1988356N05142;VAL;typhon;;6.8;139.3;7.0;21/12/1988;500000.0;0.4;;False;International Best Track Archive for Climate Stewardship (IBTrACS) - https://www.ncdc.noaa.gov/ibtracs/;Philippines
1988364S17148;DELILAH;cyclone;;-19.8;164.1;7.0;02/01/1989;50000.0;0.3;;False;NOAA Historical Hurricane Tracks - https://coast.noaa.gov/hurricanes/;Vanuatu
1989002S14192;FILI;cyclone;;-26.9;-163.2;5.0;06/01/1989;50000.0;0.6;;False;NOAA Historical Hurricane Tracks - https://coast.noaa.gov/hurricanes/;Nouvelle-Calédonie
1989010N16212;WINONA;typhon;;17.2;205.0;5.0;10/01/1989;50000.0;0.7;;False;Unisys Weather - Hurricane/Typhoon Archive - http://weather.unisys.com/hurricane/archive/89100112;Japon
1989010S15063;DONA;cyclone;;-24.0;64.1;7.0;13/01/1989;500000.0;0.7;;False;Météo-France Réunion - https://www.meteofrance.re/;Maurice
1989018S10082;EDME;cyclone;;-27.1;71.2;5.0;26/01/1989;50000.0;0.7;;False;Météo-France Réunion - https://www.meteofrance.re/;Maurice
1989037S16164;HARRY;cyclone;;-35.9;163.1;5.0;21/02/1989;50000.0;0.7;;False;NOAA Historical Hurricane Tracks - https://coast.noaa.gov/hurricanes/;Nouvelle-Zélande
1989053S14210;JUDY;cyclone;;-25.5;-160.5;7.0;27/02/1989;50000.0;0.6;;False;NOAA Historical Hurricane Tracks - https://coast.noaa.gov/hurricanes/?storm=19-1989;Nouvelle-Calédonie
1989060S09097;MARCIA;cyclone;;-10.9;100.7;5.0;01/03/1989;50000.0;0.4;;False;International Best Track Archive for Climate Stewardship (IBTrACS) - https://www.ncdc.noaa.gov/ibtracs/;Indonésie
1989084S18122;NED;cyclone;;-27.8;109.9;5.0;31/03/1989;15000.0;0.4;;False;Météo-France - https://www.meteofrance.fr/previsions-meteo-marine/bulletin/grandlarge/pacifique;Polynésie française
1989088S15187;KERRY;cyclone;;-22.7;182.3;7.0;02/04/1989;50000.0;0.4;;False;NOAA Historical Hurricane Tracks - https://coast.noaa.gov/hurricanes/?redirect=301ocm;Fidji
1989103N07154;ANDY;typhon;;29.6;161.5;5.0;25/04/1989;50000.0;0.7;;False;Unisys Weather - Hurricane/Typhoon Archive - http://weather.unisys.com/hurricane/index.php;Japon
1989106S11128;ORSON;cyclone;;-22.0;116.5;8.0;23/04/1989;15000.0;0.4;;False;Bureau of Meteorology (Australie) - https://www.bom.gov.au/cyclone/history/orson.shtml;Australie
1989134N07138;BRENDA;typhon;;6.8;137.4;5.0;14/05/1989;50000.0;0.4;;False;International Best Track Archive for Climate Stewardship (IBTrACS) - https://www.ncdc.noaa.gov/ibtracs/;Philippines
1989169N13265;COSME;ouragan;;18.7;-99.0;7.0;22/06/1989;500000.0;0.6;;False;National Hurricane Center (NOAA) - https://www.nhc.noaa.gov/archive/1989/COSME.shtml;Mexique
1989169N16142;ELLIS;typhon;;21.9;127.3;7.0;23/06/1989;500000.0;0.7;;False;Joint Typhoon Warning Center (JTWC) - https://www.metoc.navy.mil/jtwc/jtwc.html;Taïwan
1989190N13261;DALILIA;typhon;;14.0;-136.9;5.0;16/07/1989;15000.0;0.3;;False;NOAA Historical Hurricane Tracks - https://coast.noaa.gov/hurricanes/;Îles Marshall
1989190N20160;GORDON;typhon;;18.7;149.0;7.0;11/07/1989;35000.0;0.6;;False;National Hurricane Center (NHC) / IBTrACS - https://www.ncei.noaa.gov/products/international-best-track-archive;Îles Mariannes du Nord (États-Unis)
1989191N13322;BARRY;ouragan;;12.8;-37.8;5.0;09/07/1989;50000.0;0.6;;False;National Hurricane Center (NHC) - https://www.nhc.noaa.gov/data/hurdat/hurdat2-atlantic.csv;Cap-Vert
1989194N13149;HOPE;typhon;;19.6;138.8;7.0;15/07/1989;50000.0;0.7;;False;Unisys Weather - Hurricane/Typhoon Archive - http://weather.unisys.com/hurricane/w_pacific/1989/19/index.php;Japon
1989199N05139;IRVING;typhon;;8.0;136.0;7.0;18/07/1989;500000.0;0.4;;False;International Best Track Archive for Climate Stewardship (IBTrACS) - NOAA - https://www.ncei.noaa.gov/products/international-best-track-archive;Philippines
1989200N12236;ERICK;ouragan;;14.1;-128.6;5.0;19/07/1989;50000.0;0.6;;False;National Hurricane Center (NHC) - https://www.nhc.noaa.gov/archive/1989/ERICK.shtml;Mexique
1989209N22130;KEN:LOLA;typhon;;28.6;135.2;7.0;31/07/1989;500000.0;0.7;;False;Japan Meteorological Agency (JMA) - https://www.jma.go.jp/jma/indexe.html (archives historiques);Japon
1989211N24153;MAC;typhon;;48.0;142.0;7.0;08/08/1989;50000.0;0.7;;False;Japan Meteorological Agency (JMA) - https://www.jma.go.jp/jma/indexe.html (archives historiques);Japon
1989212N15318;DEAN;ouragan;;14.8;-41.8;9.0;31/07/1989;1500000.0;0.6;;False;National Hurricane Center (NOAA) - https://www.nhc.noaa.gov/data/tcr/AL071989_Dean.pdf;Antilles (Martinique, Guadeloupe, Sainte-Lucie, Dominique, Haïti, Jamaïque, Mexique)
1989216N06159;OWEN;typhon;;48.2;155.0;7.0;19/08/1989;50000.0;0.7;;False;Japan Meteorological Agency (JMA) - https://www.jma.go.jp/jma/indexe.html | NOAA Historical Hurricane Tracks - https://coast.noaa.gov/hurricanes/;Japon
1989221N10149;NANCY;typhon;;28.3;154.8;7.5;13/08/1989;500000.0;0.7;;False;Japan Meteorological Agency (JMA) - https://www.jma.go.jp/jma/indexe.html | NOAA Historical Hurricane Tracks - https://coast.noaa.gov/hurricanes/;Japon
1989230N14338;ERIN;ouragan;;42.3;-37.2;3.0;26/08/1989;0.0;0.9;;False;National Hurricane Center (NHC) - https://www.nhc.noaa.gov/data/hurdat/hurdat2-1851-2022-050423.txt;Aucun (océan Atlantique Nord)
1989235N26122;ROGER;typhon;;25.7;129.3;7.0;25/08/1989;500000.0;0.7;;False;Japan Meteorological Agency (JMA) - https://www.jma.go.jp/jma/indexe.html (archives historiques);Japon
1989238N17339;FELIX;ouragan;;44.3;-43.9;5.0;08/09/1989;50000.0;0.7;;False;National Hurricane Center (NOAA) - https://www.nhc.noaa.gov/data/hurdat/hurdat2-1851-2022-050423.txt;Canada
1989243N12339;GABRIELLE;cyclone;;11.6;-21.0;5.0;30/08/1989;50000.0;0.4;;False;NOAA Historical Hurricane Tracks - https://coast.noaa.gov/hurricanes/?redirect=301ocm;Cap-Vert
1989246N16159;SARAH;typhon;;19.6;149.4;7.0;04/09/1989;35000.0;0.6;;False;National Hurricane Center / IBTrACS - https://www.ncei.noaa.gov/products/international-best-track-archive;Îles Mariannes du Nord (États-Unis)
1989250N17148;TIP;typhon;;20.9;154.4;9.0;09/09/1989;500000.0;0.7;;False;National Hurricane Center / IBTrACS - https://www.ncei.noaa.gov/access/metadata/landing-page/bin/iso?id=gov.noaa.ncdc:C00834;Japon
1989254N13340;HUGO;ouragan;;31.7;-78.8;9.0;22/09/1989;250000.0;0.8;;False;National Hurricane Center - https://www.nhc.noaa.gov/data/tcr/AL111989_Hugo.pdf;États-Unis
1989254N17145;VERA;typhon;;19.4;141.2;9.0;12/09/1989;500000.0;0.7;;False;Japan Meteorological Agency (JMA) - https://www.jma.go.jp/jma/indexe.html | NOAA Historical Hurricane Tracks - https://coast.noaa.gov/hurricanes/;Japon
1989259N20126;WAYNE;typhon;;29.6;127.6;7.0;18/09/1989;500000.0;0.7;;False;Japan Meteorological Agency (JMA) - https://www.jma.go.jp/jma/indexe.html | International Best Track Archive for Climate Stewardship (IBTrACS) - https://www.ncdc.noaa.gov/ibtracs/;Japon
1989260N11316;IRIS;ouragan;;11.3;-44.0;5.0;16/09/1989;50000.0;0.7;;False;National Hurricane Center (NHC) - https://www.nhc.noaa.gov/archive/1989/IRIS.shtml;Barbade
1989268N14261;RAYMOND;ouragan;;26.0;-114.0;5.0;04/10/1989;50000.0;0.6;;False;National Hurricane Center (NOAA) - https://www.nhc.noaa.gov/data/hurdat/hurdat2-nepac-1989.txt;Mexique
1989271N14168;COLLEEN;typhon;;29.1;141.5;5.0;07/10/1989;50000.0;0.7;;False;Japan Meteorological Agency (JMA) - https://www.jma.go.jp/jma/indexe.html (archives historiques non directement accessibles, estimation basée sur les données de trajectoire);Japon
1989272N18120;BRIAN;typhon;;19.6;103.2;5.0;03/10/1989;50000.0;0.4;;False;International Best Track Archive for Climate Stewardship (IBTrACS) - https://www.ncdc.noaa.gov/ibtracs/;Laos
1989279N07151;DAN;typhon;;11.8;129.3;7.0;09/10/1989;500000.0;0.4;;False;NOAA Historical Hurricane Tracks - https://coast.noaa.gov/hurricanes/?storm=1989279N07151;Philippines
1989291N05158;FORREST;typhon;;29.1;139.5;7.0;28/10/1989;500000.0;0.8;;False;Japan Meteorological Agency (JMA) - https://www.jma.go.jp/jma/indexe.html | NOAA Historical Hurricane Tracks - https://coast.noaa.gov/hurricanes/;Japon
1989324N17174;IRMA;cyclone;;17.2;173.9;7.0;20/11/1989;50000.0;0.4;;False;NOAA Historical Hurricane Tracks - https://coast.noaa.gov/hurricanes/;Fidji
1989346S10133;FELICITY;cyclone;;-26.2;163.3;7.0;20/12/1989;50000.0;0.6;;False;Météo-France - https://www.meteofrance.nc/archives-cyclones;Nouvelle-Calédonie
1989349S08065;ALIBERA;cyclone;;-28.7;42.8;5.0;05/01/1990;50000.0;0.3;;False;Météo-France / IBTrACS - https://www.ncdc.noaa.gov/ibtracs/index.php?name=ibtracs-data;Madagascar
1990008N01172;KORYN;typhon;;21.9;148.1;7.0;16/01/1990;500000.0;0.4;;False;Joint Typhoon Warning Center (JTWC) - https://www.metoc.navy.mil/jtwc/jtwc.html;Philippines
1990024S14117;TINA;cyclone;;-23.1;114.1;5.0;27/01/1990;50000.0;0.7;;False;Bureau of Meteorology (Australie) - http://www.bom.gov.au/cyclone/history/tina.shtml;Australie
1990027S18156;NANCY;cyclone;;-22.8;159.7;7.0;01/02/1990;50000.0;0.6;;False;International Best Track Archive for Climate Stewardship (IBTrACS) - NOAA - https://www.ncdc.noaa.gov/ibtracs/;Nouvelle-Calédonie
1990032S11059;CEZERA;cyclone;;-18.8;69.9;7.0;11/02/1990;50000.0;0.4;;False;International Best Track Archive for Climate Stewardship (IBTrACS) - NOAA - https://www.ncei.noaa.gov/products/international-best-track-archive;Maurice
1990043S09206;PENI;cyclone;;-23.9;-154.5;5.0;16/02/1990;25000.0;0.4;;False;NOAA Historical Hurricane Tracks - https://coast.noaa.gov/hurricanes/;Polynésie française
1990056S11125;VINCENT;cyclone;;-13.6;121.7;7.0;27/02/1990;50000.0;0.6;;False;International Best Track Archive for Climate Stewardship (IBTrACS) - https://www.ncdc.noaa.gov/ibtracs/;Australie
1990058S16075;EDISOANA;cyclone;;-24.1;61.6;7.0;06/03/1990;500000.0;0.4;;False;Météo-France Réunion - https://www.meteofrance.re/;Madagascar
1990060S15170;HILDA;cyclone;;-14.5;170.0;7.0;01/03/1990;30000.0;0.4;;False;NOAA Historical Hurricane Tracks - https://coast.noaa.gov/hurricanes/;Samoa
1990073S13170;IVOR;cyclone;;-16.7;159.6;7.0;16/03/1990;50000.0;0.3;;False;NOAA Historical Hurricane Tracks - https://coast.noaa.gov/hurricanes/;Îles Salomon
1990074S12115;ALEX;cyclone;;-15.8;103.4;7.0;19/03/1990;500000.0;0.4;;False;NOAA Historical Hurricane Tracks - https://coast.noaa.gov/hurricanes/;Madagascar
1990076S12165;RAE;cyclone;;-13.2;167.9;7.0;20/03/1990;50000.0;0.3;;False;NOAA Historical Hurricane Tracks - https://coast.noaa.gov/hurricanes/?redirect=301ocm;Vanuatu
1990129N05138;MARIAN;typhon;;22.8;120.0;7.0;19/05/1990;500000.0;0.7;;False;Joint Typhoon Warning Center (JTWC) - https://www.metoc.navy.mil/jtwc/jtwc.html;Taïwan
1990130S03081;IKONJO;cyclone;;-3.3;80.0;5.0;09/05/1990;50000.0;0.4;;False;International Best Track Archive for Climate Stewardship (IBTrACS) - https://www.ncdc.noaa.gov/ibtracs/;Indonésie
1990154N11260;BORIS;ouragan;;13.1;-104.7;5.0;03/06/1990;50000.0;0.6;;False;National Hurricane Center (NHC) - https://www.nhc.noaa.gov/archive/1990/BORIS.shtml;Mexique
1990163N08133;NATHAN;typhon;;14.9;122.3;7.0;14/06/1990;500000.0;0.4;;False;Joint Typhoon Warning Center (JTWC) - https://www.metoc.navy.mil/jtwc/jtwc.html;Philippines
1990180N09159;ROBYN;typhon;;34.9;128.8;7.0;11/07/1990;500000.0;0.8;;False;Japan Meteorological Agency (JMA) - https://www.jma.go.jp/jma/indexe.html (archives historiques);Japon
1990203N09318;ARTHUR;ouragan;;9.2;-47.4;5.0;23/07/1990;50000.0;0.7;;False;National Hurricane Center (NHC) - https://www.nhc.noaa.gov/archive/1990/ARTHUR.shtml;Barbade
1990205N16141;STEVE;typhon;;31.2;155.5;7.0;31/07/1990;500000.0;0.7;;False;Japan Meteorological Agency (JMA) - https://www.jma.go.jp/jma/indexe.html | NOAA Historical Hurricane Tracks - https://coast.noaa.gov/hurricanes/;Japon
1990206N34285;BERTHA;ouragan;;46.0;-60.0;5.0;02/08/1990;50000.0;0.7;;False;National Hurricane Center (NOAA) - https://www.nhc.noaa.gov/data/hurdat/hurdat2-1851-2022-050423.txt;Canada
1990208N18132;VERNON;typhon;;39.0;159.4;7.0;09/08/1990;500000.0;0.7;;False;Joint Typhoon Warning Center (JTWC) - https://www.metoc.navy.mil/jtwc/jtwc.html;Japon
1990216N13281;DIANA;ouragan;;22.2;-105.9;7.0;09/08/1990;50000.0;0.6;;False;National Hurricane Center (NHC) - https://www.nhc.noaa.gov/archive/1990/DIANA.shtml;Mexique
1990216N29125;WINONA;typhon;;36.5;139.6;7.0;10/08/1990;500000.0;0.8;;False;Digital Typhoon - http://agora.ex.nii.ac.jp/digital-typhoon/summary/wnp/s/199021.html.en;Japon
1990224N09328;FRAN;ouragan;;8.5;-34.0;5.0;11/08/1990;50000.0;0.6;;False;National Hurricane Center (NHC) - https://www.nhc.noaa.gov/data/hurdat/hurdat2-atlantic.csv;Cap-Vert
1990228N15141;ZOLA;typhon;;27.6;135.6;7.0;21/08/1990;50000.0;0.4;;False;Japan Meteorological Agency (JMA) - Archives des typhons - https://www.jma.go.jp/jma/jma-eng/jma-center/rsmc-hp-pub-eg/RSMC_HP.htm;Japon
1990235N10152;ABE;typhon;;34.5;121.8;7.0;01/09/1990;500000.0;0.7;;False;Japan Meteorological Agency (JMA) - https://www.jma.go.jp/jma/indexe.html (archives historiques);Japon
1990236N13314;GUSTAV;ouragan;;43.8;-48.0;5.0;02/09/1990;50000.0;0.7;;False;National Hurricane Center (NHC) - https://www.nhc.noaa.gov/data/hurdat/hurdat2-1851-2022-050423.txt;Canada
1990245N16149;DOT;typhon;;16.2;149.0;7.0;02/09/1990;50000.0;0.4;;False;NOAA Historical Hurricane Tracks - https://coast.noaa.gov/hurricanes/?storm=1990245N16149;Guam
1990247N07337;ISIDORE;ouragan;;45.7;-44.5;5.0;16/09/1990;50000.0;0.7;;False;National Hurricane Center (NOAA) - https://www.nhc.noaa.gov/data/hurdat/hurdat2-1851-2022-050423.txt;Canada
1990251N06171;FLO;typhon;;5.5;170.5;7.0;08/09/1990;20000.0;0.3;;False;NOAA Historical Hurricane Tracks - https://coast.noaa.gov/hurricanes/;Îles Marshall
1990254N24114;DOT;typhon;;22.0;113.6;7.0;11/09/1990;500000.0;0.7;;False;Joint Typhoon Warning Center (JTWC) - https://www.metoc.navy.mil/jtwc/jtwc.html;Chine
1990261N12141;GENE;typhon;;33.6;135.3;7.0;30/09/1990;500000.0;0.8;;False;Japan Meteorological Agency (JMA) - https://www.jma.go.jp/jma/indexe.html;Japon
1990264N14328;JOSEPHINE;ouragan;;32.1;-39.3;5.0;05/10/1990;25000.0;0.7;;False;National Hurricane Center (NOAA) - https://www.nhc.noaa.gov/data/hurdat/hurdat2-atlantic.csv;Açores (Portugal)
1990270N13261;RACHEL;ouragan;;23.1;-110.1;7.0;02/10/1990;50000.0;0.6;;False;National Hurricane Center (NHC) - https://www.nhc.noaa.gov/data/hurdat/hurdat2-1851-2022-041923.txt;Mexique
1990271N13153;HATTIE;typhon;;30.9;130.8;7.0;07/10/1990;500000.0;0.6;;False;Japan Meteorological Agency (JMA) - https://www.jma.go.jp/jma/indexe.html | International Best Track Archive for Climate Stewardship (IBTrACS) - https://www.ncdc.noaa.gov/ibtracs/;Japon
1990279N36316;LILI;ouragan;;31.3;-53.4;5.0;10/10/1990;5000.0;0.3;;False;NOAA Historical Hurricane Tracks - https://coast.noaa.gov/hurricanes/?storm=1990279N36316;Bermudes
1990287N13156;KYLE;typhon;;27.1;146.3;7.0;21/10/1990;50000.0;0.3;;False;Japan Meteorological Agency (JMA) - https://www.jma.go.jp/jma/indexe.html | NOAA Historical Hurricane Tracks - https://coast.noaa.gov/hurricanes/;Japon
1990289N10261;TRUDY;ouragan;;10.3;-99.4;5.0;16/10/1990;50000.0;0.4;;False;NOAA Historical Hurricane Tracks - https://coast.noaa.gov/hurricanes/?redirect=301ocm;Mexique
1990309N08167;PAGE;typhon;;23.2;129.0;7.0;28/11/1990;500000.0;0.7;;False;International Best Track Archive for Climate Stewardship (IBTrACS) - https://www.ncdc.noaa.gov/ibtracs/;Japon
1990312N12121;NELL;typhon;;11.7;120.9;7.0;08/11/1990;500000.0;0.6;;False;Joint Typhoon Warning Center (JTWC) - https://www.metoc.navy.mil/jtwc/jtwc.html;Philippines
1990327S07175;SINA;cyclone;;-20.7;190.5;5.0;30/11/1990;50000.0;0.6;;False;Météo-France - https://www.meteofrance.nc/archives-cyclones;Nouvelle-Calédonie
1990347N05173;RUSS;typhon;;24.0;142.1;7.0;23/12/1990;50000.0;0.8;;False;Japan Meteorological Agency (JMA) - https://www.jma.go.jp/jma/indexe.html (archives historiques);Japon
1991053S21040;DEBRA;cyclone;;-32.1;37.5;5.0;03/03/1991;50000.0;0.4;;False;International Best Track Archive for Climate Stewardship (IBTrACS) - NOAA - https://www.ncdc.noaa.gov/ibtracs/;Afrique du Sud
1991055S12142;KELVIN;cyclone;;-11.6;142.7;7.0;24/02/1991;15000.0;0.4;;False;Bureau of Meteorology (Australie) - https://www.bom.gov.au;Australie
1991080S06092;FATIMA;cyclone;;-26.6;82.3;5.0;01/04/1991;50000.0;0.7;;False;Météo-France La Réunion - https://www.meteofrance.re/;Maurice
1991105S12103;FIFI;cyclone;;-23.6;105.9;7.0;19/04/1991;50000.0;0.3;;False;International Best Track Archive for Climate Stewardship (IBTrACS) - NOAA - https://www.ncdc.noaa.gov/ibtracs/;Australie
1991124N05152;WALT;typhon;;24.7;129.4;7.0;16/05/1991;50000.0;0.6;;False;Japan Meteorological Agency (JMA) - https://www.jma.go.jp/jma/indexe.html | International Best Track Archive for Climate Stewardship (IBTrACS) - https://www.ncdc.noaa.gov/ibtracs/;Japon
1991124S08154;LISA;cyclone;;-18.9;166.8;7.0;12/05/1991;50000.0;0.3;;False;NOAA Historical Hurricane Tracks - https://coast.noaa.gov/hurricanes/?redirect=301ocm;Vanuatu
1991156S07084;GRITELLE;cyclone;;-15.9;67.2;5.0;15/06/1991;50000.0;0.7;;False;Météo-France La Réunion - https://www.meteofrance.re/;Maurice
1991181N26282;ANA;ouragan;;32.5;-77.4;5.0;03/07/1991;50000.0;0.7;;False;National Hurricane Center (NHC) - https://www.nhc.noaa.gov/archive/1991/ANA.shtml;États-Unis
1991194N11147;AMY;typhon;;21.5;120.8;7.0;18/07/1991;500000.0;0.7;;False;Joint Typhoon Warning Center (JTWC) - https://www.metoc.navy.mil/jtwc/jtwc.html;Taïwan
1991196N06153;BRENDAN;typhon;;23.6;107.3;7.0;25/07/1991;500000.0;0.4;;False;International Best Track Archive for Climate Stewardship (IBTrACS) - https://www.ncdc.noaa.gov/ibtracs/;Vietnam
1991197N09248;ENRIQUE;typhon;;29.6;178.9;7.0;31/07/1991;50000.0;0.7;;False;NOAA Historical Hurricane Tracks - https://coast.noaa.gov/hurricanes/?redirect=301ocm;Japon
1991200N05157;CAITLIN;typhon;;35.1;129.8;7.0;29/07/1991;500000.0;0.7;;False;Japan Meteorological Agency (JMA) - https://www.jma.go.jp/jma/indexe.html | International Best Track Archive for Climate Stewardship (IBTrACS) - https://www.ncdc.noaa.gov/ibtracs/;Corée du Sud
1991207N20105;BRENDAN;typhon;;20.3;106.0;7.0;26/07/1991;500000.0;0.6;;False;International Best Track Archive for Climate Stewardship (IBTrACS) - https://www.ncdc.noaa.gov/ibtracs/;Vietnam
1991219N25165;DOUG;typhon;;35.8;156.8;7.0;10/08/1991;500000.0;0.7;;False;Japan Meteorological Agency (JMA) - https://www.jma.go.jp/jma/indexe.html | NOAA Historical Hurricane Tracks - https://coast.noaa.gov/hurricanes/;Japon
1991220N13258;HILDA;ouragan;;21.5;-115.7;5.0;11/08/1991;50000.0;0.6;;False;National Hurricane Center (NOAA) - https://www.nhc.noaa.gov/archive/1991/HILDA.shtml;Mexique
1991228N26286;BOB;ouragan;;35.5;-74.9;7.0;19/08/1991;500000.0;0.8;;False;National Hurricane Center (NHC) - https://www.nhc.noaa.gov/archive/1991/BOB.shtml;États-Unis
1991239N20133;HARRY;typhon;;32.8;136.5;7.0;30/08/1991;500000.0;0.8;;False;Japan Meteorological Agency (JMA) - https://www.jma.go.jp/jma/indexe.html | International Best Track Archive for Climate Stewardship (IBTrACS) - https://www.ncdc.noaa.gov/ibtracs/;Japon
1991243N05172;IVY;typhon;;5.0;171.9;7.0;31/08/1991;20000.0;0.3;;False;NOAA Historical Hurricane Tracks - https://coast.noaa.gov/hurricanes/;Îles Marshall
1991248N27304;CLAUDETTE;ouragan;;33.4;-51.8;5.0;10/09/1991;65000.0;0.7;;False;National Hurricane Center (NHC) - https://www.nhc.noaa.gov/archive/1991/CLAUDETTE.shtml;Bermudes
1991250N10334;DANNY;ouragan;;12.1;-40.5;7.0;09/09/1991;500000.0;0.6;;False;National Hurricane Center (NHC) - https://www.nhc.noaa.gov/archive/1991/DANNY.shtml;Antilles (principalement Barbade, Sainte-Lucie, Saint-Vincent-et-les-Grenadines)
1991251N12138;KINNA;typhon;;18.0;138.0;7.0;10/09/1991;500000.0;0.7;;False;Japan Meteorological Agency (JMA) - https://www.jma.go.jp/jma/indexe.html | International Best Track Archive for Climate Stewardship (IBTrACS) - https://www.ncdc.noaa.gov/ibtracs/;Japon
1991252N24311;ERIKA;ouragan;;30.2;-52.6;5.0;09/09/1991;65000.0;0.7;;False;National Hurricane Center (NOAA) - https://www.nhc.noaa.gov/archive/1991/ERIKA.shtml;Bermudes
1991256N13171;MIREILLE;typhon;;28.9;126.9;8.5;26/09/1991;500000.0;0.7;;False;Digital Typhoon - http://agora.ex.nii.ac.jp/digital-typhoon/summary/wnp/s/199125.html.en;Japon
1991256N14148;LUKE;typhon;;27.9;133.4;7.0;18/09/1991;500000.0;0.8;;False;Japan Meteorological Agency (JMA) - https://www.jma.go.jp/jma/indexe.html | NOAA Historical Hurricane Tracks - https://coast.noaa.gov/hurricanes/;Japon
1991257N16130;NAT;typhon;;19.2;125.5;7.0;15/09/1991;500000.0;0.4;;False;Joint Typhoon Warning Center (JTWC) - https://www.metoc.navy.mil/jtwc/jtwc.html | NOAA Historical Hurricane Tracks - https://coast.noaa.gov/hurricanes/;Philippines
1991274N08164;PAT;typhon;;29.5;151.5;7.0;11/10/1991;500000.0;0.7;;False;Japan Meteorological Agency (JMA) - https://www.jma.go.jp/jma/indexe.html | International Best Track Archive for Climate Stewardship (IBTrACS) - https://www.ncdc.noaa.gov/ibtracs/;Japon
1991274N14149;ORCHID;typhon;;33.2;141.8;7.0;12/10/1991;500000.0;0.8;;False;Japan Meteorological Agency (JMA) - https://www.jma.go.jp/jma/indexe.html | NOAA Historical Hurricane Tracks - https://coast.noaa.gov/hurricanes/;Japon
1991288N19274;FABIAN;ouragan;;22.4;-81.8;7.0;16/10/1991;500000.0;0.6;;False;National Hurricane Center (NOAA) - https://www.nhc.noaa.gov/data/hurdat/hurdat2-1851-2021-050422.txt;Cuba
1991289N06156;RUTH;typhon;;24.2;127.7;7.0;31/10/1991;500000.0;0.7;;False;Digital Typhoon (National Institute of Informatics, Japon) - http://agora.ex.nii.ac.jp/digital-typhoon/summary/wnp/s/199128.html.en;Japon
1991299N27295;GRACE;ouragan;;31.5;-63.2;5.0;29/10/1991;65000.0;0.7;;False;National Hurricane Center (NOAA) - https://www.nhc.noaa.gov/archive/1991/GRACE.shtml;Bermudes
1991307N06177;VERNE;typhon;;9.1;163.3;7.0;05/11/1991;20000.0;0.3;;False;International Best Track Archive for Climate Stewardship (IBTrACS) - NOAA - https://www.ncdc.noaa.gov/ibtracs/;Îles Marshall
1991320N06171;YURI;typhon;;22.2;142.2;7.0;30/11/1991;50000.0;0.8;;False;Unisys Weather - Hurricane/Typhoon Archive - http://weather.unisys.com/hurricane/w_pacific/1991/YURI/track.dat;Japon
1991329N04181;ZELDA;typhon;;25.5;165.6;7.0;05/12/1991;5000.0;0.3;;False;NOAA Historical Hurricane Tracks - https://coast.noaa.gov/hurricanes/?storm=1991329N04181;Japon
1991338S08181;VAL;cyclone;;-23.7;-163.2;7.0;12/12/1991;50000.0;0.6;;False;NOAA Historical Hurricane Tracks - https://coast.noaa.gov/hurricanes/?redirect=301ocm;Nouvelle-Calédonie
1991360S13058;BRYNA;cyclone;;-19.4;43.9;7.0;05/01/1992;500000.0;0.4;;False;International Best Track Archive for Climate Stewardship (IBTrACS) - https://www.ncdc.noaa.gov/ibtracs/;Madagascar
1992003N03176;AXEL;typhon;;18.3;141.5;5.0;14/01/1992;50000.0;0.7;;False;Japan Meteorological Agency (JMA) - https://www.jma.go.jp/jma/indexe.html (archives historiques);Japon
1992027N05206;EKEKA;cyclone;;8.5;156.1;5.0;07/02/1992;15000.0;0.3;;False;NOAA Historical Hurricane Tracks - https://coast.noaa.gov/hurricanes/?redirect=301ocm;Îles Marshall
1992036S11212;CLIFF;cyclone;;-23.5;-135.9;5.0;08/02/1992;15000.0;0.3;;False;NOAA Historical Hurricane Tracks - https://coast.noaa.gov/hurricanes/;Polynésie française
1992044S09181;DAMAN;cyclone;;-22.8;160.5;7.0;17/02/1992;50000.0;0.4;;False;NOAA Historical Hurricane Tracks - https://coast.noaa.gov/hurricanes/?redirect=301ocm;Fidji
1992055S13169;ESAU;cyclone;;-29.3;166.1;5.0;06/03/1992;15000.0;0.6;;False;Météo-France / IBTrACS - https://www.ncdc.noaa.gov/ibtracs/index.php?name=ibtracs-data;Nouvelle-Calédonie (France)
1992056S11102;HARRIET:HEATHER;cyclone;;-25.0;90.1;7.0;07/03/1992;50000.0;0.4;;False;International Best Track Archive for Climate Stewardship (IBTrACS) - NOAA - https://www.ncdc.noaa.gov/ibtracs/;Australie
1992064S10184;FRAN;cyclone;;-26.4;161.1;7.0;18/03/1992;50000.0;0.6;;False;Météo-France - https://www.meteofrance.nc/historique-des-cyclones;Nouvelle-Calédonie
1992074S12185;GENE;cyclone;;-19.2;-162.3;7.0;17/03/1992;20000.0;0.3;;False;International Best Track Archive for Climate Stewardship (IBTrACS) - NOAA - https://www.ncdc.noaa.gov/ibtracs/;Vanuatu
1992084S10212;HETTIE;cyclone;;-25.9;-139.7;5.0;28/03/1992;5000.0;0.3;;False;International Best Track Archive for Climate Stewardship (IBTrACS) - https://www.ncdc.noaa.gov/ibtracs/;Polynésie française
1992088S23215;HETTIE;cyclone;;-25.5;-142.9;5.0;28/03/1992;15000.0;0.3;;False;Météo-France - https://www.meteofrance.fr/prevoir-le-temps/phenomenes-meteo/les-cyclones;Polynésie française
1992118S11179;INNIS;cyclone;;-18.9;172.1;5.0;01/05/1992;50000.0;0.6;;False;NOAA Historical Hurricane Tracks - https://coast.noaa.gov/hurricanes/?redirect=301ocm;Fidji
1992172N07144;BOBBIE;typhon;;28.9;133.3;7.0;30/06/1992;500000.0;0.7;;False;Japan Meteorological Agency (JMA) - https://www.jma.go.jp/jma/indexe.html | NOAA Historical Hurricane Tracks - https://coast.noaa.gov/hurricanes/;Japon
1992176N06145;DEANNA;typhon;;23.4;130.7;5.0;03/07/1992;50000.0;0.7;;False;Japan Meteorological Agency (JMA) - https://www.jma.go.jp/jma/indexe.html (archives historiques);Japon
1992185N13265;DARBY;ouragan;;13.9;-103.5;5.0;04/07/1992;50000.0;0.6;;False;National Hurricane Center (NHC) - https://www.nhc.noaa.gov/data/hurdat/hurdat2-1851-2022-050423.txt;Mexique
1992188N07156;ELI;typhon;;11.3;143.1;7.0;08/07/1992;50000.0;0.4;;False;Joint Typhoon Warning Center (JTWC) - https://www.metoc.navy.mil/jtwc/jtwc.html;Philippines
1992197N11266;GEORGETTE;ouragan;;17.5;-139.4;5.0;24/07/1992;50000.0;0.7;;False;National Hurricane Center (NHC) - https://www.nhc.noaa.gov/archive/1992/GEORGETTE.shtml;États-Unis (Hawaï)
1992206N25161;HELEN;typhon;;31.9;158.4;7.0;27/07/1992;50000.0;0.7;;False;Japan Meteorological Agency (JMA) - https://www.jma.go.jp/jma/indexe.html (archives historiques);Japon
1992208N13246;HOWARD;ouragan;;15.5;-133.9;5.0;30/07/1992;5000.0;0.3;;False;National Hurricane Center (NHC) - https://www.nhc.noaa.gov/archive/1992/HOWARD.shtml;États-Unis (Hawaï, zones côtières)
1992212N05154;JANIS;typhon;;32.6;130.5;7.0;08/08/1992;500000.0;0.7;;False;Japan Meteorological Agency (JMA) - https://www.jma.go.jp/jma/indexe.html | NOAA Historical Hurricane Tracks - https://coast.noaa.gov/hurricanes/;Japon
1992213N12256;JAVIER;ouragan;;16.0;-139.8;5.0;07/08/1992;50000.0;0.6;;False;National Hurricane Center (NHC) - https://www.nhc.noaa.gov/archive/1992/JAVIER.shtml;Mexique
1992227N13130;LOIS;typhon;;31.6;146.2;5.0;20/08/1992;50000.0;0.7;;False;Unisys Weather - Hurricane/Tropical Data - http://weather.unisys.com/hurricane/w_pacific/1992/LOIS/track.dat;Japon
1992229N24162;NINA;typhon;;35.9;156.2;7.0;20/08/1992;50000.0;0.3;;False;Japan Meteorological Agency (JMA) - Archives des typhons - https://www.jma.go.jp/jma/jma-eng/jma-center/rsmc-hp-pub-eg/RSMC_HP.htm;Japon
1992230N11325;ANDREW;ouragan;;11.2;-37.4;9.0;17/08/1992;250000.0;0.7;;False;National Hurricane Center (NOAA) - https://www.nhc.noaa.gov/data/tcr/AL041992_Andrew.pdf;États-Unis
1992233N16254;LESTER;ouragan;;30.0;-111.7;7.0;24/08/1992;50000.0;0.7;;False;National Hurricane Center (NHC) - https://www.nhc.noaa.gov/archive/1992/LESTER.shtml;Mexique
1992237N14144;POLLY;typhon;;21.2;130.5;7.0;26/08/1992;500000.0;0.6;;False;NOAA Historical Hurricane Tracks - https://coast.noaa.gov/hurricanes/?stormids=1992237N14144;Taïwan
1992241N13237;MADELINE;ouragan;;14.0;-127.9;7.0;28/08/1992;50000.0;0.6;;False;National Hurricane Center (NHC) - https://www.nhc.noaa.gov/archive/1992/MADELINE.shtml;Mexique
1992242N13166;RYAN;typhon;;35.9;145.1;7.0;10/09/1992;50000.0;0.7;;False;Japan Meteorological Agency (JMA) - https://www.jma.go.jp/jma/indexe.html | NOAA Historical Hurricane Tracks - https://coast.noaa.gov/hurricanes/;Japon
1992246N36121;POLLY;typhon;;35.9;120.8;7.0;01/09/1992;500000.0;0.7;;False;NOAA Historical Hurricane Tracks - https://coast.noaa.gov/hurricanes/?redirect=301ocm;Chine
1992249N12229;INIKI;ouragan;;20.4;-159.9;8.0;11/09/1992;70000.0;0.7;;False;National Hurricane Center - https://www.nhc.noaa.gov/data/tcr/EP181992_Iniki.pdf;États-Unis (Hawaï)
1992259N11159;TED;typhon;;10.6;159.2;7.0;14/09/1992;50000.0;0.3;;False;NOAA Historical Hurricane Tracks - https://coast.noaa.gov/hurricanes/?storm=1992259N11159;Micronésie (États fédérés de Micronésie)
1992262N34301;BONNIE;ouragan;;36.3;-33.5;5.0;29/09/1992;50000.0;0.7;;False;National Hurricane Center (NHC) - https://www.nhc.noaa.gov/data/hurdat/hurdat2-1851-2021-041923.txt;Açores (Portugal)
1992263N05175;VAL;typhon;;28.5;152.3;7.0;26/09/1992;500000.0;0.7;;False;Japan Meteorological Agency (JMA) - https://www.jma.go.jp/jma/indexe.html | International Best Track Archive for Climate Stewardship (IBTrACS) - https://www.ncdc.noaa.gov/ibtracs/;Japon
1992266N30327;CHARLEY;autre;;39.7;-25.4;5.0;27/09/1992;50000.0;0.7;;False;NOAA Historical Hurricane Tracks - https://coast.noaa.gov/hurricanes/?redirect=301ocm;Portugal (Açores)
1992268N11193;WARD;typhon;;36.3;160.0;7.0;06/10/1992;500000.0;0.8;;False;NOAA Historical Hurricane Tracks - https://coast.noaa.gov/hurricanes/;Japon
1992277N16140;YVETTE;typhon;;32.0;148.7;7.0;18/10/1992;50000.0;0.3;;False;Japan Meteorological Agency (JMA) - https://www.jma.go.jp/jma/indexe.html | NOAA Historical Hurricane Tracks - https://coast.noaa.gov/hurricanes/;Japon
1992281N11263;WINIFRED;ouragan;;20.8;-103.1;7.0;10/10/1992;500000.0;0.6;;False;National Hurricane Center (NOAA) - https://www.nhc.noaa.gov/data/tcr/1992_Winifred.pdf;Mexique
1992289N08135;COLLEEN;typhon;;15.3;102.3;5.0;29/10/1992;500000.0;0.6;;False;International Best Track Archive for Climate Stewardship (IBTrACS) - https://www.ncdc.noaa.gov/ibtracs/;Thaïlande
1992289N09171;BRIAN;typhon;;27.1;138.6;7.0;24/10/1992;500000.0;0.8;;False;Japan Meteorological Agency (JMA) - https://www.jma.go.jp/jma/indexe.html | NOAA Historical Hurricane Tracks - https://coast.noaa.gov/hurricanes/;Japon
1992290N11253;YOLANDA;typhon;;10.8;-107.2;7.0;15/10/1992;500000.0;0.4;;False;International Best Track Archive for Climate Stewardship (IBTrACS) - NOAA - https://www.ncdc.noaa.gov/ibtracs/;Philippines
1992297N26299;FRANCES;ouragan;;32.1;-57.4;7.0;24/10/1992;65000.0;0.7;;False;National Hurricane Center (NHC) - https://www.nhc.noaa.gov/data/tcr/AL071992_Frances.pdf;Bermudes
1992298N10188;DAN;typhon;;25.7;151.6;7.0;02/11/1992;50000.0;0.7;;False;NOAA Historical Hurricane Tracks - https://coast.noaa.gov/hurricanes/?redirect=301ocm;Japon
1992302N06150;ELSIE;typhon;;23.3;134.5;7.0;06/11/1992;500000.0;0.7;;False;Japan Meteorological Agency (JMA) - https://www.jma.go.jp/jma/indexe.html | International Best Track Archive for Climate Stewardship (IBTrACS) - https://www.ncdc.noaa.gov/ibtracs/;Japon
1992314N08141;FORREST;typhon;;10.4;117.8;7.5;12/11/1992;500000.0;0.4;;False;National Hurricane Center / IBTrACS - https://www.ncei.noaa.gov/products/international-best-track-archive;Philippines
1992318N06182;GAY;typhon;;27.0;131.9;7.0;30/11/1992;500000.0;0.7;;False;Japan Meteorological Agency (JMA) - https://www.jma.go.jp/jma/indexe.html | International Best Track Archive for Climate Stewardship (IBTrACS) - https://www.ncdc.noaa.gov/ibtracs/;Japon
1992318N11160;HUNT;typhon;;21.6;140.2;7.0;20/11/1992;50000.0;0.7;;False;NOAA Historical Hurricane Tracks - https://coast.noaa.gov/hurricanes/?storm=1992318N11160;Japon
1992338S04173;JONI;cyclone;;-24.3;183.6;7.0;12/12/1992;50000.0;0.4;;False;NOAA Historical Hurricane Tracks - https://coast.noaa.gov/hurricanes/?redirect=301ocm;Fidji
1992357S13143;NINA;cyclone;;-11.4;164.9;7.0;02/01/1993;50000.0;0.3;;False;NOAA Historical Hurricane Tracks - https://coast.noaa.gov/hurricanes/?redirect=301ocm;Îles Salomon
1992358S07161;KINA;cyclone;;-25.8;191.4;7.0;05/01/1993;150000.0;0.6;;False;NOAA Historical Hurricane Tracks - https://coast.noaa.gov/hurricanes/?redirect=301ocm;Fidji
1993012S09074;COLINA;cyclone;;-25.2;55.4;5.0;20/01/1993;50000.0;0.6;;False;Météo-France / Firinga.com - https://www.firinga.com/cyclone-colina-1993;Maurice
1993034S14191;MICK;cyclone;;-29.6;178.5;5.0;09/02/1993;5000.0;0.3;;False;NOAA Historical Hurricane Tracks - https://coast.noaa.gov/hurricanes/?storm=1993034S14191;Nouvelle-Zélande
1993043S11193;NISHA;cyclone;;-23.0;-154.4;5.0;14/02/1993;20000.0;0.3;;False;NOAA Historical Hurricane Tracks - https://coast.noaa.gov/hurricanes/;Polynésie française
1993053S12161;POLLY;cyclone;;-23.9;164.6;7.0;01/03/1993;50000.0;0.6;;False;Météo-France - https://www.meteo.fr/temps/domtom/ Nouvelle-Calédonie / Archives cycloniques - https://www.meteo.nc/nouvelle-caledonie/observations/archives-cycloniques;Nouvelle-Calédonie
1993061S14042;IONIA;cyclone;;-23.4;48.7;7.0;05/03/1993;500000.0;0.4;;False;NOAA Historical Hurricane Tracks - https://coast.noaa.gov/hurricanes/;Madagascar
1993069S08164;ROGER;cyclone;;-22.9;165.6;5.0;21/03/1993;50000.0;0.6;;False;Météo-France - https://www.meteo.fr/temps/domtom/ Nouvelle-Calédonie / Archives cycloniques - https://www.meteo.nc/cyclones/archives;Nouvelle-Calédonie
1993083S12181;PREMA;cyclone;;-22.5;170.8;7.0;31/03/1993;50000.0;0.6;;False;Météo-France - https://www.meteofrance.nc/cyclones/passe/prema-1993;Nouvelle-Calédonie
1993131S04158;ADEL;cyclone;;-10.0;145.6;5.0;16/05/1993;50000.0;0.3;;False;NOAA Historical Hurricane Tracks - https://coast.noaa.gov/hurricanes/;Papouasie-Nouvelle-Guinée
1993169N21268;ARLENE;ouragan;;23.8;-94.1;5.0;19/06/1993;50000.0;0.6;;False;National Hurricane Center (NHC) - https://www.nhc.noaa.gov/data/tcr/AL021993_Arlene.pdf;Mexique
1993186N13262;CALVIN;ouragan;;21.3;-106.2;7.0;08/07/1993;500000.0;0.6;;False;National Hurricane Center (NHC) - https://www.nhc.noaa.gov/archive/1993/CALVIN.shtml;Mexique
1993197N11247;EUGENE;ouragan;;19.4;-140.8;4.0;22/07/1993;50000.0;0.7;;False;National Hurricane Center (NHC) - https://www.nhc.noaa.gov/data/;États-Unis (Hawaï)
1993199N10156;NATHAN;typhon;;25.6;139.1;7.0;23/07/1993;50000.0;0.7;;False;Japan Meteorological Agency (JMA) - https://www.jma.go.jp/jma/indexe.html;Japon
1993205N15137;OFELIA;typhon;;27.3;132.3;7.0;26/07/1993;50000.0;0.6;;False;Japan Meteorological Agency (JMA) - https://www.jma.go.jp/jma/indexe.html;Japon
1993207N19130;PERCY;typhon;;29.4;129.0;7.0;29/07/1993;50000.0;0.6;;False;Japan Meteorological Agency (JMA) - https://www.jma.go.jp/jma/indexe.html | International Best Track Archive for Climate Stewardship (IBTrACS) - https://www.ncdc.noaa.gov/ibtracs/;Japon
1993211N07161;ROBYN;typhon;;33.2;129.5;7.0;09/08/1993;500000.0;0.7;;False;Japan Meteorological Agency (JMA) - https://www.jma.go.jp/jma/indexe.html;Japon
1993217N10320;BRET;ouragan;;10.3;-46.3;5.0;05/08/1993;50000.0;0.7;;False;National Hurricane Center (NHC) - https://www.nhc.noaa.gov/archive/1993/BRET.shtml;Trinité-et-Tobago
1993221N13256;FERNANDA;ouragan;;14.3;-111.9;7.0;10/08/1993;5000.0;0.2;;False;National Hurricane Center (NHC) - https://www.nhc.noaa.gov/data/hurdat/hurdat2-nepac-1949-2022-041323.txt;Mexique
1993224N07153;TASHA;typhon;;8.9;137.8;5.0;14/08/1993;50000.0;0.4;;False;Joint Typhoon Warning Center (JTWC) - https://www.metoc.navy.mil/jtwc/jtwc.html;Philippines
1993229N10159;VERNON;typhon;;38.0;141.9;7.0;27/08/1993;500000.0;0.7;;False;Japan Meteorological Agency (JMA) - https://www.jma.go.jp/jma/indexe.html | NOAA Historical Hurricane Tracks - https://coast.noaa.gov/hurricanes/;Japon
1993240N17142;YANCY;typhon;;30.9;130.3;8.0;03/09/1993;500000.0;0.7;;False;Japan Meteorological Agency (JMA) - https://www.jma.go.jp/jma/indexe.html | NOAA Historical Hurricane Tracks - https://coast.noaa.gov/hurricanes/;Japon
1993246N16129;ZOLA;typhon;;32.8;134.3;7.0;08/09/1993;500000.0;0.7;;False;Japan Meteorological Agency (JMA) - https://www.jma.go.jp/jma/indexe.html;Japon
1993251N25293;FLOYD;ouragan;;32.1;-69.6;7.0;08/09/1993;500000.0;0.7;;False;National Hurricane Center (NHC) - https://www.nhc.noaa.gov/data/tcr/AL081993_Floyd.pdf;États-Unis
1993252N11265;LIDIA;ouragan;;24.7;-107.2;7.0;13/09/1993;50000.0;0.6;;False;National Hurricane Center (NHC) - https://www.nhc.noaa.gov/archive/1993/LIDIA.shtml;Mexique
1993253N06150;BECKY;typhon;;6.0;150.0;7.0;09/09/1993;50000.0;0.4;;False;Joint Typhoon Warning Center (JTWC) - https://www.metoc.navy.mil/jtwc/jtwc.html;Papouasie-Nouvelle-Guinée
1993258N11279;GERT;ouragan;;20.9;-100.2;7.0;21/09/1993;500000.0;0.6;;False;National Hurricane Center (NHC) - https://www.nhc.noaa.gov/archive/1993/GERT.shtml;Mexique
1993262N27298;HARVEY;ouragan;;32.3;-58.3;5.0;20/09/1993;50000.0;0.7;;False;National Hurricane Center (NHC) - https://www.nhc.noaa.gov/data/hurdat/hurdat2-1851-2020-052921.txt;Bermudes
1993263N11168;CECIL;typhon;;13.0;162.1;7.0;21/09/1993;50000.0;0.3;;False;NOAA Historical Hurricane Tracks - https://coast.noaa.gov/hurricanes/?storm=1993263N11168;Philippines
1993270N07153;ED;typhon;;28.5;138.1;7.0;07/10/1993;50000.0;0.4;;False;Japan Meteorological Agency (JMA) - https://www.jma.go.jp/jma/indexe.html;Japon
1993271N14134;FLO;typhon;;22.9;127.5;7.0;07/10/1993;500000.0;0.4;;False;Japan Meteorological Agency (JMA) - https://www.jma.go.jp/jma/indexe.html | NOAA Historical Hurricane Tracks - https://coast.noaa.gov/hurricanes/;Japon
1993275N04159;GENE;typhon;;27.2;134.2;7.0;10/10/1993;50000.0;0.4;;False;Japan Meteorological Agency (JMA) - https://www.jma.go.jp/jma/indexe.html;Japon
1993285N12192;HATTIE;typhon;;13.3;162.7;5.0;19/10/1993;15000.0;0.3;;False;International Best Track Archive for Climate Stewardship (IBTrACS) - NOAA - https://www.ncei.noaa.gov/products/international-best-track-archive;Îles Marshall
1993331N05172;LOLA;typhon;;9.8;140.4;7.0;02/12/1993;50000.0;0.3;;False;NOAA Historical Hurricane Tracks - https://coast.noaa.gov/hurricanes/?storm=1993331N05172;Micronésie (États fédérés de Micronésie)
1993336N05164;MANNY;typhon;;7.0;154.1;7.0;03/12/1993;50000.0;0.4;;False;NOAA Historical Hurricane Tracks - https://coast.noaa.gov/hurricanes/?storm=1993336N05164;États fédérés de Micronésie
1993360S04171;REWA;cyclone;;-29.4;159.8;7.0;21/01/1994;50000.0;0.4;;False;Australian Bureau of Meteorology - http://www.bom.gov.au/cyclone/history/rewatc.shtml;Îles Salomon
1994012S09075;EDMEA;cyclone;;-28.7;68.3;5.0;18/01/1994;50000.0;0.3;;False;International Best Track Archive for Climate Stewardship (IBTrACS) - https://www.ncdc.noaa.gov/ibtracs/;Maurice
1994019S17174;SARAH;cyclone;;-15.7;168.3;7.0;20/01/1994;50000.0;0.3;;False;International Best Track Archive for Climate Stewardship (IBTrACS) - https://www.ncdc.noaa.gov/ibtracs/;Vanuatu
1994028S11136;SADIE;cyclone;;-18.0;142.1;5.0;31/01/1994;50000.0;0.4;;False;International Best Track Archive for Climate Stewardship (IBTrACS) - https://www.ncdc.noaa.gov/ibtracs/;Australie
1994053S08155;THEODORE;cyclone;;-16.6;161.1;7.0;26/02/1994;50000.0;0.4;;False;International Best Track Archive for Climate Stewardship (IBTrACS) - NOAA - https://www.ncdc.noaa.gov/ibtracs/;Vanuatu
1994064S13099;LITANNE;cyclone;;-25.0;48.9;7.0;17/03/1994;50000.0;0.4;;False;International Best Track Archive for Climate Stewardship (IBTrACS) - NOAA - https://www.ncdc.noaa.gov/ibtracs/;Madagascar
1994078S06184;THOMAS:TOMAS;cyclone;;-10.4;174.5;7.0;21/03/1994;50000.0;0.4;;False;NOAA Historical Hurricane Tracks - https://coast.noaa.gov/hurricanes/?redirect=301ocm;Fidji
1994081S11154;USHA;cyclone;;-33.1;177.3;5.0;02/04/1994;5000.0;0.3;;False;International Best Track Archive for Climate Stewardship (IBTrACS) - https://www.ncdc.noaa.gov/ibtracs/;Nouvelle-Zélande
1994086S08092;ODILLE;cyclone;;-28.8;71.8;7.0;14/04/1994;50000.0;0.3;;False;International Best Track Archive for Climate Stewardship (IBTrACS) - NOAA - https://www.ncei.noaa.gov/products/international-best-track-archive;La Réunion (France)
1994087S10115;TIM;cyclone;;-11.2;98.2;7.0;02/04/1994;50000.0;0.4;;False;International Best Track Archive for Climate Stewardship (IBTrACS) - NOAA - https://www.ncei.noaa.gov/products/international-best-track-archive;Indonésie
1994116S05095;WILLY;cyclone;;-15.7;92.7;7.0;01/05/1994;50000.0;0.3;;False;International Best Track Archive for Climate Stewardship (IBTrACS) - https://www.ncdc.noaa.gov/ibtracs/;Australie
1994128N04155;PAGE;typhon;;26.1;143.6;7.0;16/05/1994;50000.0;0.3;;False;Japan Meteorological Agency (JMA) - https://www.jma.go.jp/jma/indexe.html | International Best Track Archive for Climate Stewardship (IBTrACS) - https://www.ncdc.noaa.gov/ibtracs/;Japon
1994153N19113;RUSS;typhon;;24.3;110.7;7.0;09/06/1994;500000.0;0.6;;False;NOAA Historical Hurricane Tracks - https://coast.noaa.gov/hurricanes/?storm=1994153N19113;Chine
1994169N06152;SHARON;typhon;;12.5;127.5;7.0;22/06/1994;500000.0;0.4;;False;NOAA Historical Hurricane Tracks - https://coast.noaa.gov/hurricanes/?storm=1994169N06152;Philippines
1994178N16248;BUD;ouragan;;16.8;-117.5;5.0;28/06/1994;50000.0;0.7;;False;National Hurricane Center (NHC) - https://www.nhc.noaa.gov/data/hurdat/hurdat2-nepac-1949-2022-050423.txt;Mexique
1994186N09139;TIM;typhon;;23.3;121.5;7.0;10/07/1994;500000.0;0.6;;False;Joint Typhoon Warning Center (JTWC) - https://www.metoc.navy.mil/jtwc/jtwc.html;Taïwan
1994189N16117;VANESSA;typhon;;23.0;119.0;7.0;11/07/1994;500000.0;0.6;;False;Joint Typhoon Warning Center (JTWC) - https://www.metoc.navy.mil/jtwc/jtwc.html;Taïwan
1994191N08141;ZEKE;typhon;;39.7;156.4;7.0;24/07/1994;50000.0;0.3;;False;NOAA Historical Hurricane Tracks - https://coast.noaa.gov/hurricanes/?storm=1994191N08141;Japon
1994202N11238;GILMA;typhon;;11.0;-121.9;7.0;21/07/1994;50000.0;0.4;;False;NOAA Historical Hurricane Tracks - https://coast.noaa.gov/hurricanes/?storm=1994202N11238;Philippines
1994206N14131;BRENDAN;typhon;;29.7;125.8;7.0;31/07/1994;500000.0;0.6;;False;Japan Meteorological Agency (JMA) - https://www.jma.go.jp/jma/indexe.html | NOAA Historical Hurricane Tracks - https://coast.noaa.gov/hurricanes/;Japon
1994215N30149;ELLIE;typhon;;40.9;123.7;7.0;16/08/1994;500000.0;0.6;;False;Japan Meteorological Agency (JMA) - https://www.jma.go.jp/jma/indexe.html | NOAA Historical Hurricane Tracks - https://coast.noaa.gov/hurricanes/;Chine
1994222N11267;JOHN;ouragan;;33.4;183.3;7.0;09/09/1994;50000.0;0.7;;False;National Hurricane Center (NHC) - https://www.nhc.noaa.gov/archive/1994/JOHN.shtml;États-Unis (Hawaï)
1994224N20152;FRED;typhon;;39.5;128.7;7.0;25/08/1994;500000.0;0.6;;False;National Hurricane Center (NHC) / IBTrACS - https://www.ncei.noaa.gov/products/international-best-track-archive;Corée du Nord
1994227N29273;BERYL;ouragan;;36.5;-82.1;5.0;17/08/1994;50000.0;0.7;;False;National Hurricane Center (NHC) - https://www.nhc.noaa.gov/data/hurdat/hurdat2-1851-2022-050423.txt;États-Unis
1994229N11321;CHRIS;ouragan;;37.0;-61.6;5.0;22/08/1994;50000.0;0.7;;False;National Hurricane Center (NHC) - https://www.nhc.noaa.gov/data/hurdat/hurdat2-1851-2022-050423.txt;Bermudes
1994237N24167;IVY;typhon;;42.4;167.0;7.0;04/09/1994;5000.0;0.3;;False;Japan Meteorological Agency (JMA) - https://www.jma.go.jp/jma/indexe.html | NOAA Historical Hurricane Tracks - https://coast.noaa.gov/hurricanes/;Japon
1994244N07151;KINNA;typhon;;35.2;143.9;7.0;11/09/1994;50000.0;0.7;;False;Japan Meteorological Agency (JMA) - https://www.jma.go.jp/jma/indexe.html;Japon
1994251N10180;MELISSA;cyclone;;33.2;151.7;5.0;17/09/1994;50000.0;0.7;;False;NOAA Historical Hurricane Tracks - https://coast.noaa.gov/hurricanes/?storm=1994251N10180;Australie
1994257N13139;NAT;typhon;;16.2;153.1;7.0;17/09/1994;50000.0;0.3;;False;NOAA Historical Hurricane Tracks - https://coast.noaa.gov/hurricanes/?stormids=1994257N13139;Îles Mariannes du Nord (États-Unis)
1994259N12128;ORCHID;typhon;;33.5;135.4;7.0;29/09/1994;500000.0;0.7;;False;Japan Meteorological Agency (JMA) - https://www.jma.go.jp/jma/indexe.html;Japon
1994263N17170;PAT;typhon;;27.8;156.9;7.0;24/09/1994;50000.0;0.3;;False;Japan Meteorological Agency (JMA) - https://www.jma.go.jp/jma/indexe.html | NOAA Historical Hurricane Tracks - https://coast.noaa.gov/hurricanes/;Japon
1994265N16149;PAT:RUTH;typhon;;26.5;155.9;7.0;25/09/1994;50000.0;0.3;;False;NOAA Historical Hurricane Tracks - https://coast.noaa.gov/hurricanes/?storm=1994265N16149;Japon
1994272N40159;PAT;typhon;;39.5;159.0;7.0;29/09/1994;50000.0;0.3;;False;Japan Meteorological Agency (JMA) - https://www.jma.go.jp/jma/indexe.html | NOAA Historical Hurricane Tracks - https://coast.noaa.gov/hurricanes/;Japon
1994273N08176;SETH;cyclone;;9.8;159.9;6.0;02/10/1994;50000.0;0.4;;False;NOAA Historical Hurricane Tracks - https://coast.noaa.gov/hurricanes/?storm=1994273N08176;Îles Salomon
1994282N17247;ROSA;ouragan;;21.2;-106.8;7.0;14/10/1994;50000.0;0.6;;False;NOAA Historical Hurricane Tracks - https://coast.noaa.gov/hurricanes/?redirect=301ocm;Mexique
1994287N08176;VERNE;typhon;;12.2;156.9;7.0;17/10/1994;50000.0;0.3;;False;NOAA Historical Hurricane Tracks - https://coast.noaa.gov/hurricanes/?storm=1994287N08176;Philippines
1994291N12170;WILDA;typhon;;32.1;152.7;7.0;31/10/1994;5000.0;0.3;;False;Japan Meteorological Agency (JMA) - https://www.jma.go.jp/jma/indexe.html | NOAA Historical Hurricane Tracks - https://coast.noaa.gov/hurricanes/;Japon
1994295N25188;YURI;typhon;;24.2;179.8;8.0;22/10/1994;50000.0;0.3;;False;NOAA Historical Hurricane Tracks - https://coast.noaa.gov/hurricanes/?storm=1994295N25188;Japon
1994298N25161;ZELDA;typhon;;29.5;137.6;7.0;07/11/1994;50000.0;0.4;;False;Japan Meteorological Agency (JMA) - https://www.jma.go.jp/jma/indexe.html | International Best Track Archive for Climate Stewardship (IBTrACS) - https://www.ncdc.noaa.gov/ibtracs/;Japon
1994306N23313;FLORENCE;ouragan;;35.4;-53.1;5.0;07/11/1994;50000.0;0.3;;False;National Hurricane Center (NHC) - https://www.nhc.noaa.gov/data/hurdat/hurdat2-1851-2022-050423.txt;États-Unis
1994313N12278;GORDON;ouragan;;30.0;-76.7;7.0;17/11/1994;500000.0;0.7;;False;National Hurricane Center (NHC) - https://www.nhc.noaa.gov/archive/1994/1994GORDON.shtml;États-Unis
1994325S06076;ALBERTINE;cyclone;;-29.9;64.0;7.0;02/12/1994;50000.0;0.3;;False;International Best Track Archive for Climate Stewardship (IBTrACS) - https://www.ncdc.noaa.gov/ibtracs/;Maurice
1994344S09112;ANNETTE;cyclone;;-24.5;123.7;7.0;19/12/1994;50000.0;0.3;;False;International Best Track Archive for Climate Stewardship (IBTrACS) - NOAA - https://www.ncei.noaa.gov/products/international-best-track-archive;Australie
1994348N04175;BOBBIE;typhon;;22.2;135.3;7.0;26/12/1994;50000.0;0.4;;False;Japan Meteorological Agency (JMA) - https://www.jma.go.jp/jma/indexe.html | NOAA Historical Hurricane Tracks - https://coast.noaa.gov/hurricanes/;Japon
1994362S11054;CHRISTELLE;cyclone;;-26.1;60.4;7.0;10/01/1995;50000.0;0.3;;False;International Best Track Archive for Climate Stewardship (IBTrACS) - NOAA - https://www.ncdc.noaa.gov/ibtracs/;Maurice
1994364S11195;WILLIAM;ouragan;;-20.9;-155.8;5.0;02/01/1995;50000.0;0.7;;False;National Hurricane Center (NHC) - https://www.nhc.noaa.gov/archive/1995/1995WILLIAM.shtml;États-Unis (Hawaï)
1995017S10078;DORINA;cyclone;;-34.0;61.7;5.0;31/01/1995;50000.0;0.3;;False;International Best Track Archive for Climate Stewardship (IBTrACS) - https://www.ncdc.noaa.gov/ibtracs/;Maurice
1995020S20038;FODAH;cyclone;;-33.6;46.4;5.0;27/01/1995;50000.0;0.4;;False;International Best Track Archive for Climate Stewardship (IBTrACS) - NOAA - https://www.ncei.noaa.gov/products/international-best-track-archive;Madagascar
1995032S10074;GAIL;cyclone;;-28.1;60.2;5.0;10/02/1995;50000.0;0.4;;False;International Best Track Archive for Climate Stewardship (IBTrACS) - https://www.ncdc.noaa.gov/ibtracs/;Maurice
1995049S11133;BOBBY;cyclone;;-29.6;122.5;7.0;27/02/1995;50000.0;0.4;;False;Bureau of Meteorology (Australie) - https://www.bom.gov.au;Australie
1995059S11155;VIOLET;cyclone;;-23.7;159.2;7.0;05/03/1995;50000.0;0.4;;False;NOAA Historical Hurricane Tracks - https://coast.noaa.gov/hurricanes/?redirect=301ocm;Fidji
1995064S13055;KYLIE;cyclone;;-26.2;53.4;5.0;14/03/1995;50000.0;0.4;;False;International Best Track Archive for Climate Stewardship (IBTrACS) - NOAA - https://www.ncei.noaa.gov/products/international-best-track-archive;Maurice
1995088S10078;MARLENE;cyclone;;-19.8;79.5;7.0;10/04/1995;50000.0;0.4;;False;International Best Track Archive for Climate Stewardship (IBTrACS) - NOAA - https://www.ncei.noaa.gov/products/international-best-track-archive;Madagascar
1995148N07150;DEANNA;typhon;;23.9;121.2;7.0;08/06/1995;500000.0;0.6;;False;Joint Typhoon Warning Center (JTWC) - https://www.metoc.navy.mil/jtwc/jtwc.html;Taïwan
1995150N05156;ELI;typhon;;23.9;138.4;7.0;08/06/1995;50000.0;0.4;;False;Japan Meteorological Agency (JMA) - https://www.jma.go.jp/jma/indexe.html | NOAA Historical Hurricane Tracks - https://coast.noaa.gov/hurricanes/;Japon
1995186N32288;BARRY;ouragan;;38.7;-66.0;5.0;09/07/1995;50000.0;0.8;;False;National Hurricane Center (NHC) - https://www.nhc.noaa.gov/data/hurdat/hurdat2-1851-2022-050423.txt;États-Unis
1995193N06156;FAYE;typhon;;37.7;129.3;5.0;23/07/1995;50000.0;0.7;;False;Japan Meteorological Agency (JMA) - https://www.jma.go.jp/jma/indexe.html;Corée du Sud
1995193N17305;CHANTAL;ouragan;;37.6;-61.4;5.0;19/07/1995;50000.0;0.7;;False;National Hurricane Center (NHC) - https://www.nhc.noaa.gov/data/hurdat/hurdat2-1851-2022-041923.txt;Bermudes
1995206N15133;GARY;typhon;;16.1;130.4;5.0;25/07/1995;50000.0;0.4;;False;NOAA IBTrACS - https://www.ncei.noaa.gov/data/international-best-track-archive-for-climate-stewardship-ibtracs/v04r00/access/csv/ibtracs.ALL.list.v04r00.csv;Philippines
1995212N22287;ERIN;ouragan;;28.2;-81.9;6.0;02/08/1995;500000.0;0.7;;False;National Hurricane Center (NHC) - https://www.nhc.noaa.gov/data/tcr/AL061995_Erin.pdf;États-Unis
1995220N14329;FELIX;ouragan;;15.0;-34.4;7.0;08/08/1995;50000.0;0.3;;False;National Hurricane Center (NHC) - https://www.nhc.noaa.gov/data/hurdat/hurdat2-1851-2022-050423.txt;Cap-Vert
1995229N12144;JANIS;typhon;;12.0;144.0;7.0;17/08/1995;50000.0;0.4;;False;NOAA International Best Track Archive for Climate Stewardship (IBTrACS) - https://www.ncdc.noaa.gov/ibtracs/;Guam (États-Unis)
1995233N16115;LOIS;typhon;;18.4;102.4;7.0;30/08/1995;500000.0;0.4;;False;International Best Track Archive for Climate Stewardship (IBTrACS) - NOAA - https://www.ncei.noaa.gov/products/international-best-track-archive;Laos
1995235N13311;IRIS;ouragan;;30.1;-59.4;7.0;02/09/1995;50000.0;0.7;;False;National Hurricane Center (NHC) - https://www.nhc.noaa.gov/archive/1995/IRIS.shtml;Bermudes
1995236N10134;KENT;typhon;;24.4;109.6;7.0;01/09/1995;500000.0;0.6;;False;Joint Typhoon Warning Center (JTWC) - https://www.metoc.navy.mil/jtwc/jtwc.html | International Best Track Archive for Climate Stewardship (IBTrACS) - https://www.ncdc.noaa.gov/ibtracs/;Chine
1995239N15327;KAREN;ouragan;;24.6;-53.3;7.0;01/09/1995;50000.0;0.3;;False;National Hurricane Center (NHC) - https://www.nhc.noaa.gov/archive/1995/KAREN.shtml;Bermudes
1995240N24151;MARK;typhon;;34.0;159.7;7.0;01/09/1995;50000.0;0.3;;False;Joint Typhoon Warning Center (JTWC) - https://www.metoc.navy.mil/jtwc/jtwc.html;Japon
1995241N11333;LUIS;ouragan;;28.0;-69.7;8.5;09/09/1995;500000.0;0.7;;False;National Hurricane Center (NHC) - https://www.nhc.noaa.gov/data/tcr/AL131995_Luis.pdf;Antigua-et-Barbuda
1995244N08139;NINA;typhon;;9.4;137.0;7.0;01/09/1995;50000.0;0.4;;False;Joint Typhoon Warning Center (JTWC) - https://www.metoc.navy.mil/jtwc/jtwc.html;Philippines
1995250N09161;OSCAR;typhon;;31.2;138.3;7.0;16/09/1995;50000.0;0.7;;False;Japan Meteorological Agency (JMA) - https://www.jma.go.jp/jma/indexe.html;Japon
1995252N08142;POLLY;typhon;;11.6;136.5;7.0;10/09/1995;50000.0;0.4;;False;Joint Typhoon Warning Center (JTWC) - https://www.metoc.navy.mil/jtwc/jtwc.html;Philippines
1995256N15253;ISMAEL;ouragan;;26.2;-109.1;7.0;15/09/1995;50000.0;0.6;;False;National Hurricane Center (NHC) - https://www.nhc.noaa.gov/data/hurdat/hurdat2-1851-2022-050423.txt;Mexique
1995258N14115;RYAN;typhon;;25.7;125.3;7.0;22/09/1995;50000.0;0.6;;False;NOAA International Best Track Archive for Climate Stewardship (IBTrACS) - https://www.ncei.noaa.gov/products/international-best-track-archive;Japon
1995264N06174;SIBYL;typhon;;6.0;174.1;7.0;21/09/1995;50000.0;0.3;;False;NOAA Historical Hurricane Tracks - https://coast.noaa.gov/hurricanes/;Îles Marshall
1995270N10322;NOEL;ouragan;;33.2;-33.5;5.0;07/10/1995;50000.0;0.7;;False;NOAA Historical Hurricane Tracks - https://coast.noaa.gov/hurricanes/?redirect=301ocm;Açores (Portugal)
1995271N19273;OPAL;ouragan;;26.6;-88.8;8.0;04/10/1995;200000.0;0.7;;False;National Hurricane Center (NHC) - https://www.nhc.noaa.gov/data/tcr/AL161995_Opal.pdf;États-Unis
1995278N08329;PABLO;ouragan;;8.8;-33.9;5.0;05/10/1995;50000.0;0.3;;False;National Hurricane Center (NHC) - https://www.nhc.noaa.gov/archive/1995/1995PABLO.shtml;Cap-Vert
1995287N08163;WARD;typhon;;29.7;141.0;7.0;22/10/1995;50000.0;0.3;;False;Japan Meteorological Agency (JMA) - https://www.jma.go.jp/jma/indexe.html | NOAA Historical Hurricane Tracks - https://coast.noaa.gov/hurricanes/;Japon
1995292N08150;YVETTE;typhon;;12.0;127.4;7.0;23/10/1995;500000.0;0.4;;False;Joint Typhoon Warning Center (JTWC) - https://www.metoc.navy.mil/jtwc/jtwc.html;Philippines
1995293N05177;ANGELA;typhon;;8.4;158.3;7.0;23/10/1995;50000.0;0.4;;False;NOAA Historical Hurricane Tracks - https://coast.noaa.gov/hurricanes/?storm=1995293N05177;Philippines
1995294N05163;ZACK;typhon;;5.3;159.0;7.0;21/10/1995;50000.0;0.3;;False;NOAA Historical Hurricane Tracks - https://coast.noaa.gov/hurricanes/?storm=1995294N05163;États fédérés de Micronésie
1995300N25301;TANYA;ouragan;;35.8;-47.1;5.0;31/10/1995;50000.0;0.3;;False;National Hurricane Center (NHC) - https://www.nhc.noaa.gov/data/hurdat/hurdat2-1851-2022-050423.txt;Bermudes
1995302N17174;BRIAN;typhon;;16.0;167.2;7.0;30/10/1995;50000.0;0.4;;False;NOAA Historical Hurricane Tracks - https://coast.noaa.gov/hurricanes/?storm=1995302N17174;Vanuatu
1995314N25186;COLLEEN;typhon;;22.1;181.7;7.0;11/11/1995;50000.0;0.4;;False;NOAA Historical Hurricane Tracks - https://coast.noaa.gov/hurricanes/?storm=1995314N25186;Îles Marshall
1995336S10106;EMMA;cyclone;;-10.8;103.5;7.0;02/12/1995;50000.0;0.4;;False;International Best Track Archive for Climate Stewardship (IBTrACS) - NOAA - https://www.ncdc.noaa.gov/ibtracs/;Indonésie
1995348S15135;GERTIE;cyclone;;-23.5;125.9;5.0;21/12/1995;5000.0;0.3;;False;International Best Track Archive for Climate Stewardship (IBTrACS) - NOAA - https://www.ncei.noaa.gov/products/international-best-track-archive;Australie
1995357N07139;DAN;typhon;;17.1;132.2;7.0;30/12/1995;50000.0;0.3;;False;JTWC Best Track Data - https://www.metoc.navy.mil/jtwc/jtwc.html;Philippines
1996015S18182;YASI;cyclone;;-24.5;-164.6;7.0;18/01/1996;50000.0;0.4;;False;NOAA Historical Hurricane Tracks - https://coast.noaa.gov/hurricanes/?redirect=301ocm;Fidji
1996021S16152;CELESTE;cyclone;;-18.0;166.0;7.0;31/01/1996;50000.0;0.4;;False;NOAA Historical Hurricane Tracks - https://coast.noaa.gov/hurricanes/?redirect=301ocm;Vanuatu
1996049S10068;EDWIGE;cyclone;;-20.9;65.1;7.0;24/02/1996;50000.0;0.4;;False;Météo-France / Centre des Cyclones Tropicaux de La Réunion - https://www.meteofrance.re/;Maurice
1996064S12155;ATU;cyclone;;-19.2;165.2;7.0;10/03/1996;50000.0;0.4;;False;NOAA International Best Track Archive for Climate Stewardship (IBTrACS) - https://www.ncdc.noaa.gov/ibtracs/;Vanuatu
1996066S17129;KIRSTY;cyclone;;-31.1;123.7;5.0;14/03/1996;5000.0;0.3;;False;International Best Track Archive for Climate Stewardship (IBTrACS) - NOAA - https://www.ncdc.noaa.gov/ibtracs/;Australie
1996067S16138;ETHEL;cyclone;;-21.1;150.2;7.0;16/03/1996;50000.0;0.6;;False;International Best Track Archive for Climate Stewardship (IBTrACS) - NOAA - https://www.ncei.noaa.gov/products/international-best-track-archive;Australie
1996069S21166;ZAKA;cyclone;;-22.7;171.4;7.0;10/03/1996;50000.0;0.4;;False;NOAA Historical Hurricane Tracks - https://coast.noaa.gov/hurricanes/?storm=1996069S21166;Nouvelle-Calédonie
1996071S25177;ZAKA;cyclone;;-25.0;176.5;5.0;10/03/1996;5000.0;0.3;;False;International Best Track Archive for Climate Stewardship (IBTrACS) - NOAA - https://www.ncei.noaa.gov/products/international-best-track-archive;Fidji
1996079S12170;BETI;cyclone;;-26.7;169.9;5.0;28/03/1996;5000.0;0.3;;False;International Best Track Archive for Climate Stewardship (IBTrACS) - NOAA - https://www.ncdc.noaa.gov/ibtracs/;Nouvelle-Calédonie (France)
1996090N04150;ANN;typhon;;8.7;138.0;5.0;04/04/1996;50000.0;0.4;;False;NOAA International Best Track Archive for Climate Stewardship (IBTrACS) - https://www.ncdc.noaa.gov/ibtracs/;Philippines
1996095S09133;OLIVIA;cyclone;;-21.4;116.1;7.0;10/04/1996;50000.0;0.6;;False;NOAA Historical Hurricane Tracks - https://coast.noaa.gov/hurricanes/?storm=1996095S09133;Australie
1996122S05093;JENNA;cyclone;;-18.4;93.7;7.0;06/05/1996;50000.0;0.3;;False;International Best Track Archive for Climate Stewardship (IBTrACS) - NOAA - https://www.ncei.noaa.gov/products/international-best-track-archive;Australie
1996128N07138;BART;typhon;;23.5;133.4;7.0;17/05/1996;50000.0;0.6;;False;Japan Meteorological Agency (JMA) - https://www.jma.go.jp/jma/indexe.html | International Best Track Archive for Climate Stewardship (IBTrACS) - https://www.ncdc.noaa.gov/ibtracs/;Japon
1996137N13111;CAM;typhon;;23.7;128.1;7.0;24/05/1996;500000.0;0.4;;False;Japan Meteorological Agency (JMA) - https://www.jma.go.jp/jma/indexe.html | International Best Track Archive for Climate Stewardship (IBTrACS) - https://www.ncdc.noaa.gov/ibtracs/;Japon
1996170N27282;ARTHUR;ouragan;;37.3;-70.3;5.0;21/06/1996;50000.0;0.7;;False;National Hurricane Center (NHC) - https://www.nhc.noaa.gov/data/hurdat/hurdat2-1851-2022-050423.txt;États-Unis
1996186N19156;DAN;cyclone;;37.8;145.6;5.0;11/07/1996;50000.0;0.7;;False;International Best Track Archive for Climate Stewardship (IBTrACS) - https://www.ncdc.noaa.gov/ibtracs/;Australie
1996187N10326;BERTHA;ouragan;;9.8;-34.0;7.0;05/07/1996;50000.0;0.3;;False;National Hurricane Center (NHC) - https://www.nhc.noaa.gov/data/hurdat/hurdat2-1851-2021-041923.txt;Cap-Vert
1996192N19152;EVE;typhon;;34.3;151.6;7.0;24/07/1996;500000.0;0.7;;False;Japan Meteorological Agency (JMA) - https://www.jma.go.jp/jma/indexe.html;Japon
1996207N12297;CESAR;ouragan;;11.8;-62.6;7.0;24/07/1996;50000.0;0.6;;False;National Hurricane Center (NHC) - https://www.nhc.noaa.gov/data/hurdat/hurdat2-1851-2021-050423.txt;Venezuela
1996208N20165;JOY;typhon;;39.0;157.6;7.0;06/08/1996;50000.0;0.4;;False;NOAA Historical Hurricane Tracks - https://coast.noaa.gov/hurricanes/?storm=1996208N20165;Japon
1996209N12144;IAN;typhon;;20.5;140.3;7.0;29/07/1996;50000.0;0.3;;False;NOAA Historical Hurricane Tracks - https://coast.noaa.gov/hurricanes/?storm=1996209N12144;Japon
1996210N05156;KIRK;typhon;;13.1;135.7;7.0;03/08/1996;50000.0;0.4;;False;NOAA Historical Hurricane Tracks - https://coast.noaa.gov/hurricanes/?redirect=301ocm;Philippines
1996217N16111;LISA;typhon;;20.7;115.5;7.0;06/08/1996;500000.0;0.6;;False;Joint Typhoon Warning Center (JTWC) - https://www.metoc.navy.mil/jtwc/jtwc.html;Chine
1996227N08156;NIKI;typhon;;7.0;151.0;7.0;14/08/1996;50000.0;0.3;;False;International Best Track Archive for Climate Stewardship (IBTrACS) - NOAA - https://www.ncdc.noaa.gov/ibtracs/;Micronésie (États fédérés de Micronésie)
1996227N15176;ORSON;typhon;;35.8;146.3;7.0;02/09/1996;50000.0;0.4;;False;JTWC Best Track Data - https://www.metoc.navy.mil/jtwc/jtwc.html;Japon
1996232N21170;PIPER;ouragan;;23.8;164.2;7.0;19/08/1996;50000.0;0.4;;False;NOAA Historical Hurricane Tracks - https://coast.noaa.gov/hurricanes/?storm=1996232N21170;États-Unis (Hawaï)
1996233N12340;EDOUARD;ouragan;;42.7;-63.0;7.0;03/09/1996;500000.0;0.7;;False;National Hurricane Center (NHC) - https://www.nhc.noaa.gov/archive/1996/EDOUARD.shtml;Canada
1996240N22168;RICK;typhon;;34.1;179.7;5.0;01/09/1996;50000.0;0.3;;False;NOAA Historical Hurricane Tracks - https://coast.noaa.gov/hurricanes/?storm=1996240N22168;Japon
1996246N08148;SALLY;typhon;;19.6;118.8;7.0;08/09/1996;50000.0;0.4;;False;NOAA Historical Hurricane Tracks - https://coast.noaa.gov/hurricanes/?storm=1996246N08148;Philippines
1996248N15319;HORTENSE;ouragan;;29.0;-70.9;7.0;13/09/1996;500000.0;0.7;;False;National Hurricane Center (NHC) - https://www.nhc.noaa.gov/archive/1996/HORTENSE.shtml;Porto Rico
1996252N11162;TOM;typhon;;40.7;169.4;7.0;22/09/1996;50000.0;0.4;;False;NOAA Historical Hurricane Tracks - https://coast.noaa.gov/hurricanes/?storm=1996252N11162;Japon
1996254N13138;VIOLET;typhon;;30.0;137.0;7.0;21/09/1996;50000.0;0.6;;False;Japan Meteorological Agency (JMA) - https://www.jma.go.jp/jma/indexe.html;Japon
1996254N14258;FAUSTO;ouragan;;28.0;-107.0;5.0;14/09/1996;50000.0;0.7;;False;National Hurricane Center (NHC) - https://www.nhc.noaa.gov/archive/1996/FAUSTO.shtml;Mexique
1996261N08184;YATES;typhon;;29.1;140.9;7.0;30/09/1996;50000.0;0.6;;False;Japan Meteorological Agency (JMA) - https://www.jma.go.jp/jma/indexe.html;Japon
1996268N15140;ZANE;typhon;;29.5;141.4;7.0;01/10/1996;50000.0;0.4;;False;Japan Meteorological Agency (JMA) - https://www.jma.go.jp/jma/indexe.html;Japon
1996269N09337;ISIDORE;cyclone;;8.6;-23.3;5.0;24/09/1996;50000.0;0.4;;False;NOAA Historical Hurricane Tracks - https://coast.noaa.gov/hurricanes/?storm=1996269N09337;Cap-Vert
1996279N23264;JOSEPHINE;ouragan;;30.0;-83.9;5.0;08/10/1996;50000.0;0.7;;False;National Hurricane Center (NHC) - https://www.nhc.noaa.gov/data/hurdat/hurdat2-1851-2022-050423.txt;États-Unis
1996289N13280;LILI;ouragan;;23.5;-76.2;7.0;19/10/1996;50000.0;0.6;;False;National Hurricane Center (NHC) - https://www.nhc.noaa.gov/data/hurdat/hurdat2-1851-2021-050423.txt;Bahamas
1996289S05093;ANTOINETTE;cyclone;;-11.7;53.4;5.0;22/10/1996;50000.0;0.3;;False;International Best Track Archive for Climate Stewardship (IBTrACS) - NOAA - https://www.ncdc.noaa.gov/ibtracs/;Comores
1996291N17168;CARLO;typhon;;30.2;147.0;7.0;25/10/1996;50000.0;0.3;;False;Japan Meteorological Agency (JMA) - https://www.jma.go.jp/jma/indexe.html (archives historiques);Japon
1996307N09154;DALE;typhon;;26.2;133.9;7.0;12/11/1996;50000.0;0.6;;False;NOAA Historical Hurricane Tracks - https://coast.noaa.gov/hurricanes/?storm=1996307N09154;Japon
1996318N33146;DALE;typhon;;32.7;146.2;7.0;13/11/1996;50000.0;0.3;;False;NOAA Historical Hurricane Tracks - https://coast.noaa.gov/hurricanes/?storm=1996318N33146;Japon
1996353N05151;FERN;typhon;;19.8;150.2;7.0;30/12/1996;50000.0;0.4;;False;NOAA Historical Hurricane Tracks - https://coast.noaa.gov/hurricanes/?storm=1996353N05151;Îles Mariannes du Nord (États-Unis)
1996354S05170;FERGUS;cyclone;;-23.4;172.4;7.0;28/12/1996;5000.0;0.3;;False;International Best Track Archive for Climate Stewardship (IBTrACS) - https://www.ncdc.noaa.gov/ibtracs/;Nouvelle-Calédonie
1996356N08110;GREG;typhon;;6.3;118.2;5.0;26/12/1996;50000.0;0.4;;False;NOAA Historical Hurricane Tracks - https://coast.noaa.gov/hurricanes/?storm=1996356N08110;Philippines
1997001S10176;DRENA;cyclone;;-39.7;173.7;7.0;11/01/1997;50000.0;0.6;;False;International Best Track Archive for Climate Stewardship (IBTrACS) - https://www.ncdc.noaa.gov/ibtracs/;Nouvelle-Zélande
1997009S16188;EVAN;cyclone;;-20.2;-165.8;7.0;14/01/1997;50000.0;0.3;;False;International Best Track Archive for Climate Stewardship (IBTrACS) - https://www.ncdc.noaa.gov/ibtracs/;Vanuatu
1997018S11059;GRETELLE;cyclone;;-32.4;39.6;5.0;31/01/1997;50000.0;0.4;;False;International Best Track Archive for Climate Stewardship (IBTrACS) - https://www.ncdc.noaa.gov/ibtracs/;Madagascar
1997021S16172;FREDA;cyclone;;-37.4;186.3;7.0;03/02/1997;50000.0;0.3;;False;NOAA Historical Hurricane Tracks - https://coast.noaa.gov/hurricanes/;Nouvelle-Zélande
1997032S17055;JOSIE;cyclone;;-38.0;45.0;5.0;17/02/1997;50000.0;0.3;;False;International Best Track Archive for Climate Stewardship (IBTrACS) - NOAA - https://www.ncei.noaa.gov/products/international-best-track-archive;Madagascar
1997042S13096;KARLETTE;cyclone;;-31.1;56.7;5.0;24/02/1997;50000.0;0.3;;False;International Best Track Archive for Climate Stewardship (IBTrACS) - NOAA - https://www.ncdc.noaa.gov/ibtracs/;Maurice
1997061S08171;GAVIN;cyclone;;-38.0;184.0;7.0;13/03/1997;50000.0;0.3;;False;NOAA Historical Hurricane Tracks - https://coast.noaa.gov/hurricanes/?storm=1997061S08171;Fidji
1997071S13176;HINA;cyclone;;-17.7;182.8;7.0;15/03/1997;50000.0;0.4;;False;International Best Track Archive for Climate Stewardship (IBTrACS) - NOAA - https://www.ncei.noaa.gov/products/international-best-track-archive;Fidji
1997099N06153;ISA;typhon;;28.5;146.9;7.0;23/04/1997;50000.0;0.3;;False;Japan Meteorological Agency (JMA) - https://www.jma.go.jp/jma/indexe.html | NOAA Historical Hurricane Tracks - https://coast.noaa.gov/hurricanes/;Japon
1997105S10168;IAN;cyclone;;-22.5;184.4;7.0;18/04/1997;50000.0;0.4;;False;NOAA Historical Hurricane Tracks - https://coast.noaa.gov/hurricanes/?storm=1997105S10168;Fidji
1997108N05168;JIMMY;typhon;;12.9;156.0;7.0;22/04/1997;50000.0;0.3;;False;NOAA International Best Track Archive for Climate Stewardship (IBTrACS) - https://www.ncdc.noaa.gov/ibtracs/;Micronésie (États fédérés de Micronésie)
1997125S08079;RHONDA;cyclone;;-20.5;103.1;7.0;15/05/1997;50000.0;0.4;;False;International Best Track Archive for Climate Stewardship (IBTrACS) - https://www.ncdc.noaa.gov/ibtracs/;Madagascar
1997143N17111;LEVI;typhon;;26.2;130.1;7.0;29/05/1997;500000.0;0.6;;False;Japan Meteorological Agency (JMA) - https://www.jma.go.jp/jma/indexe.html;Japon
1997146N09161;MARIE;typhon;;26.9;164.9;7.0;01/06/1997;50000.0;0.3;;False;Unisys Weather - Hurricane/Tropical Data - http://weather.unisys.com/hurricane/w_pacific/1997/MARIE/track.dat;Japon
1997152N06171;NESTOR;typhon;;8.3;161.1;7.0;05/06/1997;50000.0;0.4;;False;Joint Typhoon Warning Center (JTWC) - https://www.metoc.navy.mil/jtwc/jtwc.html;Micronésie (États fédérés de Micronésie)
1997156S11192;KELI;cyclone;;-15.9;188.1;7.0;14/06/1997;50000.0;0.3;;False;NOAA Historical Hurricane Tracks - https://coast.noaa.gov/hurricanes/?storm=1997156S11192;Tuvalu
1997165N12139;OPAL;typhon;;13.3;134.8;7.0;14/06/1997;50000.0;0.4;;False;NOAA Historical Hurricane Tracks - https://coast.noaa.gov/hurricanes/?storm=1997165N12139;Philippines
1997167N06162;PETER;typhon;;10.0;146.7;6.0;19/06/1997;50000.0;0.4;;False;NOAA Historical Hurricane Tracks - https://coast.noaa.gov/hurricanes/;Philippines
1997182N32283;ANA;ouragan;;38.4;-62.4;5.0;04/07/1997;50000.0;0.7;;False;National Hurricane Center (NHC) - https://www.nhc.noaa.gov/data/hurdat/hurdat2-1851-2022-050423.txt;Canada
1997192N30290;BILL;ouragan;;33.9;-66.8;5.0;11/07/1997;50000.0;0.7;;False;National Hurricane Center (NHC) - https://www.nhc.noaa.gov/data/hurdat/hurdat2-1851-2022-050423.txt;États-Unis
1997194N31286;CLAUDETTE;ouragan;;36.3;-60.5;5.0;16/07/1997;5000.0;0.3;;False;National Hurricane Center (NHC) - https://www.nhc.noaa.gov/data/hurdat/hurdat2-1851-2022-050423.txt;Bermudes
1997196N10251;FELICIA;ouragan;;17.4;-140.8;5.0;21/07/1997;50000.0;0.7;;False;National Hurricane Center (NHC) - https://www.nhc.noaa.gov/archive/1997/FELICIA.shtml;États-Unis (Hawaï)
1997198N27267;DANNY;ouragan;;35.8;-78.1;6.0;24/07/1997;500000.0;0.8;;False;National Hurricane Center (NHC) - https://www.nhc.noaa.gov/data/hurdat/hurdat2-1851-2022-050423.txt;États-Unis
1997201N24152;SCOTT;typhon;;35.7;172.5;5.0;02/08/1997;50000.0;0.4;;False;NOAA Historical Hurricane Tracks - https://coast.noaa.gov/hurricanes/?redirect=301ocm;Japon
1997202N04152;TINA;typhon;;34.6;127.8;7.0;08/08/1997;500000.0;0.6;;False;Japan Meteorological Agency (JMA) - https://www.jma.go.jp/jma/indexe.html | NOAA Historical Hurricane Tracks - https://coast.noaa.gov/hurricanes/;Corée du Sud
1997210N15120;VICTOR;typhon;;31.0;115.6;7.0;04/08/1997;500000.0;0.6;;False;Unisys Weather - Hurricane/Tropical Data - http://weather.unisys.com/hurricane/w_pacific/1997/VICTOR/track.dat;Chine
1997212N11265;GUILLERMO;ouragan;;49.9;-152.0;7.0;18/08/1997;5000.0;0.3;;False;National Hurricane Center (NHC) - https://www.nhc.noaa.gov/archive/1997/guillermo.shtml;États-Unis (Alaska, Îles Aléoutiennes)
1997217N06168;WINNIE;typhon;;35.3;118.0;7.0;20/08/1997;500000.0;0.7;;False;NOAA Historical Hurricane Tracks - https://coast.noaa.gov/hurricanes/?storm=1997217N06168;Chine
1997221N03179;YULE;typhon;;26.2;169.5;7.0;21/08/1997;5000.0;0.3;;False;NOAA Historical Hurricane Tracks - https://coast.noaa.gov/hurricanes/?storm=1997221N03179;Japon
1997232N17115;ZITA;typhon;;22.1;101.8;7.0;23/08/1997;500000.0;0.4;;False;International Best Track Archive for Climate Stewardship (IBTrACS) - NOAA - https://www.ncei.noaa.gov/products/international-best-track-archive;Vietnam
1997236N10172;BING;typhon;;10.9;162.3;7.0;26/08/1997;500000.0;0.4;;False;Joint Typhoon Warning Center (JTWC) - https://www.metoc.navy.mil/jtwc/jtwc.html;Philippines
1997238N19112;CASS;typhon;;21.5;118.3;7.0;29/08/1997;500000.0;0.6;;False;Joint Typhoon Warning Center (JTWC) - https://www.metoc.navy.mil/jtwc/jtwc.html;Taïwan
1997240N12193;OLIWA;typhon;;35.7;135.5;8.0;16/09/1997;500000.0;0.7;;False;Japan Meteorological Agency (JMA) - https://www.jma.go.jp/jma/indexe.html | NOAA Historical Hurricane Tracks - https://coast.noaa.gov/hurricanes/;Japon
1997246N11316;ERIKA;ouragan;;14.6;-51.7;5.0;04/09/1997;50000.0;0.4;;False;National Hurricane Center (NHC) - https://www.nhc.noaa.gov/archive/1997/ERIKA.shtml;Dominique
1997252N10171;DAVID;typhon;;34.0;142.4;7.0;19/09/1997;50000.0;0.7;;False;Japan Meteorological Agency (JMA) - https://www.jma.go.jp/jma/indexe.html | International Best Track Archive for Climate Stewardship (IBTrACS) - https://www.ncdc.noaa.gov/ibtracs/;Japon
1997259N13258;NORA;ouragan;;27.6;-114.8;7.0;25/09/1997;50000.0;0.6;;False;National Hurricane Center (NHC) - https://www.nhc.noaa.gov/archive/1997/NORA.shtml;Mexique
1997262N22184;ELLA;cyclone;;23.9;173.0;5.0;20/09/1997;20000.0;0.4;;False;NOAA Historical Hurricane Tracks - https://coast.noaa.gov/hurricanes/?redirect=301ocm;Tonga
1997265N10175;GINGER;typhon;;30.4;159.1;5.0;29/09/1997;5000.0;0.3;;False;NOAA Historical Hurricane Tracks - https://coast.noaa.gov/hurricanes/?storm=1997265N10175;Japon
1997277S04170;LUSI;cyclone;;-26.3;180.6;7.0;13/10/1997;50000.0;0.3;;False;International Best Track Archive for Climate Stewardship (IBTrACS) - NOAA - https://www.ncei.noaa.gov/products/international-best-track-archive;Fidji
1997278N24296;FABIAN;ouragan;;28.7;-51.4;7.0;08/10/1997;0.0;0.1;;False;National Hurricane Center (NHC) - https://www.nhc.noaa.gov/data/hurdat/hurdat2-1851-2022-050423.txt;Aucun (zone océanique)
1997283N07177;IVAN;typhon;;7.0;177.0;7.0;09/10/1997;50000.0;0.3;;False;NOAA Historical Hurricane Tracks - https://coast.noaa.gov/hurricanes/?storm=1997283N07177;Îles Marshall
1997284N04179;JOAN;typhon;;27.6;141.9;7.0;22/10/1997;50000.0;0.3;;False;Japan Meteorological Agency (JMA) - https://www.jma.go.jp/jma/indexe.html | NOAA Historical Hurricane Tracks - https://coast.noaa.gov/hurricanes/;Japon
1997288N20291;GRACE;ouragan;;21.0;-65.5;5.0;15/10/1997;50000.0;0.6;;False;National Hurricane Center (NHC) - https://www.nhc.noaa.gov/archive/1997/GRACE.shtml;Porto Rico
1997299N07169;KEITH;typhon;;24.7;140.4;7.0;07/11/1997;500000.0;0.8;;False;Japan Meteorological Agency (JMA) - https://www.jma.go.jp/jma/indexe.html | NOAA Historical Hurricane Tracks - https://coast.noaa.gov/hurricanes/;Japon
1997302S08199;MARTIN;cyclone;;-13.7;-157.3;7.0;03/11/1997;5000.0;0.3;;False;NOAA Historical Hurricane Tracks - https://coast.noaa.gov/hurricanes/?storm=1997302S08199;Îles Cook (Polynésie française)
1997319S09180;NUTE;cyclone;;-8.7;177.5;7.0;15/11/1997;50000.0;0.4;;False;International Best Track Archive for Climate Stewardship (IBTrACS) - https://www.ncdc.noaa.gov/ibtracs/;Fidji
1997336S09195;PAM;cyclone;;-27.1;-150.1;7.0;11/12/1997;5000.0;0.3;;False;NOAA Historical Hurricane Tracks - https://coast.noaa.gov/hurricanes/?storm=1997336S09195;Vanuatu
1997355S05189;SUSAN;cyclone;;-21.8;177.8;7.0;08/01/1998;50000.0;0.4;;False;NOAA Historical Hurricane Tracks - https://coast.noaa.gov/hurricanes/?storm=19-SUSAN;Fidji
1998001S09195;RON;cyclone;;-21.7;-171.4;7.0;08/01/1998;50000.0;0.3;;False;NOAA Historical Hurricane Tracks - https://coast.noaa.gov/hurricanes/?storm=1998001S09195;Vanuatu
1998022S15125;TIFFANY;cyclone;;-15.0;124.5;5.0;22/01/1998;15000.0;0.3;;False;IBTrACS (International Best Track Archive for Climate Stewardship) - https://www.ncdc.noaa.gov/ibtracs/;Australie
1998030S13194;VELI;cyclone;;-12.3;-159.9;5.0;31/01/1998;5000.0;0.3;;False;International Best Track Archive for Climate Stewardship (IBTrACS) - NOAA - https://www.ncdc.noaa.gov/ibtracs/;Îles Cook
1998030S14208;URSULA;cyclone;;-16.1;-147.7;7.0;30/01/1998;50000.0;0.3;;False;International Best Track Archive for Climate Stewardship (IBTrACS) - NOAA - https://www.ncei.noaa.gov/products/international-best-track-archive;Polynésie française
1998036S13066;ANACELLE;cyclone;;-26.9;61.9;5.0;12/02/1998;50000.0;0.4;;False;International Best Track Archive for Climate Stewardship (IBTrACS) - https://www.ncdc.noaa.gov/ibtracs/;Maurice
1998064S13061;DONALINE;cyclone;;-35.0;76.1;5.0;11/03/1998;50000.0;0.3;;False;Météo-France / Centre des Cyclones Tropicaux de La Réunion - https://www.meteofrance.re/;La Réunion (France)
1998076S11170;YALI;cyclone;;-37.0;160.0;5.0;28/03/1998;5000.0;0.3;;False;International Best Track Archive for Climate Stewardship (IBTrACS) - https://www.ncdc.noaa.gov/ibtracs/;Nouvelle-Calédonie
1998079S10145;NATHAN;cyclone;;-14.1;145.9;7.0;30/03/1998;50000.0;0.4;;False;Australian Bureau of Meteorology - http://www.bom.gov.au/cyclone/history/nathan-1998.shtml;Australie
1998087S15172;ZUMAN;cyclone;;-23.3;168.7;7.0;06/04/1998;50000.0;0.4;;False;International Best Track Archive for Climate Stewardship (IBTrACS) - NOAA - https://www.ncdc.noaa.gov/ibtracs/;Nouvelle-Calédonie
1998209N11335;ALEX;ouragan;;11.9;-28.2;5.0;27/07/1998;50000.0;0.3;;False;National Hurricane Center (NHC) - https://www.nhc.noaa.gov/data/hurdat/hurdat2-1851-2022-050423.txt;Cap-Vert
1998216N09260;FRANK;ouragan;;8.7;-100.3;7.0;04/08/1998;50000.0;0.3;;False;National Hurricane Center (NHC) - https://www.nhc.noaa.gov/archive/1998/FRANK.shtml;Mexique
1998232N15312;BONNIE;ouragan;;14.7;-48.1;7.0;19/08/1998;50000.0;0.3;;False;National Hurricane Center (NHC) - https://www.nhc.noaa.gov/data/hurdat/hurdat2-1851-2022-050423.txt;Antigua-et-Barbuda
1998235N17131;REX;typhon;;36.6;160.5;7.0;06/09/1998;50000.0;0.3;;False;Japan Meteorological Agency (JMA) - https://www.jma.go.jp/jma/indexe.html (archives historiques);Japon
1998236N13326;DANIELLE;ouragan;;16.2;-43.3;5.0;25/08/1998;50000.0;0.3;;False;National Hurricane Center (NHC) - https://www.nhc.noaa.gov/archive/1998/DANIELLE.shtml;Antigua-et-Barbuda
1998244N22267;EARL;ouragan;;34.5;-79.0;7.0;04/09/1998;500000.0;0.7;;False;National Hurricane Center (NHC) - https://www.nhc.noaa.gov/archive/1998/1998EARL.shtml;États-Unis
1998253N17150;STELLA;typhon;;30.8;136.7;7.0;15/09/1998;500000.0;0.6;;False;Japan Meteorological Agency (JMA) - https://www.jma.go.jp/jma/indexe.html;Japon
1998258N19126;TODD;typhon;;26.5;134.3;7.0;17/09/1998;50000.0;0.4;;False;Japan Meteorological Agency (JMA) - https://www.jma.go.jp/jma/indexe.html | NOAA Historical Hurricane Tracks - https://coast.noaa.gov/hurricanes/;Japon
1998259N10335;GEORGES;ouragan;;12.4;-41.0;9.0;17/09/1998;2500000.0;0.4;;False;National Hurricane Center (NHC) - https://www.nhc.noaa.gov/data/tcr/AL071998_Georges.pdf;États-Unis (Floride, Mississippi, Alabama, Louisiane), Haïti, République dominicaine, Cuba, Porto Rico, Antigua-et-Barbuda, Saint-Christophe-et-Niévès
1998259N17118;VICKI;typhon;;18.7;124.6;7.0;19/09/1998;50000.0;0.4;;False;Joint Typhoon Warning Center (JTWC) - https://www.metoc.navy.mil/jtwc/jtwc.html;Philippines
1998262N13333;IVAN;ouragan;;38.6;-37.6;9.0;26/09/1998;2000000.0;0.7;;False;National Hurricane Center (NHC) - https://www.nhc.noaa.gov/data/tcr/AL091998_Ivan.pdf;États-Unis
1998262N20137;WALDO;typhon;;27.8;136.3;7.0;20/09/1998;50000.0;0.4;;False;Japan Meteorological Agency (JMA) - https://www.jma.go.jp/jma/indexe.html;Japon
1998267N13134;YANNI;typhon;;28.8;125.6;7.0;29/09/1998;500000.0;0.4;;False;Japan Meteorological Agency (JMA) - https://www.jma.go.jp/jma/indexe.html | NOAA Historical Hurricane Tracks - https://coast.noaa.gov/hurricanes/;Japon
1998267N33295;KARL;ouragan;;33.3;-65.4;6.0;23/09/1998;50000.0;0.7;;False;National Hurricane Center (NHC) - https://www.nhc.noaa.gov/archive/1998/KARL.shtml;Bermudes
1998278N14314;LISA;ouragan;;22.9;-43.9;7.0;08/10/1998;50000.0;0.4;;False;National Hurricane Center (NHC) - https://www.nhc.noaa.gov/archive/1998/1998LISA.shtml;Bermudes
1998281N11151;ZEB;typhon;;27.7;126.1;8.5;16/10/1998;500000.0;0.6;;False;Digital Typhoon (National Institute of Informatics, Japan) - http://agora.ex.nii.ac.jp/digital-typhoon/summary/wnp/s/199828.html.en;Japon
1998285N12149;BABS;typhon;;24.4;119.2;7.0;27/10/1998;500000.0;0.6;;False;Digital Typhoon (National Institute of Informatics, Japan) - http://agora.ex.nii.ac.jp/digital-typhoon/summary/wnp/s/199828.html.en;Chine
1998295N12284;MITCH;ouragan;;22.5;-87.4;9.5;04/11/1998;3000000.0;0.4;;False;National Hurricane Center (NOAA) - https://www.nhc.noaa.gov/data/tcr/AL131998_Mitch.pdf;Honduras
1998310S10096;ALISON;cyclone;;-16.1;89.2;7.0;13/11/1998;50000.0;0.3;;False;International Best Track Archive for Climate Stewardship (IBTrACS) - https://www.ncdc.noaa.gov/ibtracs/;Australie
1998327N09126;ELVIS;typhon;;9.7;123.2;7.0;23/11/1998;500000.0;0.4;;False;International Best Track Archive for Climate Stewardship (IBTrACS) - NOAA - https://www.ncei.noaa.gov/products/international-best-track-archive;Philippines
1998328N28332;NICOLE;ouragan;;35.1;-37.9;5.0;01/12/1998;5000.0;0.3;;False;National Hurricane Center (NHC) - https://www.nhc.noaa.gov/archive/1998/1998archive.shtml;Açores (Portugal)
1998355S14187;CORA;cyclone;;-23.4;-170.0;7.0;26/12/1998;50000.0;0.3;;False;NOAA Historical Hurricane Tracks - https://coast.noaa.gov/hurricanes/?storm=1998355S14187;Fidji
1999013S13164;DANI;cyclone;;-42.7;195.0;7.0;27/01/1999;50000.0;0.3;;False;International Best Track Archive for Climate Stewardship (IBTrACS) - NOAA - https://www.ncdc.noaa.gov/ibtracs/;Nouvelle-Zélande
1999015S20036;ALDA;cyclone;;-30.3;41.8;5.0;18/01/1999;50000.0;0.4;;False;International Best Track Archive for Climate Stewardship (IBTrACS) - NOAA - https://www.ncdc.noaa.gov/ibtracs/;Madagascar
1999020S17158;OLINDA;cyclone;;-24.8;165.7;5.0;22/01/1999;5000.0;0.3;;False;NOAA International Best Track Archive for Climate Stewardship (IBTrACS) - https://www.ncdc.noaa.gov/ibtracs/;Nouvelle-Calédonie (France)
1999021S13113;BIRENDA:DAMIEN;cyclone;;-12.6;111.8;7.0;21/01/1999;50000.0;0.3;;False;International Best Track Archive for Climate Stewardship (IBTrACS) - https://www.ncdc.noaa.gov/ibtracs/;Australie
1999029S14096;CHIKITA;cyclone;;-16.0;90.3;5.0;30/01/1999;50000.0;0.3;;False;International Best Track Archive for Climate Stewardship (IBTrACS) - NOAA - https://www.ncdc.noaa.gov/ibtracs/;Madagascar
1999040S13160;ELLA;cyclone;;-15.3;165.0;7.0;11/02/1999;50000.0;0.4;;False;NOAA Historical Hurricane Tracks - https://coast.noaa.gov/hurricanes/?storm=1999040S13160;Vanuatu
1999048S21152;FRANK;cyclone;;-40.7;168.9;7.0;26/02/1999;50000.0;0.4;;False;NOAA Historical Hurricane Tracks - https://coast.noaa.gov/hurricanes/;Nouvelle-Zélande
1999057S22203;GITA;cyclone;;-37.0;-154.5;7.0;03/03/1999;50000.0;0.3;;False;NOAA Historical Hurricane Tracks - https://coast.noaa.gov/hurricanes/?storm=1999057S22203;Polynésie française
1999070S19206;HALI;cyclone;;-27.9;-154.8;5.0;20/03/1999;5000.0;0.3;;False;International Best Track Archive for Climate Stewardship (IBTrACS) - NOAA - https://www.ncdc.noaa.gov/ibtracs/;Polynésie française
1999074S13118;ELAINE;cyclone;;-13.3;116.7;7.0;15/03/1999;15000.0;0.4;;False;IBTrACS (International Best Track Archive for Climate Stewardship) - https://www.ncdc.noaa.gov/ibtracs/;Australie
1999074S13132;VANCE;cyclone;;-23.8;114.6;7.0;22/03/1999;15000.0;0.6;;False;NOAA International Best Track Archive for Climate Stewardship (IBTrACS) - https://www.ncdc.noaa.gov/ibtracs/;Australie
1999111N08126;KATE;typhon;;22.6;137.2;7.0;26/04/1999;50000.0;0.4;;False;Japan Meteorological Agency (JMA) - https://www.jma.go.jp/jma/indexe.html;Japon
1999151N09132;MAGGIE;typhon;;25.3;108.6;7.0;08/06/1999;500000.0;0.4;;False;Joint Typhoon Warning Center (JTWC) - https://www.metoc.navy.mil/jtwc/jtwc.html;Chine
1999203N17129;NEIL;typhon;;25.3;128.7;7.0;25/07/1999;50000.0;0.6;;False;Japan Meteorological Agency (JMA) - https://www.jma.go.jp/jma/indexe.html | NOAA Historical Hurricane Tracks - https://coast.noaa.gov/hurricanes/;Japon
1999205N11254;CALVIN;ouragan;;13.7;-113.3;7.0;25/07/1999;50000.0;0.3;;False;National Hurricane Center (NHC) - https://www.nhc.noaa.gov/archive/1999/CALVIN.shtml;Mexique
1999208N06139;OLGA;typhon;;35.2;126.0;7.0;03/08/1999;500000.0;0.7;;False;Japan Meteorological Agency (JMA) - https://www.jma.go.jp/jma/indexe.html | NOAA Historical Hurricane Tracks - https://coast.noaa.gov/hurricanes/;Corée du Sud
1999217N11265;DORA;typhon;;15.5;221.3;7.0;13/08/1999;50000.0;0.4;;False;Unisys Weather - Hurricane/Tropical Data - http://weather.unisys.com/hurricane/w_pacific/1999/DORA/track.dat;Japon
1999218N21116;RACHEL;typhon;;23.4;120.2;7.0;07/08/1999;500000.0;0.6;;False;Joint Typhoon Warning Center (JTWC) - https://www.metoc.navy.mil/jtwc/jtwc.html;Taïwan
1999230N12129;SAM;typhon;;29.1;115.1;7.0;24/08/1999;500000.0;0.6;;False;Japan Meteorological Agency (JMA) - https://www.jma.go.jp/jma/indexe.html | NOAA Historical Hurricane Tracks - https://coast.noaa.gov/hurricanes/;Chine
1999231N14341;CINDY;ouragan;;37.5;-51.7;4.0;31/08/1999;0.0;0.1;;False;National Hurricane Center (NHC) - https://www.nhc.noaa.gov/archive/1999/CINDY.shtml;Aucun (en mer)
1999231N30181;TANYA;typhon;;40.7;161.6;5.0;24/08/1999;50000.0;0.3;;False;NOAA Historical Hurricane Tracks - https://coast.noaa.gov/hurricanes/?storm=1999231N30181;Japon
1999236N22292;DENNIS;ouragan;;38.5;-78.5;7.0;07/09/1999;500000.0;0.7;;False;National Hurricane Center (NHC) - https://www.nhc.noaa.gov/archive/1999/DENNIS.shtml;États-Unis
1999241N12133;WENDY;typhon;;31.7;121.9;7.0;06/09/1999;5000000.0;0.7;;False;Joint Typhoon Warning Center (JTWC) - https://www.metoc.navy.mil/jtwc/jtwc.html;Chine
1999251N15314;FLOYD;ouragan;;34.5;-77.6;8.5;16/09/1999;2500000.0;0.7;;False;National Hurricane Center (NHC) - https://www.nhc.noaa.gov/data/tcr/AL081999_Floyd.pdf;États-Unis
1999254N18142;ZIA;typhon;;25.6;135.7;7.0;13/09/1999;50000.0;0.3;;False;Japan Meteorological Agency (JMA) - https://www.jma.go.jp/jma/indexe.html | International Best Track Archive for Climate Stewardship (IBTrACS) - https://www.ncdc.noaa.gov/ibtracs/;Japon
1999255N13336;GERT;ouragan;;13.8;-29.8;5.0;12/09/1999;50000.0;0.3;;False;National Hurricane Center (NHC) - https://www.nhc.noaa.gov/archive/1999/GERT.shtml;Cap-Vert
1999260N20130;BART;typhon;;31.9;129.7;7.0;23/09/1999;500000.0;0.7;;False;Japan Meteorological Agency (JMA) - https://www.jma.go.jp/jma/indexe.html | International Best Track Archive for Climate Stewardship (IBTrACS) - https://www.ncdc.noaa.gov/ibtracs/;Japon
1999262N25272;HARVEY;ouragan;;26.2;-80.3;5.0;21/09/1999;500000.0;0.7;;False;National Hurricane Center (NHC) - https://www.nhc.noaa.gov/archive/1999/HARVEY.shtml;États-Unis
1999275N16135;DAN;typhon;;31.1;122.9;7.0;10/10/1999;500000.0;0.7;;False;Joint Typhoon Warning Center (JTWC) - https://www.metoc.navy.mil/jtwc/jtwc.html;Chine
1999286N16278;IRENE;ouragan;;33.4;-77.4;7.0;18/10/1999;500000.0;0.7;;False;National Hurricane Center (NHC) - https://www.nhc.noaa.gov/archive/1999/IRENE.shtml;États-Unis
1999291N10309;JOSE;ouragan;;28.8;-61.7;7.0;24/10/1999;50000.0;0.7;;False;National Hurricane Center (NHC) - https://www.nhc.noaa.gov/archive/1999/JOSE.shtml;Bermudes
1999315N13127;GLORIA;typhon;;23.9;132.1;7.0;15/11/1999;50000.0;0.4;;False;Japan Meteorological Agency (JMA) - Best Track Data - https://www.jma.go.jp/jma/jma-eng/jma-center/rsmc-hp-pub-eg/besttrack.html;Japon
1999343S11123;JOHN;cyclone;;-11.9;120.7;7.0;10/12/1999;50000.0;0.4;;False;NOAA Historical Hurricane Tracks - https://coast.noaa.gov/hurricanes/?stormids=1999343S11123;Australie
2000003S13082;BABIOLA;cyclone;;-37.5;76.5;7.0;14/01/2000;50000.0;0.3;;False;Météo-France / Centre des Cyclones Tropicaux de La Réunion - https://www.meteofrance.re/;Terres australes et antarctiques françaises (TAAF)
2000006S15164;IRIS;cyclone;;-18.3;173.4;7.0;09/01/2000;50000.0;0.4;;False;NOAA Historical Hurricane Tracks - https://coast.noaa.gov/hurricanes/?storm=20-2000006S15164;Fidji
2000023S15172;JO;cyclone;;-27.9;182.4;7.0;27/01/2000;50000.0;0.4;;False;NOAA Historical Hurricane Tracks - https://coast.noaa.gov/hurricanes/;Fidji
2000024S12100;KIRRILY;cyclone;;-11.5;101.0;5.0;24/01/2000;50000.0;0.4;;False;Joint Typhoon Warning Center (JTWC) - https://www.metoc.navy.mil/jtwc/jtwc.html;Indonésie
2000055S23227;KIM;cyclone;;-38.2;-153.6;5.0;01/03/2000;5000.0;0.3;;False;NOAA Historical Hurricane Tracks - https://coast.noaa.gov/hurricanes/?storm=2000055S23227;Polynésie française
2000060S17123;NORMAN;cyclone;;-17.8;120.6;7.0;29/02/2000;50000.0;0.4;;False;IBTrACS (International Best Track Archive for Climate Stewardship) - https://www.ncdc.noaa.gov/ibtracs/;Australie
2000064S19209;LEO;cyclone;;-27.2;-165.7;5.0;07/03/2000;5000.0;0.3;;False;NOAA Historical Hurricane Tracks - https://coast.noaa.gov/hurricanes/;Nouvelle-Calédonie (France)
2000067S15189;MONA;cyclone;;-32.1;-171.6;5.0;11/03/2000;5000.0;0.3;;False;NOAA Historical Hurricane Tracks - https://coast.noaa.gov/hurricanes/?storm=20-S-15189;Fidji
2000102S13128;PAUL;cyclone;;-13.2;121.6;6.5;11/04/2000;50000.0;0.4;;False;IBTrACS (International Best Track Archive for Climate Stewardship) - https://www.ncdc.noaa.gov/ibtracs/;Australie
2000103S10095;INNOCENTE;cyclone;;-10.6;91.7;5.0;12/04/2000;50000.0;0.3;;False;International Best Track Archive for Climate Stewardship (IBTrACS) - https://www.ncdc.noaa.gov/ibtracs/;Indonésie
2000125N06136;DAMREY;typhon;;27.4;144.7;7.0;11/05/2000;50000.0;0.3;;False;Japan Meteorological Agency (JMA) - https://www.jma.go.jp/jma/indexe.html | NOAA Historical Hurricane Tracks - https://coast.noaa.gov/hurricanes/;Japon
2000138N16119;LONGWANG;typhon;;17.0;121.8;7.0;18/05/2000;500000.0;0.6;;False;Joint Typhoon Warning Center (JTWC) - https://www.metoc.navy.mil/jtwc/jtwc.html;Philippines
2000184N13133;KIROGI;typhon;;28.9;137.2;7.0;07/07/2000;50000.0;0.4;;False;Japan Meteorological Agency (JMA) - https://www.jma.go.jp/jma/indexe.html;Japon
2000185N15117;KAI-TAK;typhon;;29.1;121.4;7.0;09/07/2000;1500000.0;0.6;;False;Joint Typhoon Warning Center (JTWC) - https://www.metoc.navy.mil/jtwc/jtwc.html;Chine
2000199N20145;TEMBIN;typhon;;37.8;145.0;7.0;22/07/2000;500000.0;0.7;;False;Japan Meteorological Agency (JMA) - https://www.jma.go.jp/jma/indexe.html | International Best Track Archive for Climate Stewardship (IBTrACS) - https://www.ncdc.noaa.gov/ibtracs/;Japon
2000201N11224;UPANA;typhon;;11.0;-136.0;7.0;19/07/2000;50000.0;0.3;;False;NOAA Historical Hurricane Tracks - https://coast.noaa.gov/hurricanes/?storm=2000201N11224;Philippines
2000202N12131;BOLAVEN;typhon;;36.8;130.3;7.0;31/07/2000;500000.0;0.7;;False;Japan Meteorological Agency (JMA) - https://www.jma.go.jp/jma/indexe.html;Corée du Sud
2000206N11266;EMILIA;ouragan;;12.7;-98.2;5.0;24/07/2000;50000.0;0.6;;False;National Hurricane Center (NHC) - https://www.nhc.noaa.gov/archive/2000/EMILIA.shtml;Mexique
2000217N11342;ALBERTO;cyclone;;10.8;-18.0;5.0;03/08/2000;50000.0;0.3;;False;National Hurricane Center (NHC) / IBTrACS - https://www.ncei.noaa.gov/products/international-best-track-archive;Cap-Vert
2000222N14143;EWINIAR;typhon;;20.0;138.7;7.0;10/08/2000;50000.0;0.4;;False;Japan Meteorological Agency (JMA) - Regional Specialized Meteorological Center (RSMC) Tokyo - https://www.jma.go.jp/jma/indexe.html;Japon
2000230N08139;BILIS;typhon;;23.1;121.2;7.0;22/08/2000;1500000.0;0.6;;False;Joint Typhoon Warning Center (JTWC) - https://www.metoc.navy.mil/jtwc/jtwc.html | International Disaster Database (EM-DAT) - https://www.emdat.be/;Taïwan
2000233N12316;DEBBY;ouragan;;13.7;-47.8;5.0;20/08/2000;50000.0;0.3;;False;National Hurricane Center (NHC) - https://www.nhc.noaa.gov/archive/2000/DEBBY.shtml;Antigua-et-Barbuda
2000237N08138;PRAPIROON;typhon;;10.1;136.0;6.5;24/08/2000;50000.0;0.4;;False;Joint Typhoon Warning Center (JTWC) - https://www.metoc.navy.mil/jtwc/jtwc.html;Philippines
2000245N14157;SAOMAI;typhon;;31.7;127.5;9.0;15/09/2000;1500000.0;0.6;;False;National Hurricane Center / Joint Typhoon Warning Center (JTWC) - https://www.metoc.navy.mil/jtwc/jtwc.html | Wikipedia (Typhon Saomai) - https://en.wikipedia.org/wiki/Typhoon_Saomai_(2000);Chine
2000248N18126;BOPHA;typhon;;18.9;130.8;8.0;05/09/2000;500000.0;0.4;;False;NOAA Historical Hurricane Tracks - https://coast.noaa.gov/hurricanes/?storm=2000248N18126;Philippines
2000255N31289;FLORENCE;ouragan;;30.3;-68.6;9.0;15/09/2000;1500000.0;0.7;;False;National Hurricane Center (NHC) - https://www.nhc.noaa.gov/archive/2000/FLORENCE.shtml;États-Unis
2000258N22138;SONAMU;typhon;;31.0;141.5;7.0;17/09/2000;50000.0;0.6;;False;Japan Meteorological Agency (JMA) - https://www.jma.go.jp/jma/indexe.html;Japon
2000259N20273;GORDON;ouragan;;35.0;-79.0;7.0;19/09/2000;500000.0;0.7;;False;National Hurricane Center (NHC) - https://www.nhc.noaa.gov/archive/2000/GORDON.shtml;États-Unis
2000260N15178;SHANSHAN;typhon;;31.7;170.5;7.0;23/09/2000;50000.0;0.7;;False;Japan Meteorological Agency (JMA) - https://www.jma.go.jp/jma/indexe.html;Japon
2000260N15308;HELENE;ouragan;;16.3;-56.9;7.0;16/09/2000;50000.0;0.6;;False;National Hurricane Center (NHC) - https://www.nhc.noaa.gov/archive/2000/HELENE.shtml;Antigua-et-Barbuda
2000266N12337;ISAAC;ouragan;;25.8;-53.5;7.0;28/09/2000;50000.0;0.3;;False;National Hurricane Center (NHC) - https://www.nhc.noaa.gov/archive/2000/ISAAC.shtml;Bermudes
2000279N29279;LESLIE;ouragan;;33.1;-69.6;6.0;07/10/2000;50000.0;0.7;;False;National Hurricane Center (NHC) - https://www.nhc.noaa.gov/archive/2000/LESLIE.shtml;Bermudes
2000290N30289;MICHAEL;ouragan;;33.3;-68.8;7.0;18/10/2000;50000.0;0.7;;False;National Hurricane Center (NHC) - https://www.nhc.noaa.gov/archive/2000/MICHAEL.shtml;Bermudes
2000294N26300;NADINE;ouragan;;37.0;-49.0;5.0;22/10/2000;5000.0;0.2;;False;National Hurricane Center (NHC) - https://www.nhc.noaa.gov/archive/2000/NADINE.shtml;Açores (Portugal)
2000295N20146;YAGI;typhon;;20.4;142.8;7.0;21/10/2000;50000.0;0.4;;False;Japan Meteorological Agency (JMA) - https://www.jma.go.jp/jma/indexe.html;Japon
2000299N08139;XANGSANE;typhon;;24.2;122.0;7.0;01/11/2000;500000.0;0.6;;False;JTWC Best Track Data - https://www.metoc.navy.mil/jtwc/jtwc.html | ReliefWeb - https://reliefweb.int/disaster/tc-2000-000244-phl;Philippines
2000305N06136;BEBINCA;typhon;;6.8;134.6;6.0;30/10/2000;50000.0;0.4;;False;Joint Typhoon Warning Center (JTWC) - https://www.metoc.navy.mil/jtwc/jtwc.html;Philippines
2001003S09091;BINDU;cyclone;;-9.7;81.1;5.0;06/01/2001;50000.0;0.4;;False;IBTrACS (International Best Track Archive for Climate Stewardship) - https://www.ncdc.noaa.gov/ibtracs/;Sri Lanka
2001018S12086;CHARLY;cyclone;;-30.9;59.1;7.0;30/01/2001;50000.0;0.3;;False;Météo-France / Centre des Cyclones Tropicaux de La Réunion - https://www.meteofrance.re/;Maurice
2001028S15128;TERRI;cyclone;;-23.1;120.4;7.0;31/01/2001;50000.0;0.4;;False;Australian Bureau of Meteorology (BOM) - https://www.bom.gov.au;Australie
2001049S17198;OMA;cyclone;;-24.7;-159.1;7.0;21/02/2001;5000.0;0.3;;False;IBTrACS (International Best Track Archive for Climate Stewardship) - https://www.ncdc.noaa.gov/ibtracs/;Vanuatu
2001054S15155;ABIGAIL;cyclone;;-15.5;154.9;7.0;23/02/2001;50000.0;0.4;;False;IBTrACS (International Best Track Archive for Climate Stewardship) - https://www.ncdc.noaa.gov/ibtracs/;Vanuatu
2001056S11163;PAULA;cyclone;;-19.5;174.3;7.0;01/03/2001;50000.0;0.4;;False;NOAA Historical Hurricane Tracks - https://coast.noaa.gov/hurricanes/?redirect=301ocm;Tonga
2001060S19223;RITA;cyclone;;-32.9;-135.5;5.0;05/03/2001;5000.0;0.3;;False;NOAA Historical Hurricane Tracks - https://coast.noaa.gov/hurricanes/?storm=2001060S19223;Polynésie française
2001064S10052;DERA;cyclone;;-13.7;46.9;7.0;06/03/2001;150000.0;0.4;;False;Météo-France (La Réunion) - https://www.meteofrance.re/;Madagascar
2001093S10062;EVARISTE;cyclone;;-19.7;61.5;7.0;07/04/2001;50000.0;0.4;;False;Météo-France - La Réunion (CMRS) - https://www.meteofrance.re/;Maurice
2001094S12172;SOSE;cyclone;;-29.3;171.3;7.0;12/04/2001;5000.0;0.3;;False;NOAA Historical Hurricane Tracks - https://coast.noaa.gov/hurricanes/?storm=20-SOSE;Nouvelle-Calédonie (France)
2001106S08137;ALISTAIR;cyclone;;-17.9;116.4;7.0;20/04/2001;50000.0;0.4;;False;Australian Bureau of Meteorology (Historical Tropical Cyclone Tracks) - http://www.bom.gov.au/cyclone/history/tracks/;Australie
2001170N11138;CHEBI;typhon;;13.7;131.4;7.0;20/06/2001;500000.0;0.4;;False;Joint Typhoon Warning Center (JTWC) - https://www.metoc.navy.mil/jtwc/jtwc.html;Philippines
2001171N12234;BARBARA;ouragan;;22.8;-159.9;7.0;26/06/2001;50000.0;0.7;;False;National Hurricane Center (NHC) - https://www.nhc.noaa.gov/archive/2001/BARBARA.shtml;États-Unis (Hawaï)
2001181N08141;UTOR;typhon;;13.8;132.4;7.5;02/07/2001;500000.0;0.4;;False;Joint Typhoon Warning Center (JTWC) - https://www.metoc.navy.mil/jtwc/jtwc.html;Philippines
2001202N23152;KONG-REY;typhon;;37.1;155.0;7.0;29/07/2001;50000.0;0.3;;False;Japan Meteorological Agency (JMA) - https://www.jma.go.jp/jma/indexe.html | Joint Typhoon Warning Center (JTWC) - https://www.metoc.navy.mil/jtwc/jtwc.html;Japon
2001206N14134;TORAJI;typhon;;31.7;120.1;5.0;31/07/2001;500000.0;0.7;;False;Japan Meteorological Agency (JMA) - https://www.jma.go.jp/jma/indexe.html;Chine
2001212N10158;MAN-YI;typhon;;42.0;152.9;7.0;09/08/2001;50000.0;0.3;;False;Japan Meteorological Agency (JMA) - https://www.jma.go.jp/jma/indexe.html;Japon
2001225N18146;PABUK;typhon;;35.4;139.8;7.0;22/08/2001;500000.0;0.8;;False;Japan Meteorological Agency (JMA) - https://www.jma.go.jp/jma/indexe.html;Japon
2001227N13323;CHANTAL;ouragan;;12.8;-37.0;5.0;14/08/2001;5000.0;0.2;;False;National Hurricane Center (NHC) - https://www.nhc.noaa.gov/archive/2001/CHANTAL.shtml;Aucun (en mer, trajectoire vers les Petites Antilles)
2001235N18296;DEAN;ouragan;;17.9;-64.3;8.0;22/08/2001;500000.0;0.6;;False;National Hurricane Center (NOAA) - https://www.nhc.noaa.gov/data/tcr/AL052007_Dean.pdf;Jamaïque
2001238N16139;WUTIP;typhon;;36.7;158.8;7.0;02/09/2001;50000.0;0.4;;False;NOAA Historical Hurricane Tracks - https://coast.noaa.gov/hurricanes/?storm=2001238N16139;Japon
2001238N18162;SEPAT;typhon;;33.1;160.1;7.0;29/08/2001;50000.0;0.3;;False;Japan Meteorological Agency (JMA) - https://www.jma.go.jp/jma/indexe.html | NOAA Historical Hurricane Tracks - https://coast.noaa.gov/hurricanes/;Japon
2001245N13326;ERIN;ouragan;;44.7;-55.2;5.0;14/09/2001;50000.0;0.7;;False;National Hurricane Center (NHC) - https://www.nhc.noaa.gov/archive/2001/ERIN.shtml;Canada
2001246N19156;DANAS;typhon;;37.7;141.9;7.0;11/09/2001;500000.0;0.7;;False;Japan Meteorological Agency (JMA) - https://www.jma.go.jp/jma/indexe.html;Japon
2001247N15237;GIL;ouragan;;20.6;-130.3;5.0;08/09/2001;5000.0;0.3;;False;National Hurricane Center (NHC) - https://www.nhc.noaa.gov/archive/2001/GIL.shtml;Mexique
2001248N17251;HENRIETTE;ouragan;;22.8;-128.7;5.0;07/09/2001;5000.0;0.3;;False;National Hurricane Center (NHC) - https://www.nhc.noaa.gov/archive/2001/HENRIETTE.shtml;Mexique
2001251N14332;FELIX;ouragan;;15.0;-33.0;7.0;08/09/2001;50000.0;0.3;;False;National Hurricane Center (NHC) - https://www.nhc.noaa.gov/archive/2001/FELIX.shtml;Cap-Vert
2001255N26276;GABRIELLE;ouragan;;33.1;-70.7;7.0;17/09/2001;500000.0;0.7;;False;National Hurricane Center (NHC) - https://www.nhc.noaa.gov/archive/2001/GABRIELLE.shtml;États-Unis
2001259N20138;VIPA;typhon;;35.4;144.7;7.0;20/09/2001;50000.0;0.7;;False;Japan Meteorological Agency (JMA) - https://www.jma.go.jp/jma/indexe.html;Japon
2001260N14167;FRANCISCO;typhon;;32.3;148.5;5.0;24/09/2001;5000.0;0.3;;False;Japan Meteorological Agency (JMA) - https://www.jma.go.jp/jma/indexe.html | NOAA Historical Hurricane Tracks - https://coast.noaa.gov/hurricanes/;
2001264N21126;LEKIMA;typhon;;28.2;123.9;7.0;30/09/2001;500000.0;0.6;;False;Japan Meteorological Agency (JMA) - Regional Specialized Meteorological Center (RSMC) Tokyo - https://www.jma.go.jp/jma/indexe.html | Joint Typhoon Warning Center (JTWC) - https://www.metoc.navy.mil/jtwc/jtwc.html;Chine
2001265N25296;HUMBERTO;ouragan;;42.0;-56.2;7.0;26/09/2001;50000.0;0.7;;False;National Hurricane Center (NHC) - https://www.nhc.noaa.gov/archive/2001/HUMBERTO.shtml;Bermudes
2001276N13146;KROSA;typhon;;29.7;142.5;7.0;08/10/2001;50000.0;0.6;;False;Japan Meteorological Agency (JMA) - https://www.jma.go.jp/jma/indexe.html | NOAA Historical Hurricane Tracks - https://coast.noaa.gov/hurricanes/;Japon
2001278N12302;IRIS;ouragan;;16.8;-86.0;7.0;08/10/2001;50000.0;0.6;;False;National Hurricane Center (NHC) - https://www.nhc.noaa.gov/archive/2001/IRIS.shtml;Honduras
2001280N11309;JERRY;ouragan;;11.3;-55.7;5.0;07/10/2001;50000.0;0.4;;False;National Hurricane Center (NHC) - https://www.nhc.noaa.gov/archive/2001/JERRY.shtml;Barbade
2001284N16132;HAIYAN;typhon;;29.2;131.7;7.0;17/10/2001;50000.0;0.7;;False;Japan Meteorological Agency (JMA) - https://www.jma.go.jp/jma/indexe.html;Japon
2001284N28297;KAREN;ouragan;;27.5;-63.0;5.0;11/10/2001;50000.0;0.7;;False;National Hurricane Center (NHC) - https://www.nhc.noaa.gov/archive/2001/KAREN.shtml;Bermudes
2001291N05158;PODUL;typhon;;25.6;155.3;7.0;26/10/2001;50000.0;0.3;;False;Japan Meteorological Agency (JMA) - https://www.jma.go.jp/jma/indexe.html | NOAA Historical Hurricane Tracks - https://coast.noaa.gov/hurricanes/;Japon
2001301N27325;LORENZO;ouragan;;32.8;-46.0;7.0;30/10/2001;5000.0;0.2;;False;National Hurricane Center (NOAA) - https://www.nhc.noaa.gov/archive/2001/LORENZO.shtml;Açores (Portugal)
2001303N13276;MICHELLE;ouragan;;23.7;-78.9;7.0;05/11/2001;500000.0;0.6;;False;National Hurricane Center (NHC) - https://www.nhc.noaa.gov/archive/2001/MICHELLE.shtml;Cuba
2001308N34310;NOEL;ouragan;;44.0;-48.2;5.0;06/11/2001;50000.0;0.7;;False;National Hurricane Center (NOAA) - https://www.nhc.noaa.gov/archive/2001/NOEL.shtml;Canada
2001347N04162;FAXAI;typhon;;22.5;148.0;7.0;24/12/2001;50000.0;0.6;;False;Japan Meteorological Agency (JMA) - https://www.jma.go.jp/jma/indexe.html | NOAA Historical Hurricane Tracks - https://coast.noaa.gov/hurricanes/;Japon
2001363S10185;WAKA;cyclone;;-19.5;-173.4;7.0;31/12/2001;15000.0;0.4;;False;NOAA Historical Hurricane Tracks - https://coast.noaa.gov/hurricanes/?storm=2001363S10185;Tonga
2002017S07078;DINA;cyclone;;-32.7;58.9;8.0;26/01/2002;500000.0;0.6;;False;Météo-France - https://www.meteofrance.re/cyclone/saisons-passees/saison-2001-2002/dina;Maurice
2002042S20156;CLAUDIA;cyclone;;-26.9;166.6;7.0;13/02/2002;50000.0;0.4;;False;NOAA International Best Track Archive for Climate Stewardship (IBTrACS) - https://www.ncdc.noaa.gov/ibtracs/;Nouvelle-Calédonie
2002063S11066;HARY;cyclone;;-36.1;71.3;7.0;16/03/2002;50000.0;0.4;;False;Météo-France / IBTrACS (International Best Track Archive for Climate Stewardship) - https://www.ncdc.noaa.gov/ibtracs/;Madagascar
2002081S08084;IKALA;cyclone;;-35.9;87.7;5.0;02/04/2002;5000.0;0.3;;False;Météo-France / Centre des Cyclones Tropicaux de La Réunion - https://www.meteofrance.re/;Aucun (zone océanique éloignée)
2002133N03150;HAGIBIS;typhon;;20.7;143.2;7.0;19/05/2002;50000.0;0.3;;False;Japan Meteorological Agency (JMA) - https://www.jma.go.jp/jma/indexe.html | NOAA Historical Hurricane Tracks - https://coast.noaa.gov/hurricanes/;Japon
2002155N20112;NOGURI;typhon;;28.5;128.3;7.0;10/06/2002;500000.0;0.6;;False;Japan Meteorological Agency (JMA) - https://www.jma.go.jp/jma/indexe.html | Digital Typhoon - http://agora.ex.nii.ac.jp/digital-typhoon/summary/wnp/s/200215.html.en;Japon
2002178N04155;CHATAAN;typhon;;31.3;135.4;7.0;10/07/2002;500000.0;0.6;;False;Japan Meteorological Agency (JMA) - https://www.jma.go.jp/jma/indexe.html | NOAA Historical Hurricane Tracks - https://coast.noaa.gov/hurricanes/;Japon
2002178N10139;RAMMASUN;typhon;;36.6;126.9;7.0;06/07/2002;500000.0;0.7;;False;Japan Meteorological Agency (JMA) - https://www.jma.go.jp/jma/indexe.html | International Best Track Archive for Climate Stewardship (IBTrACS) - https://www.ncdc.noaa.gov/ibtracs/;Corée du Sud
2002187N11160;HALONG;typhon;;20.2;132.2;7.0;13/07/2002;50000.0;0.3;;False;JTWC (Joint Typhoon Warning Center) - https://www.metoc.navy.mil/jtwc/jtwc.html;Japon
2002196N34283;ARTHUR;ouragan;;35.8;-72.2;5.0;15/07/2002;50000.0;0.7;;False;National Hurricane Center (NHC) - https://www.nhc.noaa.gov/data/hurdat/hurdat2-1851-2021-043023.txt;États-Unis
2002200N21150;FUNG-WONG;typhon;;22.8;150.1;7.0;19/07/2002;50000.0;0.6;;False;Japan Meteorological Agency (JMA) - https://www.jma.go.jp/jma/indexe.html | Joint Typhoon Warning Center (JTWC) - https://www.metoc.navy.mil/jtwc/jtwc.html;Japon
2002202N13254;DOUGLAS;ouragan;;21.1;-132.4;7.0;26/07/2002;50000.0;0.3;;False;National Hurricane Center (NHC) - https://www.nhc.noaa.gov/archive/2002/DOUGLAS.shtml;États-Unis (Hawaï)
2002204N12263;ELIDA;ouragan;;12.1;-99.5;7.0;23/07/2002;50000.0;0.6;;False;National Hurricane Center (NHC) - https://www.nhc.noaa.gov/archive/2002/ELIDA.shtml;Mexique
2002218N32283;CRISTOBAL;ouragan;;30.4;-73.1;7.0;08/08/2002;500000.0;0.7;;False;National Hurricane Center (NHC) - https://www.nhc.noaa.gov/archive/2002/CRISTOBAL.shtml;États-Unis
2002222N09163;PHANFONE;typhon;;33.6;142.9;7.0;19/08/2002;50000.0;0.7;;False;Japan Meteorological Agency (JMA) - https://www.jma.go.jp/jma/indexe.html;
2002227N14115;VONGFONG;typhon;;22.9;110.0;7.0;19/08/2002;1500000.0;0.6;;False;Joint Typhoon Warning Center (JTWC) - https://www.metoc.navy.mil/jtwc/jtwc.html | China Meteorological Administration (CMA) - http://www.cma.gov.cn/en2014/;
2002234N13253;FAUSTO;ouragan;;26.6;-143.9;5.0;28/08/2002;0.0;0.1;;False;National Hurricane Center (NHC) - https://www.nhc.noaa.gov/archive/2002/FAUSTO.shtml;
2002234N14164;RUSA;typhon;;40.6;130.8;7.0;01/09/2002;500000.0;0.6;;False;Digital Typhoon (National Institute of Informatics, Japan) - http://agora.ex.nii.ac.jp/digital-typhoon/summary/wnp/s/200223.html.en;
2002237N10202;ELE;typhon;;10.1;190.2;7.0;27/08/2002;50000.0;0.3;;False;NOAA Historical Hurricane Tracks - https://coast.noaa.gov/hurricanes/?storm=20-2002237N10202;
2002242N10329;DOLLY;ouragan;;12.1;-40.9;5.0;31/08/2002;50000.0;0.3;;False;National Hurricane Center (NHC) - https://www.nhc.noaa.gov/archive/2002/DOLLY.shtml;
2002252N29289;GUSTAV;ouragan;;36.8;-73.0;7.0;11/09/2002;500000.0;0.7;;False;National Hurricane Center (NHC) - https://www.nhc.noaa.gov/archive/2002/GUSTAV.shtml;
2002258N10300;ISIDORE;ouragan;;10.6;-64.3;7.0;15/09/2002;500000.0;0.6;;False;National Hurricane Center (NHC) - https://www.nhc.noaa.gov/archive/2002/ISIDORE.shtml;
2002261N33308;JOSEPHINE;ouragan;;38.0;-48.8;5.0;19/09/2002;50000.0;0.3;;False;National Hurricane Center (NHC) - https://www.nhc.noaa.gov/archive/2002/JOSEPHINE.shtml;
2002263N22139;CHANGMI;typhon;;24.4;137.1;5.0;20/09/2002;50000.0;0.6;;False;Japan Meteorological Agency (JMA) - https://www.jma.go.jp/jma/indexe.html | International Best Track Archive for Climate Stewardship (IBTrACS) - https://www.ncdc.noaa.gov/ibtracs/;
2002264N28308;KYLE;ouragan;;34.8;-77.0;5.0;12/10/2002;500000.0;0.7;;False;National Hurricane Center (NHC) - https://www.nhc.noaa.gov/archive/2002/KYLE.shtml;
2002265N10315;LILI;ouragan;;10.3;-46.5;5.0;22/09/2002;50000.0;0.3;;False;National Hurricane Center (NOAA) - https://www.nhc.noaa.gov/archive/2002/LILI.shtml;
2002268N15163;HIGOS;typhon;;18.9;143.1;7.0;28/09/2002;50000.0;0.3;;False;JTWC (Joint Typhoon Warning Center) - https://www.metoc.navy.mil/jtwc/jtwc.html;
2002282N10156;BAVI;typhon;;30.8;148.1;7.0;13/10/2002;50000.0;0.3;;False;Japan Meteorological Agency (JMA) - https://www.jma.go.jp/jma/indexe.html | NOAA Historical Hurricane Tracks - https://coast.noaa.gov/hurricanes/;
2002295N11261;KENNA;ouragan;;21.3;-105.8;8.0;25/10/2002;50000.0;0.6;;False;National Hurricane Center (NHC) - https://www.nhc.noaa.gov/data/tcr/EP142002_Kenna.pdf;
2002297N09206;HUKO;typhon;;15.5;182.3;7.0;03/11/2002;50000.0;0.4;;False;NOAA Historical Hurricane Tracks - https://coast.noaa.gov/hurricanes/?storm=20-2002297N09206;
2002298N17169;MAYSAK;typhon;;17.6;165.0;7.0;26/10/2002;50000.0;0.4;;False;NOAA Historical Hurricane Tracks - https://coast.noaa.gov/hurricanes/?storm=20-2002298N17169;
2002323N09155;HAISHEN;typhon;;10.0;150.4;7.0;19/11/2002;50000.0;0.3;;False;Japan Meteorological Agency (JMA) - https://www.jma.go.jp/jma/indexe.html | NOAA Historical Hurricane Tracks - https://coast.noaa.gov/hurricanes/;
2002335N05166;PONGSONA;typhon;;19.8;144.9;8.0;09/12/2002;50000.0;0.3;;False;National Hurricane Center / Joint Typhoon Warning Center (JTWC) - https://www.metoc.navy.mil/jtwc/jtwc.html;
2002335S13182;YOLANDE;cyclone;;-24.1;-164.3;5.0;07/12/2002;5000.0;0.3;;False;NOAA Historical Hurricane Tracks - https://coast.noaa.gov/hurricanes/?storm=20-2002335S13182;
2002356S07070;CRYSTAL;cyclone;;-30.3;70.8;5.0;30/12/2002;50000.0;0.4;;False;NOAA Historical Hurricane Tracks - https://coast.noaa.gov/hurricanes/?storm=2002356S07070;
2002364S16045;DELFINA;cyclone;;-15.8;44.8;7.0;30/12/2002;500000.0;0.4;;False;Météo-France / IBTrACS - https://www.ncdc.noaa.gov/ibtracs/index.php?name=ibtracs-data;
2003011N02180;YANYAN;typhon;;3.6;174.3;7.0;13/01/2003;50000.0;0.3;;False;Joint Typhoon Warning Center (JTWC) - https://www.metoc.navy.mil/jtwc/jtwc.html;
2003011S09182;AMI;cyclone;;-17.0;180.0;7.0;13/01/2003;50000.0;0.4;;False;Météo-France / Fijian Meteorological Service - https://www.meteo.fr/temps/domtom/La_Reunion/webcmrs9.0/anglais/index.html | Joint Typhoon Warning Center (JTWC) - https://www.metoc.navy.mil/jtwc/jtwc.html;
2003021S11081;FARI;cyclone;;-14.1;69.5;7.0;24/01/2003;50000.0;0.3;;False;IBTrACS (International Best Track Archive for Climate Stewardship) - https://www.ncdc.noaa.gov/ibtracs/;
2003035S10099;ISHA;cyclone;;-21.8;86.7;6.5;14/02/2003;50000.0;0.4;;False;Météo-France / IBTrACS (International Best Track Archive for Climate Stewardship) - https://www.ncdc.noaa.gov/ibtracs/;
2003039S15066;HAPE;cyclone;;-19.3;75.9;7.0;15/02/2003;50000.0;0.3;;False;NOAA International Best Track Archive for Climate Stewardship (IBTrACS) - https://www.ncdc.noaa.gov/ibtracs/;
2003060S13103;HARRIET;cyclone;;-29.9;109.0;5.0;10/03/2003;5000.0;0.3;;False;NOAA Historical Hurricane Tracks - https://coast.noaa.gov/hurricanes/?storm=2003060S13103;
2003061S21148;ERICA;cyclone;;-21.6;165.2;7.0;13/03/2003;50000.0;0.4;;False;Météo-France Nouvelle-Calédonie - https://www.meteo.nc/;
2003062S10080;KALUNDE;cyclone;;-31.5;66.6;7.0;16/03/2003;50000.0;0.3;;False;Météo-France / Centre des Cyclones Tropicaux de La Réunion - https://www.meteofrance.re/;
2003067S13130;CRAIG;cyclone;;-12.7;137.0;5.0;11/03/2003;15000.0;0.3;;False;Bureau of Meteorology (Australie) - https://www.bom.gov.au;
2003068S14172;ESETA;cyclone;;-21.9;179.5;7.0;12/03/2003;50000.0;0.3;;False;NOAA Historical Hurricane Tracks - https://coast.noaa.gov/hurricanes/?storm=2003068S14172;
2003098N03159;KUJIRA;typhon;;24.8;123.9;7.0;24/04/2003;500000.0;0.6;;False;Japan Meteorological Agency (JMA) - https://www.jma.go.jp/jma/indexe.html;
2003098S23041;LUMA;cyclone;;-28.0;45.0;5.0;10/04/2003;50000.0;0.3;;False;Météo-France / Centre des Cyclones Tropicaux de La Réunion - https://www.meteofrance.re/;
2003103S14180;FILI;cyclone;;-16.1;-175.4;5.0;14/04/2003;50000.0;0.3;;False;NOAA Historical Hurricane Tracks - https://coast.noaa.gov/hurricanes/?storm=2003103S14180;
2003108N29294;ANA;ouragan;;32.1;-39.7;5.0;26/04/2003;0.0;0.1;;False;National Hurricane Center (NHC) - https://www.nhc.noaa.gov/data/hurdat/hurdat2-atlantic.json;
2003122S11065;MANOU;cyclone;;-29.2;48.4;7.0;13/05/2003;50000.0;0.4;;False;Météo-France / IBTrACS - https://www.ncdc.noaa.gov/ibtracs/index.php?name=ibtracs-data;
2003138N04148;CHAN-HOM;typhon;;28.3;158.7;5.0;26/05/2003;50000.0;0.7;;False;Japan Meteorological Agency (JMA) - https://www.jma.go.jp/jma/indexe.html | NOAA Historical Hurricane Tracks - https://coast.noaa.gov/hurricanes/;
2003144N16119;LINFA;typhon;;26.5;130.5;7.0;30/05/2003;500000.0;0.6;;False;Japan Meteorological Agency (JMA) - https://www.jma.go.jp/jma/indexe.html | International Best Track Archive for Climate Stewardship (IBTrACS) - https://www.ncdc.noaa.gov/ibtracs/;
2003150N17119;NANGKA;typhon;;22.8;125.1;7.0;03/06/2003;500000.0;0.6;;False;Japan Meteorological Agency (JMA) - https://www.jma.go.jp/jma/indexe.html | Joint Typhoon Warning Center (JTWC) - https://www.metoc.navy.mil/jtwc/jtwc.html;
2003158N08156;SOUDELOR;typhon;;8.2;155.8;7.0;07/06/2003;50000.0;0.3;;False;Joint Typhoon Warning Center (JTWC) - https://www.metoc.navy.mil/jtwc/jtwc.html;
2003179N20271;BILL;ouragan;;36.9;-80.8;5.0;02/07/2003;500000.0;0.7;;False;National Hurricane Center (NHC) - https://www.nhc.noaa.gov/data/hurdat/hurdat2-1851-2021-050622.txt;
2003188N11307;CLAUDETTE;ouragan;;11.8;-55.3;5.0;07/07/2003;50000.0;0.6;;False;National Hurricane Center (NHC) - https://www.nhc.noaa.gov/archive/2003/CLAUDETTE.shtml;
2003199N14255;FELICIA;ouragan;;18.0;-143.4;5.0;24/07/2003;5000.0;0.2;;False;National Hurricane Center (NHC) - https://www.nhc.noaa.gov/archive/2003/FELICIA.shtml;
2003212N09150;ETAU;typhon;;35.6;136.2;7.0;09/08/2003;500000.0;0.7;;False;Japan Meteorological Agency (JMA) - https://www.jma.go.jp/jma/indexe.html;
2003226N07156;KROVANH;typhon;;22.0;103.0;7.0;26/08/2003;500000.0;0.6;;False;Joint Typhoon Warning Center (JTWC) - https://www.metoc.navy.mil/jtwc/jtwc.html;
2003227N26277;ERIKA;ouragan;;26.4;-83.3;5.0;14/08/2003;500000.0;0.7;;False;National Hurricane Center (NHC) - https://www.nhc.noaa.gov/data/tcr/AL052003_Erika.pdf;
2003230N18125;VAMCO;typhon;;19.5;125.4;7.0;18/08/2003;500000.0;0.4;;False;Joint Typhoon Warning Center (JTWC) - https://www.metoc.navy.mil/jtwc/jtwc.html;
2003240N14230;JIMENA;typhon;;13.7;182.6;7.0;05/09/2003;50000.0;0.4;;False;National Hurricane Center / Joint Typhoon Warning Center (JTWC) - https://www.metoc.navy.mil/jtwc/jtwc.html;
2003240N15329;FABIAN;ouragan;;15.0;-36.2;8.0;28/08/2003;50000.0;0.3;;False;National Hurricane Center (NOAA) - https://www.nhc.noaa.gov/archive/2003/FABIAN.shtml;
2003240N20139;DUJUAN;typhon;;21.8;119.1;7.0;01/09/2003;500000.0;0.7;;False;Joint Typhoon Warning Center (JTWC) - https://www.metoc.navy.mil/jtwc/jtwc.html;
2003243N24268;GRACE;ouragan;;28.2;-95.0;7.0;31/08/2003;500000.0;0.7;;False;National Hurricane Center (NOAA) - https://www.nhc.noaa.gov/archive/2003/GRACE.shtml;
2003247N10153;MAEMI;typhon;;9.9;153.1;9.0;04/09/2003;500000.0;0.4;;False;Japan Meteorological Agency (JMA) - https://www.jma.go.jp/jma/indexe.html | Digital Typhoon - http://agora.ex.nii.ac.jp/digital-typhoon/summary/wnp/s/200324.html.en;
2003249N14329;ISABEL;;;36.7;-77.7;;19/09/2003;;;;False;;
2003259N13133;CHOI-WAN;typhon;;13.1;133.0;7.0;16/09/2003;500000.0;0.6;;False;Joint Typhoon Warning Center (JTWC) - https://www.metoc.navy.mil/jtwc/jtwc.html;
2003267N15140;KOPPU;typhon;;30.6;144.3;7.0;29/09/2003;50000.0;0.7;;False;Japan Meteorological Agency (JMA) - https://www.jma.go.jp/jma/indexe.html;
2003268N28298;JUAN;ouragan;;40.2;-64.1;7.0;28/09/2003;1500000.0;0.7;;False;National Hurricane Center (NHC) - https://www.nhc.noaa.gov/data/tcr/AL152003_Juan.pdf;
2003269N12322;KATE;ouragan;;38.6;-54.0;6.0;07/10/2003;50000.0;0.3;;False;National Hurricane Center (NOAA) - https://www.nhc.noaa.gov/archive/2003/KATE.shtml;
2003286N09323;NICHOLAS;ouragan;;26.1;-56.6;5.0;24/10/2003;50000.0;0.7;;False;National Hurricane Center (NHC) - https://www.nhc.noaa.gov/archive/2003/NICHOLAS.shtml;
2003290N15132;KETSANA;typhon;;25.9;137.1;7.0;25/10/2003;50000.0;0.4;;False;Japan Meteorological Agency (JMA) - https://www.jma.go.jp/jma/indexe.html | NOAA Historical Hurricane Tracks - https://coast.noaa.gov/hurricanes/;
2003291N17147;PARMA;typhon;;29.2;154.1;7.0;24/10/2003;500000.0;0.6;;False;Japan Meteorological Agency (JMA) - https://www.jma.go.jp/jma/indexe.html | International Best Track Archive for Climate Stewardship (IBTrACS) - https://www.ncdc.noaa.gov/ibtracs/;
2003302N11133;MELOR;typhon;;27.5;124.1;7.0;05/11/2003;500000.0;0.6;;False;Japan Meteorological Agency (JMA) - https://www.jma.go.jp/jma/indexe.html | Joint Typhoon Warning Center (JTWC) - https://www.metoc.navy.mil/jtwc/jtwc.html;
2003316N11141;NEPARTAK;typhon;;11.8;136.3;7.0;12/11/2003;500000.0;0.4;;False;JTWC (Joint Typhoon Warning Center) - https://www.metoc.navy.mil/jtwc/jtwc.html;
2003319N13172;LUPIT;typhon;;23.8;134.6;7.0;30/11/2003;500000.0;0.6;;False;Japan Meteorological Agency (JMA) - https://www.jma.go.jp/jma/indexe.html | Joint Typhoon Warning Center (JTWC) - https://www.metoc.navy.mil/jtwc/jtwc.html;
2003338S09065;CELA;cyclone;;-33.5;43.0;7.0;21/12/2003;50000.0;0.4;;False;Météo-France / IBTrACS (International Best Track Archive for Climate Stewardship) - https://www.ncdc.noaa.gov/ibtracs/;
2003339N13284;ODETTE;ouragan;;20.5;-69.5;5.0;07/12/2003;50000.0;0.6;;False;National Hurricane Center (NHC) - https://www.nhc.noaa.gov/archive/2003/ODETTE.shtml;
2003342N28326;PETER;ouragan;;25.1;-35.2;5.0;08/12/2003;0.0;0.1;;False;National Hurricane Center (NHC) - https://www.nhc.noaa.gov/archive/2003/PETER.shtml;
2003358S06067;DARIUS;cyclone;;-27.9;59.6;7.0;04/01/2004;50000.0;0.4;;False;Météo-France / Centre des Cyclones Tropicaux de La Réunion - https://www.meteofrance.re/;
2003359S15177;HETA;cyclone;;-19.0;189.6;8.0;06/01/2004;50000.0;0.3;;False;NOAA Historical Hurricane Tracks - https://coast.noaa.gov/hurricanes/?storm=20-2003359S15177;
2004025S16044;ELITA;cyclone;;-29.2;52.2;7.0;12/02/2004;500000.0;0.4;;False;Météo-France / Centre des Cyclones Tropicaux de La Réunion - https://www.meteofrance.re/;
2004026S12063;FRANK;cyclone;;-27.7;80.5;7.0;07/02/2004;50000.0;0.4;;False;Joint Typhoon Warning Center (JTWC) - https://www.metoc.navy.mil/jtwc/jtwc.html;
2004052S15172;IVY;cyclone;;-24.4;170.7;7.0;27/02/2004;15000.0;0.3;;False;IBTrACS (International Best Track Archive for Climate Stewardship) - https://www.ncdc.noaa.gov/ibtracs/;
2004061S12072;GAFILO;cyclone;;-13.9;67.0;9.0;02/03/2004;800000.0;0.3;;False;Météo-France - https://www.meteofrance.re/cyclone/saisons-passees/2003-2004/gafilo;
2004068S13089;HELMA:NICKY;cyclone;;-32.1;80.8;7.0;16/03/2004;5000.0;0.3;;False;International Best Track Archive for Climate Stewardship (IBTrACS) - https://www.ncdc.noaa.gov/ibtracs/;
2004072S11146;FAY;cyclone;;-11.0;142.0;5.0;13/03/2004;50000.0;0.3;;False;NOAA Historical Hurricane Tracks - https://coast.noaa.gov/hurricanes/?storm=20-2004072S11146;
2004081S15148;GRACE;cyclone;;-16.6;151.2;7.0;21/03/2004;50000.0;0.4;;False;NOAA Historical Hurricane Tracks - https://coast.noaa.gov/hurricanes/;
2004093N07154;SUDAL;typhon;;24.5;141.1;7.0;15/04/2004;50000.0;0.6;;False;Joint Typhoon Warning Center (JTWC) - https://www.metoc.navy.mil/jtwc/jtwc.html;
2004134N07132;NIDA;typhon;;22.5;128.0;7.0;19/05/2004;500000.0;0.6;;False;Joint Typhoon Warning Center (JTWC) - https://www.metoc.navy.mil/jtwc/jtwc.html;
2004156N16117;CONSON;typhon;;31.1;132.2;7.0;11/06/2004;500000.0;0.6;;False;Japan Meteorological Agency (JMA) - https://www.jma.go.jp/jma/indexe.html | Digital Typhoon - http://agora.ex.nii.ac.jp/digital-typhoon/summary/wnp/s/200415.html.en;
2004158N07142;CHANTHU;typhon;;8.2;133.4;7.0;07/06/2004;50000.0;0.4;;False;Joint Typhoon Warning Center (JTWC) - https://www.metoc.navy.mil/jtwc/jtwc.html;
2004164N06139;DIANMU;typhon;;31.0;132.2;7.0;20/06/2004;500000.0;0.6;;False;Japan Meteorological Agency (JMA) - https://www.jma.go.jp/jma/indexe.html | Joint Typhoon Warning Center (JTWC) - https://www.metoc.navy.mil/jtwc/jtwc.html;
2004174N14146;MINDULLE;typhon;;35.5;125.8;7.0;04/07/2004;500000.0;0.7;;False;Japan Meteorological Agency (JMA) - https://www.jma.go.jp/jma/indexe.html | Digital Typhoon - http://agora.ex.nii.ac.jp/digital-typhoon/;
2004177N12154;TINGTING;typhon;;35.8;155.4;7.0;03/07/2004;50000.0;0.3;;False;Japan Meteorological Agency (JMA) - https://www.jma.go.jp/jma/indexe.html | NOAA Historical Hurricane Tracks - https://coast.noaa.gov/hurricanes/;
2004214N30282;ALEX;ouragan;;38.5;-66.0;7.0;05/08/2004;500000.0;0.7;;False;National Hurricane Center (NHC) - https://www.nhc.noaa.gov/archive/2004/ALEX.shtml;
2004215N22148;MALOU;typhon;;26.6;141.4;7.0;03/08/2004;50000.0;0.3;;False;Japan Meteorological Agency (JMA) - https://www.jma.go.jp/jma/indexe.html;
2004216N16166;MERANTI;typhon;;44.2;178.4;7.0;12/08/2004;50000.0;0.3;;False;NOAA Historical Hurricane Tracks - https://coast.noaa.gov/hurricanes/?stormids=2004216N16166;
2004217N13306;BONNIE;ouragan;;13.4;-56.4;7.0;03/08/2004;50000.0;0.6;;False;National Hurricane Center (NHC) - https://www.nhc.noaa.gov/archive/2004/BONNIE.shtml;
2004219N15137;RANANIM;typhon;;15.3;136.8;7.0;06/08/2004;1500000.0;0.6;;False;Japan Meteorological Agency (JMA) - Regional Specialized Meteorological Center (RSMC) Tokyo - https://www.jma.go.jp/jma/jma-eng/jma-center/rsmc-hp-pub-eg/RSMC_HP.htm | International Best Track Archive for Climate Stewardship (IBTrACS) - https://www.ncdc.noaa.gov/ibtracs/;
2004222N24150;MALAKAS;typhon;;25.9;157.6;7.0;10/08/2004;50000.0;0.3;;False;JTWC (Joint Typhoon Warning Center) - https://www.metoc.navy.mil/jtwc/jtwc.html;
2004223N11301;CHARLEY;ouragan;;11.7;-61.1;8.0;09/08/2004;500000.0;0.6;;False;National Hurricane Center (NHC) - https://www.nhc.noaa.gov/data/tcr/AL032004_Charley.pdf;
2004227N09314;EARL;ouragan;;9.6;-49.2;7.0;14/08/2004;50000.0;0.3;;False;National Hurricane Center (NHC) - https://www.nhc.noaa.gov/archive/2004/EARL.shtml;
2004227N15144;MEGI;typhon;;14.9;143.5;7.0;13/08/2004;50000.0;0.4;;False;Joint Typhoon Warning Center (JTWC) - https://www.metoc.navy.mil/jtwc/jtwc.html;
2004230N09172;CHABA;typhon;;32.5;130.6;7.0;30/08/2004;500000.0;0.7;;False;Japan Meteorological Agency (JMA) - https://www.jma.go.jp/jma/indexe.html;
2004231N09147;AERE;;;9.2;145.6;;17/08/2004;;;;False;;
2004238N11325;FRANCES;ouragan;;35.1;-83.8;7.0;08/09/2004;2500000.0;0.7;;False;National Hurricane Center (NHC) - https://www.nhc.noaa.gov/data/tcr/AL062004_Frances.pdf;
2004239N11171;SONGDA;typhon;;31.8;128.6;8.0;06/09/2004;500000.0;0.7;;False;Japan Meteorological Agency (JMA) - https://www.jma.go.jp/jma/indexe.html | Joint Typhoon Warning Center (JTWC) - https://www.metoc.navy.mil/jtwc/jtwc.html;
2004241N29295;HERMINE;ouragan;;34.8;-71.5;7.0;30/08/2004;500000.0;0.7;;False;National Hurricane Center (NHC) - https://www.nhc.noaa.gov/archive/2004/HERMINE.shtml;
2004241N32282;GASTON;ouragan;;39.1;-72.9;6.5;31/08/2004;500000.0;0.7;;False;National Hurricane Center (NHC) - https://www.nhc.noaa.gov/archive/2004/GASTON.shtml;
2004247N10332;IVAN;ouragan;;9.4;-42.4;7.0;05/09/2004;50000.0;0.3;;False;National Hurricane Center (NHC) - https://www.nhc.noaa.gov/archive/2004/IVAN.shtml;
2004248N14156;SARIKA;typhon;;14.0;155.6;7.0;03/09/2004;50000.0;0.3;;False;Joint Typhoon Warning Center (JTWC) - https://www.metoc.navy.mil/jtwc/jtwc.html;
2004255N11267;JAVIER;ouragan;;26.9;-112.7;5.0;19/09/2004;50000.0;0.7;;False;National Hurricane Center (NHC) - https://www.nhc.noaa.gov/archive/2004/JAVIER.shtml;
2004255N23120;HAIMA;typhon;;31.0;119.3;7.0;13/09/2004;500000.0;0.7;;False;JTWC (Joint Typhoon Warning Center) - https://www.metoc.navy.mil/jtwc/jtwc.html | CMA (China Meteorological Administration) - http://www.cma.gov.cn/en2014/;
2004258N16300;JEANNE;ouragan;;35.4;-81.0;7.0;28/09/2004;1500000.0;0.7;;False;National Hurricane Center (NHC) - https://www.nhc.noaa.gov/data/tcr/AL112004_Jeanne.pdf;
2004260N11331;KARL;ouragan;;29.8;-47.1;6.0;23/09/2004;0.0;0.1;;False;National Hurricane Center (NHC) - https://www.nhc.noaa.gov/archive/2004/KARL.shtml;
2004263N13153;MEARI;typhon;;31.7;130.5;7.0;29/09/2004;500000.0;0.7;;False;Japan Meteorological Agency (JMA) - https://www.jma.go.jp/jma/indexe.html | Digital Typhoon - http://agora.ex.nii.ac.jp/digital-typhoon/summary/wnp/s/200426.html.en;
2004264N13328;LISA;ouragan;;38.3;-44.9;5.0;01/10/2004;50000.0;0.3;;False;National Hurricane Center (NHC) - https://www.nhc.noaa.gov/archive/2004/LISA.shtml;
2004275N14139;MA-ON;typhon;;26.0;132.7;7.0;08/10/2004;500000.0;0.7;;False;Japan Meteorological Agency (JMA) - https://www.jma.go.jp/jma/indexe.html | International Best Track Archive for Climate Stewardship (IBTrACS) - https://www.ncdc.noaa.gov/ibtracs/;
2004284N07157;TOKAGE;typhon;;13.4;148.6;7.0;12/10/2004;50000.0;0.4;;False;Japan Meteorological Agency (JMA) - https://www.jma.go.jp/jma/indexe.html | NOAA Historical Hurricane Tracks - https://coast.noaa.gov/hurricanes/;
2004284N30295;NICOLE;ouragan;;34.3;-63.9;6.5;11/10/2004;50000.0;0.7;;False;National Hurricane Center (NHC) - https://www.nhc.noaa.gov/archive/2004/NICOLE.shtml;
2004288N09164;NOCK-TEN;typhon;;27.9;124.5;7.0;25/10/2004;500000.0;0.6;;False;Japan Meteorological Agency (JMA) - Regional Specialized Meteorological Center (RSMC) Tokyo - https://www.jma.go.jp/jma/indexe.html | Joint Typhoon Warning Center (JTWC) - https://www.metoc.navy.mil/jtwc/jtwc.html;
2004319N10134;MUIFA;typhon;;9.6;134.2;7.0;13/11/2004;50000.0;0.4;;False;JTWC (Joint Typhoon Warning Center) - https://www.metoc.navy.mil/jtwc/jtwc.html;
2004333N06154;NANMADOL;typhon;;8.1;142.0;7.0;29/11/2004;50000.0;0.3;;False;JTWC (Joint Typhoon Warning Center) - https://www.metoc.navy.mil/jtwc/jtwc.html;
2004344N06178;TALAS;typhon;;8.3;166.9;5.0;10/12/2004;50000.0;0.4;;False;JTWC (Joint Typhoon Warning Center) - https://www.metoc.navy.mil/jtwc/jtwc.html;
2004352N10154;NORU;typhon;;21.1;148.0;7.0;20/12/2004;50000.0;0.4;;False;JTWC (Joint Typhoon Warning Center) - https://www.metoc.navy.mil/jtwc/jtwc.html;
2004357S16216;JUDY;cyclone;;-25.9;-147.2;5.0;26/12/2004;5000.0;0.3;;False;NOAA Historical Hurricane Tracks - https://coast.noaa.gov/hurricanes/?storm=2004357S16216;
2004365S13120;RAYMOND;cyclone;;-16.2;127.9;7.0;03/01/2005;50000.0;0.4;;False;IBTrACS (International Best Track Archive for Climate Stewardship) - https://www.ncdc.noaa.gov/ibtracs/;
2005015S06089;DAREN;cyclone;;-16.8;64.9;6.0;21/01/2005;50000.0;0.4;;False;International Best Track Archive for Climate Stewardship (IBTrACS) - NOAA - https://www.ncdc.noaa.gov/ibtracs/;
2005017S09061;ERNEST;cyclone;;-27.5;47.1;5.0;23/01/2005;50000.0;0.4;;False;Météo-France / IBTrACS - https://www.ncdc.noaa.gov/ibtracs/index.php?name=ibtracs-data;
2005026S20040;FELAPI;cyclone;;-31.9;54.3;7.0;03/02/2005;50000.0;0.4;;False;Météo-France / Centre des Cyclones Tropicaux de La Réunion - https://www.meteofrance.re/;
2005029S11072;GERARD;cyclone;;-17.7;68.1;5.0;31/01/2005;50000.0;0.4;;False;Météo-France / Centre des Cyclones Tropicaux de La Réunion - https://www.meteofrance.re/;
2005032S14195;MEENA;cyclone;;-22.0;-158.8;7.0;06/02/2005;50000.0;0.7;;False;National Hurricane Center / NOAA - https://www.nhc.noaa.gov/archive/2005/MEENA.shtml;
2005041S13181;OLAF;cyclone;;-19.7;-164.3;7.0;18/02/2005;50000.0;0.4;;False;NOAA Historical Hurricane Tracks - https://coast.noaa.gov/hurricanes/?storm=20-2005041S13181;
2005042S12190;NANCY;cyclone;;-26.0;-167.0;7.0;18/02/2005;5000.0;0.3;;False;NOAA Historical Hurricane Tracks - https://coast.noaa.gov/hurricanes/?redirect=301ocm;
2005054S09173;PERCY;cyclone;;-24.6;201.3;7.0;04/03/2005;50000.0;0.4;;False;NOAA Historical Hurricane Tracks - https://coast.noaa.gov/hurricanes/?storm=20-PERCY;
2005060S12179;RAE;cyclone;;-14.5;190.3;7.0;04/03/2005;50000.0;0.3;;False;NOAA Historical Hurricane Tracks - https://coast.noaa.gov/hurricanes/?storm=2005060S12179;
2005071N06152;ROKE;typhon;;11.9;131.2;5.0;16/03/2005;50000.0;0.4;;False;JTWC (Joint Typhoon Warning Center) - https://www.metoc.navy.mil/jtwc/jtwc.html;
2005089S10085;ISANG;cyclone;;-26.3;67.3;7.0;06/04/2005;50000.0;0.4;;False;Météo-France / Centre des Cyclones Tropicaux de La Réunion - https://www.meteofrance.re/;
2005092S11102;ADELINE:JULIET;cyclone;;-30.4;82.8;7.0;15/04/2005;50000.0;0.3;;False;International Best Track Archive for Climate Stewardship (IBTrACS) - NOAA - https://www.ncdc.noaa.gov/ibtracs/;
2005107N07151;SONCA;typhon;;20.1;134.1;7.0;26/04/2005;50000.0;0.4;;False;Japan Meteorological Agency (JMA) - https://www.jma.go.jp/jma/indexe.html | International Best Track Archive for Climate Stewardship (IBTrACS) - https://www.ncdc.noaa.gov/ibtracs/;
2005110S17180;SHEILA;cyclone;;-16.5;187.2;7.0;21/04/2005;50000.0;0.4;;False;NOAA Historical Hurricane Tracks - https://coast.noaa.gov/hurricanes/?storm=2005110S17180;
2005148N06156;NESAT;typhon;;32.9;142.5;7.0;10/06/2005;50000.0;0.7;;False;Japan Meteorological Agency (JMA) - https://www.jma.go.jp/jma/indexe.html;
2005160N17276;ARLENE;ouragan;;24.9;-85.1;4.0;10/06/2005;50000.0;0.7;;False;National Hurricane Center (NHC) - https://www.nhc.noaa.gov/data/tcr/AL012005_Arlene.pdf;
2005185N18273;CINDY;ouragan;;33.9;-85.2;5.0;07/07/2005;500000.0;0.7;;False;National Hurricane Center (NHC) - https://www.nhc.noaa.gov/data/hurdat/hurdat2-1851-2022-050423.txt;
2005186N12299;DENNIS;ouragan;;30.4;-87.1;8.0;10/07/2005;500000.0;0.7;;False;National Hurricane Center (NHC) - https://www.nhc.noaa.gov/data/tcr/AL042005_Dennis.pdf;
2005192N22155;HAITANG;typhon;;19.4;139.1;7.5;14/07/2005;500000.0;0.4;;False;Joint Typhoon Warning Center (JTWC) - https://www.metoc.navy.mil/jtwc/jtwc.html | Digital Typhoon - http://agora.ex.nii.ac.jp/digital-typhoon/;
2005202N13138;BANYAN;typhon;;33.4;138.9;5.0;26/07/2005;50000.0;0.7;;False;Japan Meteorological Agency (JMA) - https://www.jma.go.jp/jma/indexe.html;
2005203N25285;FRANKLIN;ouragan;;40.8;-62.8;5.0;29/07/2005;50000.0;0.7;;False;National Hurricane Center (NHC) - https://www.nhc.noaa.gov/archive/2005/FRANKLIN.shtml;
2005217N13327;IRENE;ouragan;;38.0;-56.2;7.0;17/08/2005;500000.0;0.7;;False;National Hurricane Center (NHC) - https://www.nhc.noaa.gov/data/tcr/AL092005_Irene.pdf;
2005229N21156;GUCHOL;typhon;;36.2;152.2;7.0;24/08/2005;50000.0;0.4;;False;Japan Meteorological Agency (JMA) - https://www.jma.go.jp/jma/indexe.html;
2005230N20144;MAWAR;typhon;;39.1;154.5;7.0;29/08/2005;50000.0;0.3;;False;Japan Meteorological Agency (JMA) - https://www.jma.go.jp/jma/indexe.html;
2005236N23285;KATRINA;ouragan;;37.8;-86.3;9.0;30/08/2005;1500000.0;0.7;;False;National Hurricane Center (NOAA) - https://www.nhc.noaa.gov/data/tcr/AL122005_Katrina.pdf;
2005241N14315;LEE;ouragan;;18.0;-51.6;7.0;29/08/2005;50000.0;0.3;;False;National Hurricane Center (NHC) - https://www.nhc.noaa.gov/archive/2005/LEE.shtml;
2005241N15155;NABI;typhon;;36.0;131.9;7.5;06/09/2005;1500000.0;0.7;;False;Japan Meteorological Agency (JMA) - https://www.jma.go.jp/jma/indexe.html | Digital Typhoon - http://agora.ex.nii.ac.jp/digital-typhoon/summary/wnp/s/200524.html.en;
2005245N19315;MARIA;ouragan;;46.0;-36.3;7.0;10/09/2005;50000.0;0.3;;False;National Hurricane Center (NOAA) - https://www.nhc.noaa.gov/archive/2005/MARIA.shtml;
2005249N26281;OPHELIA;ouragan;;40.0;-69.7;7.0;17/09/2005;500000.0;0.8;;False;National Hurricane Center (NHC) - https://www.nhc.noaa.gov/archive/2005/OPHELIA.shtml;
2005249N28293;NATE;ouragan;;33.4;-59.1;6.0;09/09/2005;50000.0;0.7;;False;National Hurricane Center (NHC) - https://www.nhc.noaa.gov/archive/2005/NATE.shtml;
2005257N15120;VICENTE;typhon;;15.3;113.7;7.0;17/09/2005;500000.0;0.6;;False;Joint Typhoon Warning Center (JTWC) - https://www.metoc.navy.mil/jtwc/jtwc.html;
2005261N13306;PHILIPPE;ouragan;;28.3;-58.2;5.0;23/09/2005;50000.0;0.3;;False;National Hurricane Center (NHC) - https://www.nhc.noaa.gov/archive/2005/PHILIPPE.shtml;
2005261N14252;MAX;ouragan;;13.5;-107.7;7.0;17/09/2005;50000.0;0.4;;False;National Hurricane Center (NHC) - https://www.nhc.noaa.gov/archive/2005/MAX.shtml;
2005261N21290;RITA;ouragan;;37.0;-90.1;9.0;26/09/2005;2500000.0;0.7;;False;National Hurricane Center (NHC) - https://www.nhc.noaa.gov/data/tcr/AL182005_Rita.pdf;
2005262N20155;SAOLA;typhon;;33.2;140.9;7.0;25/09/2005;500000.0;0.7;;False;Japan Meteorological Agency (JMA) - https://www.jma.go.jp/jma/indexe.html;
2005281N33339;VINCE;ouragan;;35.0;-14.1;5.0;10/10/2005;50000.0;0.7;;False;National Hurricane Center (NHC) - https://www.nhc.noaa.gov/archive/2005/VINCE.shtml;
2005289N18282;WILMA;ouragan;;25.6;-82.3;9.0;24/10/2005;1200000.0;0.7;;False;National Hurricane Center (NOAA) - https://www.nhc.noaa.gov/data/tcr/AL252005_Wilma.pdf;
2005296N16293;ALPHA;ouragan;;18.3;-71.3;7.0;23/10/2005;500000.0;0.4;;False;National Hurricane Center (NOAA) - https://www.nhc.noaa.gov/archive/2005/ALPHA.shtml;
2005318N13298;GAMMA;ouragan;;14.7;-74.2;5.0;16/11/2005;50000.0;0.4;;False;National Hurricane Center (NHC) - https://www.nhc.noaa.gov/archive/2005/gamma.shtml;
2005324N27312;DELTA;ouragan;;24.1;-34.9;5.0;27/11/2005;0.0;0.1;;False;National Hurricane Center (NHC) - https://www.nhc.noaa.gov/archive/2005/DELTA.shtml;
2005364N24324;ZETA;ouragan;;25.5;-55.0;7.0;07/01/2006;50000.0;0.7;;False;National Hurricane Center (NHC) - https://www.nhc.noaa.gov/archive/2006/ZETA.shtml;
2006006S11129;CLARE;cyclone;;-11.5;127.2;6.0;06/01/2006;50000.0;0.4;;False;Bureau of Meteorology (Australie) - http://www.bom.gov.au/cyclone/history/clare.shtml;
2006007S15182;TAM;cyclone;;-17.7;188.0;5.0;13/01/2006;50000.0;0.4;;False;IBTrACS (International Best Track Archive for Climate Stewardship) - https://www.ncdc.noaa.gov/ibtracs/;
2006013S13184;URMIL;cyclone;;-17.9;-173.1;5.0;14/01/2006;50000.0;0.3;;False;NOAA International Best Track Archive for Climate Stewardship (IBTrACS) - https://www.ncdc.noaa.gov/ibtracs/;
2006021S11053;BOLOETSE;cyclone;;-29.6;47.0;7.0;05/02/2006;500000.0;0.4;;False;Météo-France / Centre des Cyclones Tropicaux de La Réunion - https://www.meteofrance.re/;
2006025S18147;JIM;cyclone;;-17.9;162.6;7.0;30/01/2006;50000.0;0.4;;False;NOAA Historical Hurricane Tracks - https://coast.noaa.gov/hurricanes/?storm=2006025S18147;
2006040S15181;VAIANU;cyclone;;-39.1;-156.3;5.0;21/02/2006;5000.0;0.3;;False;NOAA Historical Hurricane Tracks - https://coast.noaa.gov/hurricanes/?storm=2006040S15181;
2006057S12114;EMMA;cyclone;;-13.9;113.9;7.0;26/02/2006;50000.0;0.4;;False;IBTrACS (International Best Track Archive for Climate Stewardship) - https://www.ncdc.noaa.gov/ibtracs/;
2006060S13058;DIWA;cyclone;;-29.8;58.5;5.0;08/03/2006;50000.0;0.4;;False;Météo-France - https://www.meteofrance.re/cyclone/suivi/diwa-2006 | International Best Track Archive for Climate Stewardship (IBTrACS) - https://www.ncdc.noaa.gov/ibtracs/;
2006075S14185;WATI;cyclone;;-21.8;159.2;7.0;24/03/2006;50000.0;0.4;;False;NOAA Historical Hurricane Tracks - https://coast.noaa.gov/hurricanes/?redirect=301ocm;
2006106S10153;MONICA;cyclone;;-9.5;152.5;8.0;16/04/2006;50000.0;0.4;;False;Bureau of Meteorology (Australie) - http://www.bom.gov.au/cyclone/history/monica.shtml;
2006128N09138;CHANCHU;typhon;;26.0;119.2;7.0;18/05/2006;500000.0;0.7;;False;JTWC Best Track Data - https://www.metoc.navy.mil/jtwc/jtwc.html | ReliefWeb - https://reliefweb.int/disaster/tc-2006-000056-chn;
2006180N06140;EWINIAR;typhon;;34.6;126.4;7.0;10/07/2006;500000.0;0.7;;False;Japan Meteorological Agency (JMA) - Regional Specialized Meteorological Center (RSMC) Tokyo - https://www.jma.go.jp/jma/indexe.html | Digital Typhoon - http://agora.ex.nii.ac.jp/digital-typhoon/;
2006188N10143;BILIS;typhon;;26.7;110.5;7.0;16/07/2006;1500000.0;0.6;;False;JTWC Best Track Data - https://www.metoc.navy.mil/jtwc/jtwc.html | ReliefWeb - https://reliefweb.int/disaster/tc-2006-000133-chn;
2006198N08152;KAEMI;typhon;;24.6;111.3;7.0;27/07/2006;1500000.0;0.6;;False;Joint Typhoon Warning Center (JTWC) - https://www.metoc.navy.mil/jtwc/jtwc.html | ReliefWeb - https://reliefweb.int/disaster/tc-2006-000130-chn;
2006200N32287;BERYL;ouragan;;41.0;-70.5;7.0;21/07/2006;500000.0;0.8;;False;National Hurricane Center (NHC) - https://www.nhc.noaa.gov/archive/2006/BERYL.shtml;
2006225N17126;SONAMU;typhon;;21.6;136.3;6.0;15/08/2006;50000.0;0.4;;False;Japan Meteorological Agency (JMA) - https://www.jma.go.jp/jma/indexe.html | Joint Typhoon Warning Center (JTWC) - https://www.metoc.navy.mil/jtwc/jtwc.html;
2006228N10218;IOKE;typhon;;36.5;148.1;8.0;05/09/2006;5000.0;0.3;;False;National Hurricane Center / Joint Typhoon Warning Center (JTWC) - https://www.metoc.navy.mil/jtwc/jtwc.html;
2006247N14321;FLORENCE;ouragan;;38.5;-60.2;8.0;12/09/2006;1500000.0;0.7;;False;National Hurricane Center (NOAA) - https://www.nhc.noaa.gov/data/tcr/AL062006_Florence.pdf;
2006252N13139;SHANSHAN;typhon;;30.3;128.0;7.0;17/09/2006;500000.0;0.7;;False;Japan Meteorological Agency (JMA) - https://www.jma.go.jp/jma/indexe.html | Joint Typhoon Warning Center (JTWC) - https://www.metoc.navy.mil/jtwc/jtwc.html;
2006254N20306;GORDON;ouragan;;37.2;-47.6;7.0;18/09/2006;50000.0;0.3;;False;National Hurricane Center (NHC) - https://www.nhc.noaa.gov/archive/2006/GORDON.shtml;
2006256N12338;HELENE;ouragan;;12.2;-28.0;7.0;13/09/2006;50000.0;0.3;;False;National Hurricane Center (NHC) - https://www.nhc.noaa.gov/archive/2006/HELENE.shtml;
2006259N19155;YAGI;typhon;;32.1;145.1;7.0;23/09/2006;50000.0;0.3;;False;Japan Meteorological Agency (JMA) - https://www.jma.go.jp/jma/indexe.html;
2006271N26307;ISAAC;ouragan;;36.1;-60.1;7.0;01/10/2006;50000.0;0.3;;False;National Hurricane Center (NHC) - https://www.nhc.noaa.gov/archive/2006/ISAAC.shtml;
2006272N13144;BEBINCA;typhon;;22.4;133.7;7.0;04/10/2006;500000.0;0.6;;False;Japan Meteorological Agency (JMA) - Regional Specialized Meteorological Center (RSMC) Tokyo - https://www.jma.go.jp/jma/indexe.html | Joint Typhoon Warning Center (JTWC) - https://www.metoc.navy.mil/jtwc/jtwc.html;
2006276N18151;RUMBIA;typhon;;25.5;151.6;7.0;05/10/2006;50000.0;0.4;;False;Japan Meteorological Agency (JMA) - Regional Specialized Meteorological Center (RSMC) Tokyo - https://www.jma.go.jp/jma/jma-eng/jma-center/rsmc-hp-pub-eg/RSMC_HP.htm;
2006282N13160;SOULIK;typhon;;19.3;148.7;7.0;10/10/2006;50000.0;0.3;;False;JTWC (Joint Typhoon Warning Center) - https://www.metoc.navy.mil/jtwc/jtwc.html;
2006282N14243;NORMAN;ouragan;;14.4;-106.9;7.0;14/10/2006;50000.0;0.4;;False;National Hurricane Center (NHC) - https://www.nhc.noaa.gov/archive/2006/NORMAN.shtml;
2006322S09172;YANI;cyclone;;-9.1;169.1;7.0;18/11/2006;50000.0;0.4;;False;JTWC Best Track Data - https://www.metoc.navy.mil/jtwc/jtwc.html;
2006329N06150;DURIAN;typhon;;8.8;104.6;8.5;05/12/2006;2500000.0;0.4;;False;Digital Typhoon (National Institute of Informatics, Japan) - http://agora.ex.nii.ac.jp/digital-typhoon/summary/wnp/s/2006329N06150/;
2006330S06049;ANITA;cyclone;;-21.9;40.3;5.0;04/12/2006;50000.0;0.4;;False;Météo-France La Réunion - https://www.meteofrance.re/;
2006349N08157;TRAMI;typhon;;7.7;156.9;7.0;15/12/2006;50000.0;0.3;;False;JTWC (Joint Typhoon Warning Center) - https://www.metoc.navy.mil/jtwc/jtwc.html;
2007021S12183;ARTHUR;cyclone;;-13.9;-171.1;5.0;23/01/2007;50000.0;0.3;;False;NOAA Historical Hurricane Tracks - https://coast.noaa.gov/hurricanes/?storm=2007021S12183;
2007021S12195;ZITA;cyclone;;-17.7;-153.4;5.0;23/01/2007;5000.0;0.3;;False;IBTrACS (International Best Track Archive for Climate Stewardship) - https://www.ncdc.noaa.gov/ibtracs/;
2007027S07069;DORA;cyclone;;-37.8;49.3;7.0;12/02/2007;50000.0;0.3;;False;Météo-France / Centre des Cyclones Tropicaux de La Réunion - https://www.meteofrance.re/;
2007052S10093;HUMBA;cyclone;;-30.1;81.7;5.0;01/03/2007;50000.0;0.3;;False;Météo-France / Centre des Cyclones Tropicaux de La Réunion - https://www.meteofrance.re/;
2007062S14119;JACOB;cyclone;;-22.1;120.7;5.0;12/03/2007;15000.0;0.4;;False;Bureau of Meteorology (Australie) - https://www.bom.gov.au;
2007066S12066;INDLALA;cyclone;;-25.1;48.5;7.0;18/03/2007;300000.0;0.4;;False;Météo-France La Réunion / IBTrACS - https://www.meteofrance.re/climat/les-cyclones/historique-des-cyclones?search=INDLALA;
2007085S11085;JAYA;cyclone;;-12.3;76.3;7.0;28/03/2007;500000.0;0.4;;False;Météo-France - La Réunion (CMRS) - https://www.meteofrance.re/;
2007090N06158;KONG-REY;typhon;;22.9;147.9;7.0;04/04/2007;50000.0;0.6;;False;JTWC (Joint Typhoon Warning Center) - https://www.metoc.navy.mil/jtwc/jtwc.html;
2007091S14175;CLIFF;cyclone;;-25.1;186.2;5.0;06/04/2007;50000.0;0.4;;False;NOAA Historical Hurricane Tracks - https://coast.noaa.gov/hurricanes/?storm=2007091S14175;
2007135N08147;YUTU;typhon;;24.6;141.6;8.0;21/05/2007;50000.0;0.3;;False;Joint Typhoon Warning Center (JTWC) - https://www.metoc.navy.mil/jtwc/jtwc.html;
2007151N18273;BARRY;ouragan;;26.0;-84.0;5.0;02/06/2007;500000.0;0.7;;False;National Hurricane Center (NHC) - https://www.nhc.noaa.gov/archive/2007/BARRY.shtml;
2007188N04148;MAN-YI;typhon;;18.1;132.2;7.0;11/07/2007;500000.0;0.6;;False;Japan Meteorological Agency (JMA) - https://www.jma.go.jp/jma/indexe.html | Joint Typhoon Warning Center (JTWC) - https://www.metoc.navy.mil/jtwc/jtwc.html;
2007208N20155;USAGI;typhon;;18.0;152.2;7.0;27/07/2007;50000.0;0.4;;False;Japan Meteorological Agency (JMA) - Regional Specialized Meteorological Center (RSMC) Tokyo - https://www.jma.go.jp/jma/jma-eng/jma-center/rsmc-hp-pub-eg/RSMC_HP.htm;
2007212N36294;CHANTAL;ouragan;;37.1;-65.5;5.0;31/07/2007;50000.0;0.7;;False;National Hurricane Center (NHC) - https://www.nhc.noaa.gov/archive/2007/CHANTAL.shtml;
2007216N18138;PABUK;typhon;;25.9;118.8;7.0;12/08/2007;500000.0;0.7;;False;Joint Typhoon Warning Center (JTWC) - https://www.metoc.navy.mil/jtwc/jtwc.html;
2007219N15130;WUTIP;typhon;;23.5;120.6;7.0;09/08/2007;500000.0;0.7;;False;Joint Typhoon Warning Center (JTWC) - https://www.metoc.navy.mil/jtwc/jtwc.html;
2007225N12331;DEAN;ouragan;;12.0;-33.4;8.0;13/08/2007;500000.0;0.6;;False;National Hurricane Center (NHC) - https://www.nhc.noaa.gov/archive/2007/DEAN.shtml;
2007240N17153;FITOW;typhon;;37.2;139.8;7.0;07/09/2007;500000.0;0.7;;False;Japan Meteorological Agency (JMA) - https://www.jma.go.jp/jma/indexe.html;
2007244N12303;FELIX;ouragan;;12.1;-61.8;8.0;01/09/2007;250000.0;0.6;;False;National Hurricane Center (NHC) - https://www.nhc.noaa.gov/archive/2007/FELIX.shtml;
2007249N24161;DANAS;typhon;;38.2;150.2;5.0;10/09/2007;50000.0;0.3;;False;Japan Meteorological Agency (JMA) - https://www.jma.go.jp/jma/indexe.html;
2007254N18140;NARI;typhon;;35.3;127.9;7.0;16/09/2007;500000.0;0.7;;False;Japan Meteorological Agency (JMA) - Regional Specialized Meteorological Center (RSMC) Tokyo - https://www.jma.go.jp/jma/indexe.html | Digital Typhoon - http://agora.ex.nii.ac.jp/digital-typhoon/;
2007257N16134;WIPHA;typhon;;31.3;119.0;7.0;19/09/2007;5000000.0;0.7;;False;Japan Meteorological Agency (JMA) - Regional Specialized Meteorological Center (RSMC) Tokyo - https://www.jma.go.jp/jma/jma-eng/jma-center/rsmc-hp-pub-eg/RSMC_HP.htm;
2007266N36314;JERRY;ouragan;;41.0;-43.5;5.0;24/09/2007;5000.0;0.3;;False;National Hurricane Center (NHC) - https://www.nhc.noaa.gov/archive/2007/JERRY.shtml;
2007272N17125;LEKIMA;typhon;;17.3;125.0;7.0;28/09/2007;500000.0;0.6;;False;JTWC (Joint Typhoon Warning Center) - https://www.metoc.navy.mil/jtwc/jtwc.html;
2007274N18131;KROSA;typhon;;29.8;124.4;7.0;08/10/2007;500000.0;0.7;;False;Japan Meteorological Agency (JMA) - https://www.jma.go.jp/jma/indexe.html | NOAA Historical Hurricane Tracks - https://coast.noaa.gov/hurricanes/;
2007274N28173;HAIYAN;typhon;;32.6;170.4;7.0;06/10/2007;5000.0;0.3;;False;Japan Meteorological Agency (JMA) - https://www.jma.go.jp/jma/indexe.html;
2007276N20147;PODUL;typhon;;19.7;146.7;7.0;03/10/2007;50000.0;0.4;;False;Joint Typhoon Warning Center (JTWC) - https://www.metoc.navy.mil/jtwc/jtwc.html;
2007282N19181;LINGLING;typhon;;34.8;174.4;7.0;14/10/2007;50000.0;0.3;;False;Japan Meteorological Agency (JMA) - https://www.jma.go.jp/jma/indexe.html | NOAA Historical Hurricane Tracks - https://coast.noaa.gov/hurricanes/;
2007291N19148;KAJIKI;typhon;;26.0;142.1;5.0;20/10/2007;50000.0;0.4;;False;Japan Meteorological Agency (JMA) - https://www.jma.go.jp/jma/indexe.html;
2007297N18300;NOEL;ouragan;;25.1;-77.3;7.0;01/11/2007;1500000.0;0.6;;False;National Hurricane Center (NOAA) - https://www.nhc.noaa.gov/data/tcr/AL162007_Noel.pdf;
2007298N18136;FAXAI;typhon;;25.8;132.3;7.0;26/10/2007;500000.0;0.7;;False;Japan Meteorological Agency (JMA) - https://www.jma.go.jp/jma/indexe.html | Digital Typhoon - http://agora.ex.nii.ac.jp/digital-typhoon/summary/wnp/s/200729.html.en;
2007313N16148;TAPAH;typhon;;23.6;144.5;7.0;12/11/2007;50000.0;0.4;;False;Japan Meteorological Agency (JMA) - https://www.jma.go.jp/jma/indexe.html | Joint Typhoon Warning Center (JTWC) - https://www.metoc.navy.mil/jtwc/jtwc.html;
2007314N10093;SIDR;cyclone;;22.5;90.4;9.0;15/11/2007;2000000.0;0.4;;False;EM-DAT (International Disaster Database) - https://www.emdat.be/;
2007322S06075;BONGWE;cyclone;;-18.3;53.0;5.0;28/11/2007;50000.0;0.4;;False;Météo-France La Réunion / IBTrACS - https://www.meteofrance.re/climat/les-cyclones/historique-des-cyclones;
2007323N09128;HAGIBIS;typhon;;12.9;122.0;7.0;27/11/2007;500000.0;0.6;;False;JTWC (Joint Typhoon Warning Center) - https://www.metoc.navy.mil/jtwc/jtwc.html;
2007324N10140;MITAG;typhon;;10.0;140.0;7.0;19/11/2007;500000.0;0.4;;False;JTWC (Joint Typhoon Warning Center) - https://www.metoc.navy.mil/jtwc/jtwc.html;
2007345N18298;OLGA;ouragan;;25.0;-87.2;5.0;16/12/2007;500000.0;0.7;;False;National Hurricane Center (NHC) - https://www.nhc.noaa.gov/archive/2007/OLGA.shtml;
2008015S16162;FUNA;cyclone;;-23.8;175.6;7.0;19/01/2008;50000.0;0.3;;False;IBTrACS (International Best Track Archive for Climate Stewardship) - https://www.ncdc.noaa.gov/ibtracs/;
2008023S10050;FAME;cyclone;;-22.0;54.5;7.0;01/02/2008;500000.0;0.4;;False;Météo-France (La Réunion) - https://www.meteofrance.re/;
2008026S11064;GULA;cyclone;;-21.2;58.9;7.0;31/01/2008;500000.0;0.6;;False;Météo-France / Centre des Cyclones Tropicaux de La Réunion - https://www.meteofrance.re/;
2008026S12179;GENE;cyclone;;-28.6;181.4;7.0;05/02/2008;50000.0;0.4;;False;Joint Typhoon Warning Center (JTWC) - https://www.metoc.navy.mil/jtwc/jtwc.html | Météo-France La Réunion - https://www.meteofrance.re/;
2008065S12096;KAMBA;cyclone;;-28.8;78.6;5.0;13/03/2008;50000.0;0.3;;False;International Best Track Archive for Climate Stewardship (IBTrACS) - https://www.ncdc.noaa.gov/ibtracs/;
2008111S06082;DURGA;cyclone;;-8.2;91.5;5.0;22/04/2008;50000.0;0.3;;False;IBTrACS (International Best Track Archive for Climate Stewardship) - https://www.ncdc.noaa.gov/ibtracs/;
2008128N07134;RAMMASUN;typhon;;25.3;134.6;8.0;12/05/2008;500000.0;0.6;;False;JTWC (Joint Typhoon Warning Center) - https://www.metoc.navy.mil/jtwc/jtwc.html;
2008135N12116;HALONG;typhon;;22.7;129.5;7.0;19/05/2008;50000.0;0.6;;False;Japan Meteorological Agency (JMA) - Regional Specialized Meteorological Center (RSMC) Tokyo - https://www.jma.go.jp/jma/jma-eng/jma-center/rsmc-hp-pub-eg/RSMC_HP.htm;
2008135N16125;MATMO;typhon;;20.8;126.6;7.0;15/05/2008;500000.0;0.4;;False;Joint Typhoon Warning Center (JTWC) - https://www.metoc.navy.mil/jtwc/jtwc.html;
2008147N10141;NAKRI;typhon;;26.0;134.9;7.0;02/06/2008;500000.0;0.6;;False;Japan Meteorological Agency (JMA) - https://www.jma.go.jp/jma/indexe.html | Digital Typhoon - http://agora.ex.nii.ac.jp/digital-typhoon/summary/wnp/s/200814.html.en;
2008185N13337;BERTHA;ouragan;;17.0;-42.3;7.0;06/07/2008;50000.0;0.3;;False;National Hurricane Center (NHC) - https://www.nhc.noaa.gov/archive/2008/BERTHA.shtml;
2008193N20126;KALMAEGI;typhon;;35.7;124.0;7.0;20/07/2008;500000.0;0.7;;False;Japan Meteorological Agency (JMA) - Regional Specialized Meteorological Center (RSMC) Tokyo - https://www.jma.go.jp/jma/jma-eng/jma-center/rsmc-hp-pub-eg/RSMC_HP.htm;
2008198N10265;FAUSTO;ouragan;;10.0;-95.2;5.0;16/07/2008;50000.0;0.6;;False;National Hurricane Center (NHC) - https://www.nhc.noaa.gov/archive/2008/FAUSTO.shtml;
2008201N32280;CRISTOBAL;ouragan;;39.1;-68.2;5.0;22/07/2008;500000.0;0.7;;False;National Hurricane Center (NHC) - https://www.nhc.noaa.gov/archive/2008/CRISTOBAL.shtml;
2008203N18276;DOLLY;ouragan;;20.8;-87.0;7.0;21/07/2008;500000.0;0.7;;False;National Hurricane Center (NOAA) - https://www.nhc.noaa.gov/data/tcr/AL042008_Dolly.pdf;
2008218N10224;KIKA;typhon;;10.2;221.5;5.0;05/08/2008;50000.0;0.4;;False;NOAA Historical Hurricane Tracks - https://coast.noaa.gov/hurricanes/?storm=2008218N10224;
2008223N27151;PHANFONE;typhon;;28.9;153.7;7.0;10/08/2008;50000.0;0.7;;False;Japan Meteorological Agency (JMA) - https://www.jma.go.jp/jma/indexe.html;
2008226N22134;VONGFONG;typhon;;32.3;139.6;7.0;15/08/2008;500000.0;0.7;;False;Japan Meteorological Agency (JMA) - https://www.jma.go.jp/jma/indexe.html | Joint Typhoon Warning Center (JTWC) - https://www.metoc.navy.mil/jtwc/jtwc.html;
2008229N13147;NURI;typhon;;14.8;140.2;7.0;17/08/2008;500000.0;0.6;;False;Joint Typhoon Warning Center (JTWC) - https://www.metoc.navy.mil/jtwc/jtwc.html;
2008229N18293;FAY;ouragan;;18.4;-67.4;6.5;15/08/2008;500000.0;0.7;;False;National Hurricane Center (NHC) - https://www.nhc.noaa.gov/archive/2008/FAY.shtml;
2008238N13293;GUSTAV;ouragan;;36.2;-92.3;8.0;04/09/2008;1500000.0;0.7;;False;National Hurricane Center (NHC) - https://www.nhc.noaa.gov/data/tcr/AL072008_Gustav.pdf;
2008241N19303;HANNA;ouragan;;32.4;-79.1;7.0;06/09/2008;500000.0;0.7;;False;National Hurricane Center (NHC) - https://www.nhc.noaa.gov/archive/2008/HANNA.shtml;
2008245N17323;IKE;ouragan;;33.5;-94.9;8.0;14/09/2008;2500000.0;0.7;;False;National Hurricane Center (NHC) - https://www.nhc.noaa.gov/data/tcr/AL092008_Ike.pdf;
2008246N12338;JOSEPHINE;ouragan;;17.3;-48.3;4.0;09/09/2008;50000.0;0.3;;False;National Hurricane Center (NHC) - https://www.nhc.noaa.gov/archive/2008/josephine.shtml;
2008252N16128;SINLAKU;typhon;;34.6;140.9;6.5;19/09/2008;500000.0;0.7;;False;Japan Meteorological Agency (JMA) - https://www.jma.go.jp/jma/indexe.html | Digital Typhoon - http://agora.ex.nii.ac.jp/digital-typhoon/summary/wnp/s/200825.html.en;
2008268N12140;JANGMI;typhon;;29.8;131.6;7.0;01/10/2008;500000.0;0.7;;False;Japan Meteorological Agency (JMA) - https://www.jma.go.jp/jma/indexe.html | Digital Typhoon - http://agora.ex.nii.ac.jp/digital-typhoon/summary/wnp/s/200826.html.en;
2008269N21290;KYLE;ouragan;;32.2;-69.6;5.0;27/09/2008;50000.0;0.7;;False;National Hurricane Center (NHC) - https://www.nhc.noaa.gov/archive/2008/KYLE.shtml;
2008270N39325;LAURA;ouragan;;48.5;-46.1;5.0;01/10/2008;50000.0;0.7;;False;National Hurricane Center (NOAA) - https://www.nhc.noaa.gov/archive/2008/LAURA.shtml;
2008272N15113;MEKKHALA;typhon;;18.1;105.3;7.0;30/09/2008;500000.0;0.6;;False;Joint Typhoon Warning Center (JTWC) - https://www.metoc.navy.mil/jtwc/jtwc.html | ReliefWeb - https://reliefweb.int/disaster/tc-2008-000199-vnm;
2008278N13261;NORBERT;ouragan;;26.6;-109.3;7.0;12/10/2008;50000.0;0.7;;False;National Hurricane Center (NHC) - https://www.nhc.noaa.gov/archive/2008/NORBERT.shtml;
2008287N15291;OMAR;ouragan;;17.4;-64.6;7.0;16/10/2008;150000.0;0.7;;False;National Hurricane Center (NOAA) - https://www.nhc.noaa.gov/archive/2008/OMAR.shtml;
2008290S05071;ASMA;cyclone;;-11.5;43.3;5.0;24/10/2008;50000.0;0.4;;False;Météo-France - https://www.meteofrance.fr/previsions-meteo-marine/bulletin/grandlarge/madagascar | International Best Track Archive for Climate Stewardship (IBTrACS) - https://www.ncdc.noaa.gov/ibtracs/;
2008292N20152;BAVI;typhon;;27.6;148.8;7.0;19/10/2008;50000.0;0.3;;False;Japan Meteorological Agency (JMA) - https://www.jma.go.jp/jma/indexe.html | Joint Typhoon Warning Center (JTWC) - https://www.metoc.navy.mil/jtwc/jtwc.html;
2008298N16085;RASHMI;cyclone;;21.9;89.8;6.5;26/10/2008;500000.0;0.6;;False;India Meteorological Department (IMD) - https://mausam.imd.gov.in/;
2008311N14278;PALOMA;ouragan;;26.8;-85.9;7.0;14/11/2008;500000.0;0.7;;False;National Hurricane Center (NHC) - https://www.nhc.noaa.gov/archive/2008/PALOMA.shtml;
2008319S07086;BERNARD;cyclone;;-9.7;82.8;5.0;20/11/2008;50000.0;0.3;;False;NOAA International Best Track Archive for Climate Stewardship (IBTrACS) - https://www.ncdc.noaa.gov/ibtracs/;
2008320N08122;NOUL;typhon;;11.9;108.6;7.0;17/11/2008;500000.0;0.6;;False;Joint Typhoon Warning Center (JTWC) - https://www.metoc.navy.mil/jtwc/jtwc.html;
2008320N23146;HAISHEN;typhon;;32.3;161.0;7.0;17/11/2008;50000.0;0.3;;False;Japan Meteorological Agency (JMA) - https://www.jma.go.jp/jma/indexe.html | NOAA Historical Hurricane Tracks - https://coast.noaa.gov/hurricanes/;
2008343N16168;DOLPHIN;typhon;;15.5;168.0;7.0;08/12/2008;50000.0;0.4;;False;Joint Typhoon Warning Center (JTWC) - https://www.metoc.navy.mil/jtwc/jtwc.html;
2009008S13069;DONGO;cyclone;;-24.8;70.0;5.0;11/01/2009;50000.0;0.3;;False;Météo-France / Centre des Cyclones Tropicaux de La Réunion - https://www.meteofrance.re/;
2009017S15059;ERIC;cyclone;;-27.3;50.3;5.0;21/01/2009;50000.0;0.4;;False;Météo-France / IBTrACS - https://www.ncdc.noaa.gov/ibtracs/index.php?name=ibtracs-data;
2009024S17123;DOMINIC;cyclone;;-27.2;117.8;5.0;28/01/2009;15000.0;0.6;;False;Bureau of Meteorology (Australie) - http://www.bom.gov.au/cyclone/history/dominic.shtml;
2009025S12177;HETTIE;cyclone;;-12.0;177.0;5.0;25/01/2009;50000.0;0.4;;False;IBTrACS (International Best Track Archive for Climate Stewardship) - https://www.ncdc.noaa.gov/ibtracs/;
2009032S15071;GAEL;cyclone;;-28.3;56.3;7.0;09/02/2009;50000.0;0.4;;False;Météo-France - https://www.meteofrance.re/cyclone/saisons-passees/saison-2008-2009/gael;
2009034S16126;FREDDY;cyclone;;-15.5;125.5;7.0;03/02/2009;50000.0;0.4;;False;Météo-France / Centre des Cyclones Tropicaux de La Réunion - https://www.meteofrance.re/;
2009045S18174;INNIS;cyclone;;-23.8;161.9;5.0;17/02/2009;50000.0;0.4;;False;NOAA International Best Track Archive for Climate Stewardship (IBTrACS) - https://www.ncei.noaa.gov/products/international-best-track-archive;
2009051S11075;HINA;cyclone;;-22.7;69.0;7.0;25/02/2009;50000.0;0.3;;False;IBTrACS (International Best Track Archive for Climate Stewardship) - https://www.ncdc.noaa.gov/ibtracs/;
2009059S10101;GABRIELLE;cyclone;;-17.8;99.7;5.0;05/03/2009;50000.0;0.4;;False;NOAA International Best Track Archive for Climate Stewardship (IBTrACS) - https://www.ncdc.noaa.gov/ibtracs/;
2009069S19204;JONI;cyclone;;-30.4;-159.1;5.0;13/03/2009;1000.0;0.3;;False;NOAA International Best Track Archive for Climate Stewardship (IBTrACS) - https://www.ncdc.noaa.gov/ibtracs/;
2009075S18197;KEN;cyclone;;-26.6;-159.1;5.0;19/03/2009;5000.0;0.2;;False;NOAA Historical Hurricane Tracks - https://coast.noaa.gov/hurricanes/?storm=2009075S18197;
2009082S15154;JASPER;cyclone;;-17.8;159.7;7.0;24/03/2009;50000.0;0.4;;False;IBTrACS (International Best Track Archive for Climate Stewardship) - https://www.ncdc.noaa.gov/ibtracs/;
2009092S15178;LIN;cyclone;;-15.2;180.2;7.0;03/04/2009;50000.0;0.3;;False;Joint Typhoon Warning Center (JTWC) - https://www.metoc.navy.mil/jtwc/jtwc.html;
2009093S12062;JADE;cyclone;;-27.3;55.4;7.0;11/04/2009;150000.0;0.6;;False;Météo-France / Centre des Cyclones Tropicaux de La Réunion - https://www.meteofrance.re/;
2009121N13124;KUJIRA;typhon;;22.8;141.3;7.0;06/05/2009;50000.0;0.6;;False;Japan Meteorological Agency (JMA) - https://www.jma.go.jp/jma/indexe.html;
2009143N17089;AILA;cyclone;;26.9;88.8;7.0;26/05/2009;3500000.0;0.4;;False;EM-DAT (International Disaster Database) - https://www.emdat.be/;
2009164N10131;LINFA;typhon;;30.1;125.4;7.0;23/06/2009;500000.0;0.6;;False;Japan Meteorological Agency (JMA) - https://www.jma.go.jp/jma/indexe.html | Joint Typhoon Warning Center (JTWC) - https://www.metoc.navy.mil/jtwc/jtwc.html;
2009213N16130;GONI;typhon;;17.3;120.6;9.0;01/08/2009;500000.0;0.6;;False;Joint Typhoon Warning Center (JTWC) - https://www.metoc.navy.mil/jtwc/jtwc.html | ReliefWeb - https://reliefweb.int/disaster/tc-2009-000174-phl;
2009215N20133;MORAKOT;typhon;;36.2;127.6;8.0;12/08/2009;2500000.0;0.6;;False;NASA Hurricane and Typhoon Updates - NOAA Historical Hurricane Tracks - https://coast.noaa.gov/hurricanes/?storm=20-2009&lang=en | Wikipedia - Typhoon Morakot - https://en.wikipedia.org/wiki/Typhoon_Morakot;
2009219N19140;ETAU;typhon;;32.9;144.1;7.0;11/08/2009;50000.0;0.3;;False;Japan Meteorological Agency (JMA) - https://www.jma.go.jp/jma/indexe.html;
2009222N09262;GUILLERMO;ouragan;;10.8;-103.0;7.0;10/08/2009;50000.0;0.3;;False;National Hurricane Center (NHC) - https://www.nhc.noaa.gov/archive/2009/guillermo.shtml;
2009222N14336;ANA;ouragan;;14.5;-52.6;5.0;16/08/2009;50000.0;0.4;;False;National Hurricane Center (NHC) - https://www.nhc.noaa.gov/archive/2009/ana.shtml;
2009227N12328;BILL;ouragan;;13.1;-41.3;7.0;17/08/2009;50000.0;0.3;;False;National Hurricane Center (NOAA) - https://www.nhc.noaa.gov/archive/2009/BILL.shtml;
2009228N11163;VAMCO;typhon;;34.5;155.6;7.0;24/08/2009;50000.0;0.3;;False;Japan Meteorological Agency (JMA) - https://www.jma.go.jp/jma/indexe.html;
2009238N20151;KROVANH;typhon;;36.4;141.5;7.0;31/08/2009;500000.0;0.7;;False;Japan Meteorological Agency (JMA) - https://www.jma.go.jp/jma/indexe.html;
2009245N17303;ERIKA;cyclone;;16.3;-61.0;5.0;02/09/2009;300000.0;0.6;;False;National Hurricane Center (NHC) - https://www.nhc.noaa.gov/archive/2009/ERIKA.shtml;
2009246N12250;LINDA;ouragan;;13.1;-116.7;7.0;05/09/2009;50000.0;0.3;;False;National Hurricane Center (NHC) - https://www.nhc.noaa.gov/archive/2009/ep14/ep142009.discus.007.shtml;
2009246N18130;DUJUAN;typhon;;31.7;142.5;7.0;08/09/2009;50000.0;0.7;;False;Japan Meteorological Agency (JMA) - https://www.jma.go.jp/jma/indexe.html | Joint Typhoon Warning Center (JTWC) - https://www.metoc.navy.mil/jtwc/jtwc.html;
2009255N13155;CHOI-WAN;typhon;;29.8;142.4;7.0;19/09/2009;50000.0;0.7;;False;Japan Meteorological Agency (JMA) - https://www.jma.go.jp/jma/indexe.html | Joint Typhoon Warning Center (JTWC) - https://www.metoc.navy.mil/jtwc/jtwc.html;
2009271N15257;OLAF;ouragan;;17.2;-109.1;7.0;29/09/2009;50000.0;0.3;;False;National Hurricane Center (NHC) - https://www.nhc.noaa.gov/archive/2009/OLAF.shtml;
2009272N07164;MELOR;typhon;;10.3;158.9;7.0;29/09/2009;500000.0;0.6;;False;Joint Typhoon Warning Center (JTWC) - https://www.metoc.navy.mil/jtwc/jtwc.html;
2009281N15144;NEPARTAK;typhon;;26.9;148.0;7.0;12/10/2009;50000.0;0.4;;False;Japan Meteorological Agency (JMA) - https://www.jma.go.jp/jma/indexe.html | NOAA Historical Hurricane Tracks - https://coast.noaa.gov/hurricanes/;
2009287N10154;LUPIT;typhon;;10.8;150.0;8.0;14/10/2009;500000.0;0.4;;False;Joint Typhoon Warning Center (JTWC) - https://www.metoc.navy.mil/jtwc/jtwc.html;
2009288N07267;RICK;ouragan;;22.8;-107.1;7.0;21/10/2009;500000.0;0.6;;False;National Hurricane Center (NHC) - https://www.nhc.noaa.gov/archive/2009/RICK.shtml;
2009289N12230;NEKI;ouragan;;11.2;-138.7;4.0;16/10/2009;5000.0;0.3;;False;National Hurricane Center (NHC) - https://www.nhc.noaa.gov/archive/2009/NEKI.shtml;
2009308N11279;IDA;ouragan;;25.3;-88.0;8.0;09/11/2009;1500000.0;0.7;;False;National Hurricane Center (NHC) - https://www.nhc.noaa.gov/archive/2009/IDA.shtml;
2009317S10073;ANJA;cyclone;;-24.2;68.4;7.0;18/11/2009;5000.0;0.3;;False;Météo-France - https://www.meteofrance.re/cyclone/suivi/anja-2009 | Joint Typhoon Warning Center (JTWC) - https://www.metoc.navy.mil/jtwc/jtwc.html;
2009342S09140;LAURENCE;cyclone;;-25.1;127.1;7.0;23/12/2009;15000.0;0.4;;False;Bureau of Meteorology (Australie) - http://www.bom.gov.au/cyclone/history/laurence.shtml;
2010002S09096;EDZANI;cyclone;;-34.7;69.6;7.0;14/01/2010;50000.0;0.3;;False;Météo-France / Centre des Cyclones Tropicaux de La Réunion - https://www.meteofrance.re/;
2010020S08163;OLGA;cyclone;;-12.5;158.2;7.0;21/01/2010;50000.0;0.4;;False;IBTrACS (NOAA) - https://www.ncdc.noaa.gov/ibtracs/;
2010020S14147;NEVILLE;cyclone;;-13.6;148.7;5.0;23/01/2010;50000.0;0.4;;False;Bureau of Meteorology (Australie) - http://www.bom.gov.au/cyclone/history/neville.shtml;
2010027S14184;NISHA;cyclone;;-14.2;-171.9;5.0;27/01/2010;5000.0;0.3;;False;NOAA Historical Hurricane Tracks - https://coast.noaa.gov/hurricanes/?stormids=2010027S14184;
2010029S12177;OLI;cyclone;;-11.6;181.4;7.0;30/01/2010;50000.0;0.4;;False;Météo-France - https://www.meteofrance.fr/actualites-et-dossiers/actualites/climat/le-cyclone-oli-en-2010;
2010040S11185;RENE;cyclone;;-32.7;179.0;5.0;18/02/2010;5000.0;0.3;;False;NOAA Historical Hurricane Tracks - https://coast.noaa.gov/hurricanes/?storm=20-RENE;
2010051S06195;SARAH;cyclone;;-6.5;-161.6;7.0;20/02/2010;50000.0;0.3;;False;NOAA International Best Track Archive for Climate Stewardship (IBTrACS) - https://www.ncdc.noaa.gov/ibtracs/;
2010069S12188;TOMAS;cyclone;;-22.2;-178.3;7.0;16/03/2010;50000.0;0.4;;False;NOAA Historical Hurricane Tracks - https://coast.noaa.gov/hurricanes/?stormids=2010069S12188;
2010110S10118;SEAN;cyclone;;-18.2;104.5;5.0;26/04/2010;50000.0;0.4;;False;IBTrACS (International Best Track Archive for Climate Stewardship) - https://www.ncdc.noaa.gov/ibtracs/;
2010151N14065;PHET;cyclone;;25.7;69.6;7.0;06/06/2010;500000.0;0.4;;False;NOAA International Best Track Archive for Climate Stewardship (IBTrACS) - https://www.ncdc.noaa.gov/ibtracs/;
2010203N22286;BONNIE;ouragan;;23.7;-77.5;5.0;23/07/2010;500000.0;0.7;;False;National Hurricane Center (NOAA) - https://www.nhc.noaa.gov/archive/2010/BONNIE.shtml;
2010215N13319;COLIN;ouragan;;13.1;-43.4;5.0;02/08/2010;50000.0;0.3;;False;National Hurricane Center (NHC) - https://www.nhc.noaa.gov/archive/2010/COLIN.shtml;
2010218N20127;DIANMU;typhon;;37.7;134.9;7.0;11/08/2010;500000.0;0.6;;False;Japan Meteorological Agency (JMA) - https://www.jma.go.jp/jma/indexe.html | Digital Typhoon - http://agora.ex.nii.ac.jp/digital-typhoon/;
2010234N11329;DANIELLE;ouragan;;32.4;-57.9;5.0;29/08/2010;5000.0;0.8;;False;National Hurricane Center (NHC) - https://www.nhc.noaa.gov/archive/2010/DANIELLE.shtml;
2010236N12341;EARL;ouragan;;38.3;-71.5;7.0;03/09/2010;500000.0;0.7;;False;National Hurricane Center (NHC) - https://www.nhc.noaa.gov/archive/2010/EARL.shtml;
2010240N15142;KOMPASU;typhon;;30.4;125.2;7.0;01/09/2010;500000.0;0.6;;False;Japan Meteorological Agency (JMA) - Regional Specialized Meteorological Center (RSMC) Tokyo - https://www.jma.go.jp/jma/indexe.html | Joint Typhoon Warning Center (JTWC) - https://www.metoc.navy.mil/jtwc/jtwc.html;
2010242N14318;FIONA;ouragan;;14.0;-41.8;5.0;30/08/2010;50000.0;0.3;;False;National Hurricane Center (NHC) - https://www.nhc.noaa.gov/archive/2010/FIONA.shtml;
2010243N12146;MALOU;typhon;;18.7;138.1;7.0;02/09/2010;50000.0;0.3;;False;Japan Meteorological Agency (JMA) - https://www.jma.go.jp/jma/indexe.html;
2010249N24125;MERANTI;typhon;;33.6;124.7;9.0;11/09/2010;500000.0;0.7;;False;JTWC (Joint Typhoon Warning Center) - https://www.metoc.navy.mil/jtwc/jtwc.html | NASA Earth Observatory - https://earthobservatory.nasa.gov/;
2010251N14337;IGOR;ouragan;;16.5;-31.4;8.0;10/09/2010;50000.0;0.3;;False;National Hurricane Center (NHC) - https://www.nhc.noaa.gov/archive/2010/IGOR_graphics.shtml;
2010255N13340;JULIA;ouragan;;21.4;-36.7;7.0;16/09/2010;50000.0;0.3;;False;National Hurricane Center (NHC) - https://www.nhc.noaa.gov/archive/2010/JULIA.shtml;
2010263N15149;MALAKAS;typhon;;25.2;140.9;7.0;24/09/2010;50000.0;0.4;;False;Japan Meteorological Agency (JMA) - https://www.jma.go.jp/jma/indexe.html;
2010271N19276;NICOLE;ouragan;;23.3;-80.1;6.5;29/09/2010;500000.0;0.7;;False;National Hurricane Center (NHC) - https://www.nhc.noaa.gov/archive/2010/NICOLE.shtml;
2010279N22293;OTTO;ouragan;;27.8;-60.8;7.0;09/10/2010;50000.0;0.3;;False;National Hurricane Center (NHC) - https://www.nhc.noaa.gov/archive/2010/OTTO.shtml;
2010293N16147;CHABA;typhon;;29.9;134.8;7.0;29/10/2010;50000.0;0.4;;False;Japan Meteorological Agency (JMA) - https://www.jma.go.jp/jma/indexe.html | Joint Typhoon Warning Center (JTWC) - https://www.metoc.navy.mil/jtwc/jtwc.html;
2010293N17093;GIRI;cyclone;;23.3;98.5;8.0;23/10/2010;1500000.0;0.4;;False;World Meteorological Organization (WMO) & ReliefWeb - https://reliefweb.int/disaster/tc-2010-000217-mmr;
2010302N09306;TOMAS;ouragan;;26.1;-63.4;7.0;08/11/2010;500000.0;0.6;;False;National Hurricane Center (NHC) - https://www.nhc.noaa.gov/archive/2010/TOMAS.shtml;
2010302N26299;SHARY;ouragan;;25.6;-61.2;4.0;28/10/2010;50000.0;0.7;;False;National Hurricane Center (NHC) - https://www.nhc.noaa.gov/archive/2010/SHARY.shtml;
2010302S08098;ANGGREK;cyclone;;-20.6;89.0;5.0;06/11/2010;50000.0;0.4;;False;JTWC (Joint Typhoon Warning Center) - https://www.metoc.navy.mil/jtwc/jtwc.html;
2010305N06105;JAL;cyclone;;14.2;78.9;7.0;08/11/2010;500000.0;0.6;;False;India Meteorological Department (IMD) - https://mausam.imd.gov.in/;
2011013S15151;ZELIA;cyclone;;-16.3;155.0;7.0;15/01/2011;50000.0;0.4;;False;Bureau of Meteorology (Australie) - http://www.bom.gov.au/cyclone/history/zelia.shtml;
2011020S13182;WILMA;cyclone;;-18.0;187.5;7.0;24/01/2011;50000.0;0.4;;False;NOAA Historical Hurricane Tracks - https://coast.noaa.gov/hurricanes/?redirect=301ocm;
2011022S16146;ANTHONY;cyclone;;-15.5;149.9;5.0;23/01/2011;50000.0;0.6;;False;Bureau of Meteorology (Australie) - http://www.bom.gov.au/cyclone/history/anthony.shtml;
2011028S13180;YASI;cyclone;;-13.3;178.2;9.0;28/01/2011;300000.0;0.6;;False;Bureau of Meteorology (Australie) - http://www.bom.gov.au/cyclone/history/yasi.shtml;
2011034S19199;ZAKA;cyclone;;-26.5;182.2;7.0;06/02/2011;50000.0;0.4;;False;NOAA Historical Hurricane Tracks - https://coast.noaa.gov/hurricanes/?storm=2011034S19199;
2011045S17119;DIANNE;cyclone;;-18.1;116.4;5.0;14/02/2011;50000.0;0.4;;False;Bureau of Meteorology (Australie) - https://www.bom.gov.au;
2011048S14171;ATU;cyclone;;-26.9;174.9;5.0;23/02/2011;5000.0;0.3;;False;IBTrACS (International Best Track Archive for Climate Stewardship) - https://www.ncdc.noaa.gov/ibtracs/;
2011073S11089;CHERONO;cyclone;;-27.9;68.2;5.0;24/03/2011;50000.0;0.3;;False;International Best Track Archive for Climate Stewardship (IBTrACS) - https://www.ncdc.noaa.gov/ibtracs/;
2011082S17184;BUNE;cyclone;;-40.0;186.2;5.0;31/03/2011;5000.0;0.3;;False;NOAA International Best Track Archive for Climate Stewardship (IBTrACS) - https://www.ncdc.noaa.gov/ibtracs/;
2011126N11129;AERE;typhon;;24.3;125.5;7.0;10/05/2011;500000.0;0.7;;False;JTWC (Joint Typhoon Warning Center) - https://www.metoc.navy.mil/jtwc/jtwc.html | Digital Typhoon - http://agora.ex.nii.ac.jp/digital-typhoon/summary/wnp/s/201112.html.en;
2011140N08142;SONGDA;typhon;;23.9;124.3;8.0;28/05/2011;500000.0;0.6;;False;Japan Meteorological Agency (JMA) - https://www.jma.go.jp/jma/indexe.html | Joint Typhoon Warning Center (JTWC) - https://www.metoc.navy.mil/jtwc/jtwc.html;
2011172N11133;MEARI;typhon;;23.2;125.1;7.0;24/06/2011;500000.0;0.6;;False;Japan Meteorological Agency (JMA) - https://www.jma.go.jp/jma/indexe.html | Joint Typhoon Warning Center (JTWC) - https://www.metoc.navy.mil/jtwc/jtwc.html;
2011192N18158;MA-ON;typhon;;38.7;148.6;7.0;24/07/2011;50000.0;0.6;;False;Digital Typhoon - http://agora.ex.nii.ac.jp/digital-typhoon/summary/wnp/s/201119.html.en;
2011195N15134;TOKAGE;typhon;;14.4;135.5;7.0;15/07/2011;50000.0;0.4;;False;JTWC (Joint Typhoon Warning Center) - https://www.metoc.navy.mil/jtwc/jtwc.html;
2011197N31280;BRET;ouragan;;36.8;-66.4;5.0;22/07/2011;50000.0;0.7;;False;National Hurricane Center (NHC) - https://www.nhc.noaa.gov/archive/2011/BRET.shtml;
2011201N33301;CINDY;ouragan;;33.0;-59.5;5.0;20/07/2011;50000.0;0.7;;False;National Hurricane Center (NHC) - https://www.nhc.noaa.gov/archive/2011/CINDY.shtml;
2011208N09145;MUIFA;typhon;;40.5;124.8;7.0;08/08/2011;500000.0;0.6;;False;JTWC (Joint Typhoon Warning Center) - https://www.metoc.navy.mil/jtwc/jtwc.html;
2011215N24164;MERBOK;typhon;;35.8;157.7;7.0;08/08/2011;50000.0;0.4;;False;Japan Meteorological Agency (JMA) - https://www.jma.go.jp/jma/indexe.html;
2011225N26302;GERT;ouragan;;35.6;-60.3;5.0;16/08/2011;5000.0;0.2;;False;National Hurricane Center (NHC) - https://www.nhc.noaa.gov/archive/2011/GERT.shtml;
2011225N35294;FRANKLIN;ouragan;;38.6;-59.0;7.0;13/08/2011;50000.0;0.3;;False;National Hurricane Center (NHC) - https://www.nhc.noaa.gov/archive/2011/FRANKLIN.shtml;
2011229N14261;GREG;ouragan;;15.9;-102.4;5.0;17/08/2011;50000.0;0.6;;False;National Hurricane Center (NHC) - https://www.nhc.noaa.gov/archive/2011/GREG.shtml;
2011233N15301;IRENE;ouragan;;38.1;-75.0;7.0;28/08/2011;5000000.0;0.7;;False;National Hurricane Center (NHC) - https://www.nhc.noaa.gov/data/tcr/AL092011_Irene.pdf;
2011236N15143;TALAS;typhon;;38.1;135.2;7.0;04/09/2011;500000.0;0.6;;False;Japan Meteorological Agency (JMA) - https://www.jma.go.jp/jma/indexe.html | ReliefWeb - https://reliefweb.int/disaster/tc-2011-000135-jpn;
2011239N27301;JOSE;ouragan;;35.2;-65.4;7.0;29/08/2011;50000.0;0.7;;False;National Hurricane Center (NOAA) - https://www.nhc.noaa.gov/archive/2011/JOSE.shtml;
2011240N10341;KATIA;ouragan;;38.5;-67.1;7.0;09/09/2011;500000.0;0.7;;False;National Hurricane Center (NHC) - https://www.nhc.noaa.gov/archive/2011/KATIA.shtml;
2011245N21150;NORU;typhon;;21.3;149.8;7.0;03/09/2011;50000.0;0.4;;False;JTWC (Joint Typhoon Warning Center) - https://www.metoc.navy.mil/jtwc/jtwc.html;
2011250N12324;MARIA;ouragan;;12.9;-42.0;7.0;07/09/2011;500000.0;0.4;;False;National Hurricane Center (NHC) - https://www.nhc.noaa.gov/archive/2011/MARIA.shtml;
2011253N20145;ROKE;typhon;;33.0;136.0;7.0;21/09/2011;500000.0;0.7;;False;Japan Meteorological Agency (JMA) - https://www.jma.go.jp/jma/indexe.html;
2011257N19154;SONCA;typhon;;35.3;145.1;7.0;19/09/2011;50000.0;0.7;;False;Japan Meteorological Agency (JMA) - https://www.jma.go.jp/jma/indexe.html;
2011263N12323;OPHELIA;ouragan;;30.7;-62.9;7.0;01/10/2011;50000.0;0.7;;False;National Hurricane Center (NHC) - https://www.nhc.noaa.gov/archive/2011/OPHELIA.shtml;
2011266N08343;PHILIPPE;ouragan;;30.4;-52.5;5.0;08/10/2011;5000.0;0.3;;False;National Hurricane Center (NHC) - https://www.nhc.noaa.gov/archive/2011/PHILIPPE_graphics.shtml;
2011302N13062;KEILA;cyclone;;15.0;58.5;5.0;31/10/2011;50000.0;0.4;;False;NOAA International Best Track Archive for Climate Stewardship (IBTrACS) - https://www.ncdc.noaa.gov/ibtracs/;
2011310N29290;SEAN;ouragan;;32.2;-67.2;5.0;11/11/2011;50000.0;0.7;;False;National Hurricane Center (NHC) - https://www.nhc.noaa.gov/archive/2011/SEAN.shtml;
2011323N09264;KENNETH;ouragan;;13.1;-128.1;7.0;25/11/2011;50000.0;0.3;;False;National Hurricane Center (NHC) - https://www.nhc.noaa.gov/archive/2011/refresh/KENNETH+shtml/250239.shtml?;
2011336S06098;ALENGA;cyclone;;-16.3;94.9;7.0;08/12/2011;50000.0;0.3;;False;IBTrACS (NOAA) - https://www.ncei.noaa.gov/products/international-best-track-archive;
2011346N03156;WASHI;typhon;;5.5;151.1;7.0;12/12/2011;150000.0;0.4;;False;Digital Typhoon - http://agora.ex.nii.ac.jp/digital-typhoon/summary/wnp/s/2011346N03156.html.en;
2011361S09095;BENILDE;cyclone;;-32.2;75.7;7.0;08/01/2012;50000.0;0.3;;False;Météo-France / RSMC La Réunion - https://www.meteofrance.re/;
2012009S12118;HEIDI;cyclone;;-12.1;118.9;5.0;09/01/2012;50000.0;0.4;;False;Bureau of Meteorology (Australie) - http://www.bom.gov.au/cyclone/history/heidi.shtml;
2012017S10074;ETHEL;cyclone;;-31.8;68.4;5.0;23/01/2012;50000.0;0.4;;False;International Best Track Archive for Climate Stewardship (IBTrACS) - https://www.ncdc.noaa.gov/ibtracs/;
2012032S15141;JASMINE;cyclone;;-15.2;145.5;7.0;02/02/2012;50000.0;0.4;;False;NOAA International Best Track Archive for Climate Stewardship (IBTrACS) - https://www.ncei.noaa.gov/products/international-best-track-archive;
2012037S17176;CYRIL;cyclone;;-17.2;179.9;5.0;06/02/2012;50000.0;0.4;;False;IBTrACS (International Best Track Archive for Climate Stewardship) - https://www.ncdc.noaa.gov/ibtracs/;
2012039S14075;GIOVANNA;cyclone;;-19.2;46.2;8.0;14/02/2012;800000.0;0.4;;False;Météo-France - La Réunion / IBTrACS - https://www.meteofrance.re/climat/evenements-remarquables/cyclone-giovanna;
2012042S12110;HILWA;cyclone;;-25.3;63.7;5.0;22/02/2012;50000.0;0.4;;False;Météo-France / Centre des Cyclones Tropicaux de La Réunion - https://www.meteofrance.re/;
2012066S10101;JONI:KOJI;cyclone;;-31.0;85.4;5.0;13/03/2012;5000.0;0.3;;False;NOAA International Best Track Archive for Climate Stewardship (IBTrACS) - https://www.ncdc.noaa.gov/ibtracs/;
2012070S17112;LUA;cyclone;;-21.4;120.4;7.0;17/03/2012;50000.0;0.4;;False;Bureau of Meteorology (Australie) - http://www.bom.gov.au/cyclone/history/lua.shtml;
2012092S16166;DAPHNE;cyclone;;-17.3;169.3;5.0;01/04/2012;50000.0;0.4;;False;Météo-France - La Réunion / Firinga.com - https://www.firinga.com/cyclone-daphne-2012;
2012141N11148;SANVU;typhon;;30.3;151.0;5.0;27/05/2012;50000.0;0.3;;False;Japan Meteorological Agency (JMA) - https://www.jma.go.jp/jma/indexe.html | Joint Typhoon Warning Center (JTWC) - https://www.metoc.navy.mil/jtwc/jtwc.html;
2012147N30284;BERYL;ouragan;;35.9;-74.0;5.0;31/05/2012;50000.0;0.7;;False;National Hurricane Center (NHC) - https://www.nhc.noaa.gov/archive/2012/BERYL.shtml;
2012152N12130;MAWAR;typhon;;25.2;129.5;7.0;04/06/2012;500000.0;0.6;;False;Japan Meteorological Agency (JMA) - Regional Specialized Meteorological Center (RSMC) Tokyo - https://www.jma.go.jp/jma/indexe.html;
2012162N06150;GUCHOL;typhon;;25.3;128.7;8.0;18/06/2012;500000.0;0.7;;False;Japan Meteorological Agency (JMA) - https://www.jma.go.jp/jma/indexe.html | Joint Typhoon Warning Center (JTWC) - https://www.metoc.navy.mil/jtwc/jtwc.html;
2012168N19112;TALIM;typhon;;25.6;121.5;7.0;20/06/2012;5000000.0;0.7;;False;Japan Meteorological Agency (JMA) - Regional Specialized Meteorological Center (RSMC) Tokyo - https://www.jma.go.jp/jma/jma-eng/jma-center/rsmc-hp-pub-eg/RSMC_HP.htm;
2012169N29291;CHRIS;ouragan;;38.2;-50.2;6.0;20/06/2012;5000.0;0.2;;False;National Hurricane Center (NHC) - https://www.nhc.noaa.gov/archive/2012/CHRIS.shtml;
2012196N19144;KHANUN;typhon;;22.9;137.9;7.0;16/07/2012;500000.0;0.6;;False;Japan Meteorological Agency (JMA) - https://www.jma.go.jp/jma/indexe.html | Joint Typhoon Warning Center (JTWC) - https://www.metoc.navy.mil/jtwc/jtwc.html;
2012209N25149;DAMREY;typhon;;29.5;135.0;7.0;31/07/2012;500000.0;0.7;;False;Japan Meteorological Agency (JMA) - Regional Specialized Meteorological Center (RSMC) Tokyo - https://www.jma.go.jp/jma/jma-eng/jma-center/rsmc-hp-pub-eg/RSMC_HP.htm;
2012215N12313;ERNESTO;ouragan;;13.3;-56.5;7.0;02/08/2012;500000.0;0.6;;False;National Hurricane Center (NHC) - https://www.nhc.noaa.gov/archive/2012/ERNESTO.shtml;
2012215N23146;HAIKUI;typhon;;24.9;135.5;7.0;03/08/2012;1500000.0;0.6;;False;Japan Meteorological Agency (JMA) - Regional Specialized Meteorological Center (RSMC) Tokyo - https://www.jma.go.jp/jma/indexe.html | Joint Typhoon Warning Center (JTWC) - https://www.metoc.navy.mil/jtwc/jtwc.html;
2012216N12337;FLORENCE;ouragan;;17.2;-46.3;7.0;07/08/2012;50000.0;0.3;;False;National Hurricane Center (NHC) - https://www.nhc.noaa.gov/archive/2012/FLORENCE.shtml;
2012216N24162;KIROGI;typhon;;38.4;152.2;5.0;09/08/2012;50000.0;0.4;;False;Japan Meteorological Agency (JMA) - https://www.jma.go.jp/jma/indexe.html | Joint Typhoon Warning Center (JTWC) - https://www.metoc.navy.mil/jtwc/jtwc.html;
2012223N14317;HELENE;ouragan;;13.4;-48.2;7.0;10/08/2012;50000.0;0.3;;False;National Hurricane Center (NHC) - https://www.nhc.noaa.gov/archive/2012/HELENE.shtml;
2012229N28305;GORDON;ouragan;;34.1;-36.3;6.0;18/08/2012;50000.0;0.7;;False;National Hurricane Center (NHC) - https://www.nhc.noaa.gov/archive/2012/GORDON.shtml;
2012230N21126;TEMBIN;typhon;;33.0;125.6;7.0;29/08/2012;500000.0;0.6;;False;Japan Meteorological Agency (JMA) - Regional Specialized Meteorological Center (RSMC) Tokyo - https://www.jma.go.jp/jma/indexe.html | Joint Typhoon Warning Center (JTWC) - https://www.metoc.navy.mil/jtwc/jtwc.html;
2012232N13141;BOLAVEN;typhon;;36.7;124.6;7.0;28/08/2012;500000.0;0.7;;False;Joint Typhoon Warning Center (JTWC) - https://www.metoc.navy.mil/jtwc/jtwc.html;
2012234N16315;ISAAC;ouragan;;15.7;-44.8;7.0;20/08/2012;500000.0;0.4;;False;National Hurricane Center (NHC) - https://www.nhc.noaa.gov/archive/2012/ISAAC.shtml;
2012242N13333;LESLIE;ouragan;;12.9;-27.4;5.0;28/08/2012;50000.0;0.3;;False;National Hurricane Center (NHC) - https://www.nhc.noaa.gov/archive/2012/LESLIE.shtml;
2012242N24317;KIRK;ouragan;;34.6;-48.9;5.0;01/09/2012;50000.0;0.3;;False;National Hurricane Center (NHC) - https://www.nhc.noaa.gov/archive/2012/KIRK.shtml;
2012246N29323;MICHAEL;ouragan;;39.2;-47.2;7.0;11/09/2012;50000.0;0.3;;False;National Hurricane Center (NHC) - https://www.nhc.noaa.gov/archive/2012/MICHAEL.shtml;
2012254N09135;SANBA;typhon;;34.1;128.1;7.0;17/09/2012;500000.0;0.7;;False;Digital Typhoon (National Institute of Informatics, Japan) - http://agora.ex.nii.ac.jp/digital-typhoon/summary/wnp/s/201225.html.en;
2012255N16322;NADINE;ouragan;;30.6;-45.4;5.0;16/09/2012;5000.0;0.2;;False;National Hurricane Center (NHC) - https://www.nhc.noaa.gov/archive/2012/NADINE.shtml;
2012263N15141;JELAWAT;typhon;;28.0;130.3;8.0;29/09/2012;500000.0;0.7;;False;Japan Meteorological Agency (JMA) - https://www.jma.go.jp/jma/indexe.html | Joint Typhoon Warning Center (JTWC) - https://www.metoc.navy.mil/jtwc/jtwc.html;
2012267N16141;EWINIAR;typhon;;35.5;146.5;5.0;29/09/2012;50000.0;0.7;;False;Japan Meteorological Agency (JMA) - https://www.jma.go.jp/jma/indexe.html;
2012274N13151;MALIKSI;typhon;;25.9;141.6;7.0;03/10/2012;50000.0;0.3;;False;Japan Meteorological Agency (JMA) - https://www.jma.go.jp/jma/indexe.html | Joint Typhoon Warning Center (JTWC) - https://www.metoc.navy.mil/jtwc/jtwc.html;
2012279N15145;PRAPIROON;typhon;;27.2;132.0;7.0;18/10/2012;500000.0;0.7;;False;Japan Meteorological Agency (JMA) - https://www.jma.go.jp/jma/indexe.html | Joint Typhoon Warning Center (JTWC) - https://www.metoc.navy.mil/jtwc/jtwc.html;
2012287N15297;RAFAEL;ouragan;;28.5;-64.6;6.0;16/10/2012;50000.0;0.7;;False;National Hurricane Center (NHC) - https://www.nhc.noaa.gov/archive/2012/RAFAEL.shtml;
2012287N16147;MARIA;typhon;;31.3;149.4;7.0;17/10/2012;5000.0;0.3;;False;Japan Meteorological Agency (JMA) - https://www.jma.go.jp/jma/indexe.html | NOAA Historical Hurricane Tracks - https://coast.noaa.gov/hurricanes/;
2012288N14248;PAUL;ouragan;;21.7;-112.8;7.0;16/10/2012;50000.0;0.6;;False;National Hurricane Center (NHC) - https://www.nhc.noaa.gov/archive/2012/PAUL.shtml;
2012296N14283;SANDY;ouragan;;36.9;-71.0;8.0;29/10/2012;60000000.0;0.7;;False;National Hurricane Center (NOAA) - https://www.nhc.noaa.gov/data/tcr/AL182012_Sandy.pdf;
2012296N20309;TONY;ouragan;;28.3;-45.8;5.0;24/10/2012;0.0;0.1;;False;National Hurricane Center (NHC) - https://www.nhc.noaa.gov/archive/2012/TONY.shtml;
2012297N11067;MURJAN;cyclone;;11.2;61.4;5.0;23/10/2012;50000.0;0.4;;False;NOAA International Best Track Archive for Climate Stewardship (IBTrACS) - https://www.ncdc.noaa.gov/ibtracs/;
2012331N03157;BOPHA;typhon;;8.2;125.0;9.0;04/12/2012;620000.0;0.4;;False;NASA Hurricane and Tropical Cyclone Page - https://www.nasa.gov/mission_pages/hurricanes/archives/2012/h2012_Bopha.html | ReliefWeb - https://reliefweb.int/disaster/tc-2012-000203-phl;
2012337S06089;CLAUDIA;cyclone;;-29.3;77.5;5.0;13/12/2012;5000.0;0.3;;False;Météo-France / Centre des Cyclones Tropicaux de La Réunion - https://www.meteofrance.re/;
2012362S08071;DUMILE;cyclone;;-28.4;56.4;7.0;04/01/2013;300000.0;0.6;;False;Météo-France - https://www.meteofrance.re/cyclone/suivi/dumile-2013 | International Best Track Archive for Climate Stewardship (IBTrACS) - https://www.ncdc.noaa.gov/ibtracs/;
2013001N04141;SONAMU;typhon;;4.5;141.1;5.0;01/01/2013;50000.0;0.4;;False;JTWC (Joint Typhoon Warning Center) - https://www.metoc.navy.mil/jtwc/jtwc.html;
2013009S11084;EMANG;cyclone;;-15.4;64.4;5.0;19/01/2013;50000.0;0.4;;False;Météo-France / Centre des Cyclones Tropicaux de La Réunion - https://www.meteofrance.re/;
2013019S12174;GARRY;cyclone;;-25.8;203.7;5.0;27/01/2013;50000.0;0.4;;False;NOAA International Best Track Archive for Climate Stewardship (IBTrACS) - https://www.ncdc.noaa.gov/ibtracs/;
2013026S13067;FELLENG;cyclone;;-39.2;58.0;7.0;05/02/2013;50000.0;0.3;;False;Météo-France / Centre des Cyclones Tropicaux de La Réunion - https://www.meteofrance.re/;
2013049N05131;SHANSHAN;typhon;;7.6;118.0;7.0;20/02/2013;50000.0;0.4;;False;JTWC (Joint Typhoon Warning Center) - https://www.metoc.navy.mil/jtwc/jtwc.html;
2013052S13126;RUSTY;cyclone;;-24.9;121.0;7.0;28/02/2013;50000.0;0.6;;False;Bureau of Meteorology (Australie) - http://www.bom.gov.au/cyclone/history/rusty.shtml;
2013064S18149;SANDRA;cyclone;;-35.3;168.2;5.0;16/03/2013;5000.0;0.3;;False;NOAA Historical Hurricane Tracks - https://coast.noaa.gov/hurricanes/?storm=2013064S18149;
2013072S12140;TIM;cyclone;;-11.4;142.3;5.0;12/03/2013;15000.0;0.3;;False;IBTrACS (International Best Track Archive for Climate Stewardship) - https://www.ncdc.noaa.gov/ibtracs/;
2013093S08074;IMELDA;cyclone;;-22.2;55.3;5.0;18/04/2013;50000.0;0.6;;False;Météo-France (La Réunion) - https://www.meteofrance.re/;
2013097S06099;VICTORIA;cyclone;;-21.4;105.3;6.0;11/04/2013;50000.0;0.4;;False;Australian Bureau of Meteorology (BOM) - http://www.bom.gov.au;
2013130N04093;MAHASEN:VIYARU;cyclone;;21.2;90.2;6.5;16/05/2013;1200000.0;0.4;;False;Joint Typhoon Warning Center (JTWC) & ReliefWeb - https://www.metoc.navy.mil/jtwc/jtwc.html | https://reliefweb.int/disaster/tc-2013-000057-bgd;
2013167N12128;LEEPI;typhon;;32.4;128.1;7.0;21/06/2013;500000.0;0.7;;False;Japan Meteorological Agency (JMA) - https://www.jma.go.jp/jma/indexe.html;
2013189N09319;CHANTAL;ouragan;;9.3;-41.4;5.0;07/07/2013;50000.0;0.3;;False;National Hurricane Center (NHC) - https://www.nhc.noaa.gov/archive/2013/CHANTAL.shtml;
2013204N11340;DORIAN;ouragan;;16.6;-39.7;2.0;26/07/2013;0.0;0.8;;False;National Hurricane Center (NHC) - https://www.nhc.noaa.gov/archive/2013/DORIAN.shtml;
2013206N15238;FLOSSIE;ouragan;;18.4;-140.2;5.0;27/07/2013;5000.0;0.3;;False;National Hurricane Center (NHC) - https://www.nhc.noaa.gov/archive/2013/FLOSSIE.shtml;
2013214N13243;HENRIETTE;ouragan;;13.8;-152.0;5.0;11/08/2013;5000.0;0.3;;False;National Hurricane Center (NHC) - https://www.nhc.noaa.gov/archive/2013/refresh/HENRIETTE+shtml/230014.shtml?;
2013237N11129;KONG-REY;typhon;;31.5;126.5;7.0;30/08/2013;500000.0;0.7;;False;Japan Meteorological Agency (JMA) - Regional Specialized Meteorological Center (RSMC) Tokyo - https://www.jma.go.jp/jma/jma-eng/jma-center/rsmc-hp-pub-eg/RSMC_HP.htm;
2013241N19254;JULIETTE;ouragan;;19.3;-106.4;7.0;28/08/2013;50000.0;0.6;;False;National Hurricane Center (NHC) - https://www.nhc.noaa.gov/archive/2013/ep12/ep122013.discus.013.shtml;
2013243N26122;TORAJI;typhon;;31.9;131.3;5.0;03/09/2013;500000.0;0.7;;False;Japan Meteorological Agency (JMA) - https://www.jma.go.jp/jma/indexe.html;
2013248N16294;GABRIELLE;ouragan;;37.7;-66.6;5.0;13/09/2013;500000.0;0.7;;False;National Hurricane Center (NHC) - https://www.nhc.noaa.gov/archive/2013/GABRIELLE.shtml;
2013255N20148;MAN-YI;typhon;;32.9;135.9;7.0;15/09/2013;1200000.0;0.7;;False;Japan Meteorological Agency (JMA) - https://www.jma.go.jp/jma/indexe.html;
2013262N14149;PABUK;typhon;;31.6;142.5;6.0;25/09/2013;50000.0;0.7;;False;Japan Meteorological Agency (JMA) - https://www.jma.go.jp/jma/indexe.html | Joint Typhoon Warning Center (JTWC) - https://www.metoc.navy.mil/jtwc/jtwc.html;
2013272N26152;SEPAT;typhon;;36.4;142.5;7.0;02/10/2013;500000.0;0.7;;False;Japan Meteorological Agency (JMA) - https://www.jma.go.jp/jma/indexe.html;
2013274N18152;DANAS;typhon;;23.3;132.6;7.0;06/10/2013;500000.0;0.6;;False;Japan Meteorological Agency (JMA) - https://www.jma.go.jp/jma/indexe.html | Digital Typhoon - http://agora.ex.nii.ac.jp/digital-typhoon/;
2013282N14149;WIPHA;typhon;;28.5;134.7;7.0;15/10/2013;500000.0;0.6;;False;Japan Meteorological Agency (JMA) - https://www.jma.go.jp/jma/indexe.html | Digital Typhoon - http://agora.ex.nii.ac.jp/digital-typhoon/summary/wnp/s/201328.html.en;
2013289N14149;FRANCISCO;typhon;;29.8;134.8;7.0;25/10/2013;50000.0;0.6;;False;Japan Meteorological Agency (JMA) - https://www.jma.go.jp/jma/indexe.html | Joint Typhoon Warning Center (JTWC) - https://www.metoc.navy.mil/jtwc/jtwc.html;
2013292N09162;LEKIMA;typhon;;26.9;144.5;7.0;25/10/2013;50000.0;0.4;;False;Japan Meteorological Agency (JMA) - https://www.jma.go.jp/jma/indexe.html | Joint Typhoon Warning Center (JTWC) - https://www.metoc.navy.mil/jtwc/jtwc.html;
2013301N13142;KROSA;typhon;;12.7;142.3;7.0;27/10/2013;50000.0;0.4;;False;Joint Typhoon Warning Center (JTWC) - https://www.metoc.navy.mil/jtwc/jtwc.html;
2013305N16252;SONIA;ouragan;;21.8;-108.9;5.0;03/11/2013;50000.0;0.6;;False;National Hurricane Center (NHC) - https://www.nhc.noaa.gov/archive/2013/SONIA.shtml;
2013306N07162;HAIYAN;typhon;;9.3;131.1;9.5;07/11/2013;14000000.0;0.3;;False;National Oceanic and Atmospheric Administration (NOAA) - https://www.nhc.noaa.gov/data/tcr/WP312013_Haiyan.pdf | ReliefWeb - https://reliefweb.int/disaster/tc-2013-000139-phl;
2013316N06130;PODUL;typhon;;9.4;123.0;7.0;12/11/2013;500000.0;0.6;;False;Joint Typhoon Warning Center (JTWC) - https://www.metoc.navy.mil/jtwc/jtwc.html;
2013321N24308;MELISSA;ouragan;;34.1;-51.4;5.0;20/11/2013;5000.0;0.2;;False;National Hurricane Center (NHC) - https://www.nhc.noaa.gov/archive/2013/MELISSA.shtml;
2013324S11113;ALESSIA;cyclone;;-14.7;135.8;5.0;30/11/2013;15000.0;0.4;;False;Bureau of Meteorology (Australie) - http://www.bom.gov.au/cyclone/history/alessia.shtml;
2013348S10082;AMARA;cyclone;;-14.1;80.6;7.0;15/12/2013;50000.0;0.3;;False;Météo-France / Centre des Cyclones Tropicaux de La Réunion - https://www.meteofrance.re/accueil;
2013350S08099;BRUCE;cyclone;;-25.0;78.2;7.0;23/12/2013;50000.0;0.3;;False;NOAA International Best Track Archive for Climate Stewardship (IBTrACS) - https://www.ncdc.noaa.gov/ibtracs/;
2013360S12124;CHRISTINE;cyclone;;-26.3;120.2;7.0;31/12/2013;50000.0;0.4;;False;Bureau of Meteorology (Australie) - http://www.bom.gov.au/cyclone/history/christine.shtml;
2013362S09053;BEJISA;cyclone;;-29.0;49.0;7.0;05/01/2014;250000.0;0.4;;False;Météo-France (La Réunion) - https://www.meteofrance.re/;
2014004S17183;IAN;cyclone;;-32.4;-165.8;5.0;14/01/2014;5000.0;0.2;;False;NOAA Historical Hurricane Tracks - https://coast.noaa.gov/hurricanes/;
2014007S11104;COLIN;cyclone;;-10.7;98.5;5.0;08/01/2014;50000.0;0.4;;False;JTWC (Joint Typhoon Warning Center) - https://www.metoc.navy.mil/jtwc/jtwc.html;
2014017S14160;JUNE;cyclone;;-25.1;165.2;5.0;18/01/2014;5000.0;0.3;;False;NOAA International Best Track Archive for Climate Stewardship (IBTrACS) - https://www.ncdc.noaa.gov/ibtracs/;
2014029N10143;KAJIKI;typhon;;9.1;132.6;5.0;30/01/2014;50000.0;0.4;;False;JTWC (Joint Typhoon Warning Center) - https://www.metoc.navy.mil/jtwc/jtwc.html;
2014031S17149;EDNA;cyclone;;-17.9;150.4;5.0;31/01/2014;50000.0;0.4;;False;IBTrACS (International Best Track Archive for Climate Stewardship) - https://www.ncdc.noaa.gov/ibtracs/;
2014034S14058;EDILSON;cyclone;;-40.8;54.0;5.0;09/02/2014;50000.0;0.3;;False;Météo-France / Centre des Cyclones Tropicaux de La Réunion - https://www.meteofrance.re/accueil;
2014036S12073;FOBANE;cyclone;;-17.6;75.4;5.0;09/02/2014;50000.0;0.3;;False;Météo-France (La Réunion) - https://www.meteofrance.re/;
2014048S16039;GUITO;cyclone;;-35.9;45.7;5.0;23/02/2014;50000.0;0.3;;False;Météo-France La Réunion / IBTrACS - https://www.meteofrance.re/climat/activite-cyclonique-dans-locean-indien/guito-2014;
2014056S18175;KOFI;cyclone;;-26.6;188.9;5.0;03/03/2014;50000.0;0.4;;False;IBTrACS (International Best Track Archive for Climate Stewardship) - https://www.ncdc.noaa.gov/ibtracs/;
2014058N09149;FAXAI;typhon;;24.7;164.1;7.0;07/03/2014;50000.0;0.7;;False;Japan Meteorological Agency (JMA) - https://www.jma.go.jp/jma/indexe.html;
2014066S09138;GILLIAN;cyclone;;-9.2;126.0;7.0;18/03/2014;50000.0;0.4;;False;IBTrACS (International Best Track Archive for Climate Stewardship) - https://www.ncdc.noaa.gov/ibtracs/;
2014066S15152;HADI;cyclone;;-15.1;155.6;5.0;12/03/2014;50000.0;0.4;;False;IBTrACS (International Best Track Archive for Climate Stewardship) - https://www.ncdc.noaa.gov/ibtracs/;
2014068S16169;LUSI;cyclone;;-28.7;173.8;7.0;14/03/2014;50000.0;0.4;;False;IBTrACS (International Best Track Archive for Climate Stewardship) - https://www.ncdc.noaa.gov/ibtracs/;
2014077S11196;MIKE;cyclone;;-15.6;-161.8;5.0;18/03/2014;5000.0;0.3;;False;JTWC (Joint Typhoon Warning Center) - https://www.metoc.navy.mil/jtwc/jtwc.html;
2014092S11159;ITA;cyclone;;-23.1;154.1;8.0;14/04/2014;50000.0;0.6;;False;Bureau of Meteorology (Australie) - http://www.bom.gov.au/cyclone/history/ita.shtml;
2014093S11085;IVANOE;cyclone;;-10.7;84.6;5.0;03/04/2014;50000.0;0.3;;False;Météo-France - https://www.meteofrance.re/cyclone/suivi-des-cyclones/archives/2014/ivanoe;
2014160N21120;MITAG;typhon;;23.6;126.8;7.0;11/06/2014;500000.0;0.7;;False;Japan Meteorological Agency (JMA) - https://www.jma.go.jp/jma/indexe.html;
2014164N19116;HAGIBIS;typhon;;27.2;121.3;7.0;16/06/2014;500000.0;0.7;;False;Japan Meteorological Agency (JMA) - Regional Specialized Meteorological Center (RSMC) Tokyo - https://www.jma.go.jp/jma/jma-eng/jma-center/rsmc-hp-pub-eg/RSMC_HP.htm;
2014180N32282;ARTHUR;ouragan;;36.0;-75.2;6.0;04/07/2014;500000.0;0.8;;False;National Hurricane Center (NHC) - https://www.nhc.noaa.gov/archive/2014/ARTHUR.shtml;
2014184N08147;NEOGURI;typhon;;32.3;131.3;8.0;10/07/2014;1200000.0;0.7;;False;Japan Meteorological Agency (JMA) - https://www.jma.go.jp/jma/indexe.html | Digital Typhoon - http://agora.ex.nii.ac.jp/digital-typhoon/summary/wnp/s/201418.html.en;
2014197N10137;MATMO;typhon;;33.7;119.4;7.0;25/07/2014;500000.0;0.7;;False;JTWC (Joint Typhoon Warning Center) - https://www.metoc.navy.mil/jtwc/jtwc.html;
2014204N10239;GENEVIEVE;ouragan;;24.6;176.9;7.0;09/08/2014;5000.0;0.3;;False;National Hurricane Center (NHC) / Central Pacific Hurricane Center - https://www.nhc.noaa.gov/archive/2014/graphics/ep07/EP072014_5day_009.shtml;
2014209N12152;HALONG;typhon;;34.4;134.5;7.0;10/08/2014;500000.0;0.7;;False;Japan Meteorological Agency (JMA) - https://www.jma.go.jp/jma/indexe.html | Digital Typhoon - http://agora.ex.nii.ac.jp/digital-typhoon/;
2014210N10323;BERTHA;ouragan;;13.4;-57.1;5.0;01/08/2014;50000.0;0.7;;False;National Hurricane Center (NHC) - https://www.nhc.noaa.gov/archive/2014/BERTHA.shtml;
2014212N11242;ISELLE;ouragan;;19.3;-156.2;7.0;08/08/2014;185000.0;0.7;;False;National Hurricane Center (NHC) - https://www.nhc.noaa.gov/archive/2014/ISSELLE_graphics.php;
2014236N22288;CRISTOBAL;;;34.8;-69.0;;28/08/2014;;;;False;;
2014248N19129;FENGSHEN;typhon;;32.1;141.6;7.0;08/09/2014;50000.0;0.7;;False;Japan Meteorological Agency (JMA) - https://www.jma.go.jp/jma/indexe.html;
2014254N10142;KALMAEGI;typhon;;12.8;138.3;7.5;11/09/2014;1200000.0;0.6;;False;Joint Typhoon Warning Center (JTWC) - https://www.metoc.navy.mil/jtwc/jtwc.html | ReliefWeb - https://reliefweb.int/disaster/tc-2014-000118-phl;
2014254N14327;EDOUARD;ouragan;;35.7;-54.5;6.0;17/09/2014;5000.0;0.2;;False;National Hurricane Center (NHC) - https://www.nhc.noaa.gov/archive/2014/EDOUARD.shtml;
2014260N13135;FUNG-WONG;typhon;;12.6;135.0;7.0;17/09/2014;500000.0;0.6;;False;Joint Typhoon Warning Center (JTWC) - https://www.metoc.navy.mil/jtwc/jtwc.html;
2014267N18150;KAMMURI;typhon;;34.5;148.4;5.0;29/09/2014;50000.0;0.7;;False;Japan Meteorological Agency (JMA) - https://www.jma.go.jp/jma/indexe.html | Digital Typhoon - http://agora.ex.nii.ac.jp/digital-typhoon/;
2014271N10160;PHANFONE;typhon;;31.4;133.3;7.0;05/10/2014;500000.0;0.7;;False;Japan Meteorological Agency (JMA) - https://www.jma.go.jp/jma/indexe.html | Digital Typhoon - http://agora.ex.nii.ac.jp/digital-typhoon/;
2014275N06166;VONGFONG;typhon;;14.8;144.3;8.0;05/10/2014;500000.0;0.7;;False;Joint Typhoon Warning Center (JTWC) - https://www.metoc.navy.mil/jtwc/jtwc.html;
2014279N11096;HUDHUD;cyclone;;22.3;81.5;8.0;13/10/2014;1200000.0;0.6;;False;India Meteorological Department (IMD) - https://mausam.imd.gov.in/ | ReliefWeb - https://reliefweb.int/disaster/tc-2014-000133-ind;
2014283N22299;FAY;ouragan;;33.6;-61.9;6.0;12/10/2014;50000.0;0.7;;False;National Hurricane Center (NHC) - https://www.nhc.noaa.gov/archive/2014/FAY.shtml;
2014284N10231;ANA;ouragan;;30.9;-167.7;5.0;25/10/2014;5000.0;0.3;;False;National Hurricane Center (NHC) - https://www.nhc.noaa.gov/archive/2014/ana.shtml;
2014285N16305;GONZALO;ouragan;;34.6;-63.3;8.0;18/10/2014;50000.0;0.7;;False;National Hurricane Center (NHC) - https://www.nhc.noaa.gov/archive/2014/gonzalo.shtml;
2014303N13141;NURI;typhon;;29.7;141.4;7.0;06/11/2014;500000.0;0.6;;False;Japan Meteorological Agency (JMA) - https://www.jma.go.jp/jma/indexe.html | Joint Typhoon Warning Center (JTWC) - https://www.metoc.navy.mil/jtwc/jtwc.html;
2014334N02156;HAGUPIT;typhon;;7.5;140.5;8.5;03/12/2014;1200000.0;0.6;;False;Joint Typhoon Warning Center (JTWC) & ReliefWeb - https://www.metoc.navy.mil/jtwc/jtwc.html | https://reliefweb.int/disaster/tc-2014-000160-phl;
2015009S19054;BANSI;cyclone;;-24.8;73.6;7.0;18/01/2015;50000.0;0.3;;False;Météo-France / Centre des Cyclones Tropicaux de La Réunion - https://www.meteofrance.re/accueil;
2015013S18038;CHEDZA;cyclone;;-32.0;56.6;7.0;21/01/2015;250000.0;0.4;;False;Météo-France / Centre des Cyclones Tropicaux de La Réunion - https://www.meteofrance.re/accueil;
2015024S15078;EUNICE;cyclone;;-20.9;77.1;7.0;01/02/2015;50000.0;0.4;;False;Météo-France / Centre des Cyclones Tropicaux de La Réunion - https://www.meteofrance.re/;
2015030S16161;OLA;cyclone;;-30.5;164.3;5.0;03/02/2015;5000.0;0.3;;False;Bureau of Meteorology (Australie) - http://www.bom.gov.au/cyclone/history/ola-2015.shtml;
2015036S20038;FUNDI;cyclone;;-27.3;43.8;5.0;08/02/2015;50000.0;0.4;;False;Météo-France / Centre des Cyclones Tropicaux de La Réunion - https://www.meteofrance.re/;
2015050S11094;GLENDA;cyclone;;-14.1;82.6;5.0;21/02/2015;50000.0;0.3;;False;Joint Typhoon Warning Center (JTWC) - https://www.metoc.navy.mil/jtwc/jtwc.html;
2015064S14052;HALIBA;cyclone;;-23.8;55.3;5.0;11/03/2015;500000.0;0.6;;False;Météo-France (La Réunion) - https://www.meteofrance.re/;
2015066S08170;PAM;cyclone;;-21.3;169.5;9.0;14/03/2015;150000.0;0.4;;False;NASA Hurricane and Tropical Cyclone Page - https://www.nasa.gov/mission_pages/hurricanes/archives/2015/h2015_Pam.html | ReliefWeb - https://reliefweb.int/disaster/tc-2015-000020-vut;
2015068S14113;OLWYN;cyclone;;-30.0;116.1;6.5;14/03/2015;50000.0;0.7;;False;Bureau of Meteorology (Australie) - http://www.bom.gov.au/cyclone/history/olwyn.shtml;
2015069N04173;BAVI;typhon;;10.9;157.2;6.0;13/03/2015;50000.0;0.3;;False;Joint Typhoon Warning Center (JTWC) - https://www.metoc.navy.mil/jtwc/jtwc.html;
2015085N06162;MAYSAK;typhon;;17.6;121.3;7.0;05/04/2015;500000.0;0.6;;False;Joint Typhoon Warning Center (JTWC) - https://www.metoc.navy.mil/jtwc/jtwc.html | ReliefWeb - https://reliefweb.int/disaster/tc-2015-000042-phl;
2015099S13163;SOLO;cyclone;;-19.7;164.9;5.0;11/04/2015;50000.0;0.4;;False;NOAA International Best Track Archive for Climate Stewardship (IBTrACS) - https://www.ncdc.noaa.gov/ibtracs/;
2015122N07144;NOUL;typhon;;23.3;123.5;7.0;11/05/2015;500000.0;0.6;;False;JTWC (Joint Typhoon Warning Center) - https://www.metoc.navy.mil/jtwc/jtwc.html;
2015127N04158;DOLPHIN;typhon;;27.5;142.9;7.0;19/05/2015;50000.0;0.4;;False;Japan Meteorological Agency (JMA) - https://www.jma.go.jp/jma/indexe.html | Joint Typhoon Warning Center (JTWC) - https://www.metoc.navy.mil/jtwc/jtwc.html;
2015167N27266;BILL;ouragan;;38.9;-81.3;5.0;21/06/2015;500000.0;0.8;;False;National Hurricane Center (NOAA) - https://www.nhc.noaa.gov/archive/2015/BILL.shtml;
2015180N09160;CHAN-HOM;typhon;;11.3;153.3;7.0;01/07/2015;500000.0;0.6;;False;JTWC (Joint Typhoon Warning Center) - https://www.metoc.navy.mil/jtwc/jtwc.html;
2015193N35285;CLAUDETTE;ouragan;;40.0;-63.1;5.0;14/07/2015;50000.0;0.8;;False;National Hurricane Center (NHC) - https://www.nhc.noaa.gov/archive/2015/CLAUDETTE.shtml;
2015209N07248;GUILLERMO;ouragan;;11.7;-130.9;5.0;31/07/2015;50000.0;0.3;;False;National Hurricane Center (NHC) - https://www.nhc.noaa.gov/archive/2015/guillermo.shtml;
2015218N18149;MOLAVE;typhon;;37.3;160.4;7.0;13/08/2015;50000.0;0.3;;False;JTWC (Joint Typhoon Warning Center) - https://www.metoc.navy.mil/jtwc/jtwc.html;
2015226N12151;GONI;typhon;;27.0;126.7;8.5;24/08/2015;1200000.0;0.7;;False;Japan Meteorological Agency (JMA) - Regional Specialized Meteorological Center (RSMC) Tokyo - https://www.jma.go.jp/jma/jma-eng/jma-center/rsmc-hp-pub-eg/RSMC_HP.htm;
2015226N15164;ATSANI;typhon;;33.3;151.9;7.0;24/08/2015;50000.0;0.7;;False;Japan Meteorological Agency (JMA) - https://www.jma.go.jp/jma/indexe.html | Joint Typhoon Warning Center (JTWC) - https://www.metoc.navy.mil/jtwc/jtwc.html;
2015229N08212;KILO;typhon;;8.7;212.2;7.0;18/08/2015;50000.0;0.4;;False;NOAA Historical Hurricane Tracks - https://coast.noaa.gov/hurricanes/?storm=2015229N08212;
2015231N13183;LOKE;ouragan;;32.5;-174.4;4.0;26/08/2015;5000.0;0.3;;False;National Hurricane Center (NHC) - https://www.nhc.noaa.gov/archive/2015/LOKE.shtml;
2015236N12231;IGNACIO;ouragan;;45.5;-162.9;5.0;07/09/2015;5000.0;0.3;;False;National Hurricane Center (NHC) - https://www.nhc.noaa.gov/archive/2015/IGNACIO.shtml;
2015249N18142;ETAU;typhon;;30.2;138.3;7.0;08/09/2015;50000.0;0.6;;False;Japan Meteorological Agency (JMA) - https://www.jma.go.jp/jma/indexe.html;
2015257N14152;KROVANH;typhon;;41.4;154.5;7.0;22/09/2015;50000.0;0.3;;False;Japan Meteorological Agency (JMA) - https://www.jma.go.jp/jma/indexe.html | Joint Typhoon Warning Center (JTWC) - https://www.metoc.navy.mil/jtwc/jtwc.html;
2015270N27291;JOAQUIN;ouragan;;38.4;-59.3;7.0;06/10/2015;500000.0;0.7;;False;National Hurricane Center (NHC) - https://www.nhc.noaa.gov/archive/2015/JOAQUIN.shtml;
2015274N13201;OHO;ouragan;;17.1;-149.4;5.0;07/10/2015;5000.0;0.3;;False;National Hurricane Center (NHC) - https://www.nhc.noaa.gov/archive/2015/OHO.shtml;
2015274N17167;CHOI-WAN;typhon;;27.4;151.0;5.0;06/10/2015;50000.0;0.7;;False;JTWC (Joint Typhoon Warning Center) - https://www.metoc.navy.mil/jtwc/jtwc.html;
2015285N14151;KOPPU;typhon;;13.9;150.8;8.5;12/10/2015;2500000.0;0.6;;False;NASA Hurricane and Typhoon Updates - NOAA Historical Hurricane Tracks - https://coast.noaa.gov/hurricanes/?storm=20-2015;
2015286N12163;CHAMPI;typhon;;28.9;154.2;7.0;24/10/2015;50000.0;0.4;;False;Japan Meteorological Agency (JMA) - https://www.jma.go.jp/jma/indexe.html | NOAA Historical Hurricane Tracks - https://coast.noaa.gov/hurricanes/;
2015288N10243;OLAF;ouragan;;24.9;-140.6;7.0;26/10/2015;5000.0;0.2;;False;National Hurricane Center (NHC) - https://www.nhc.noaa.gov/archive/2015/OLAF.shtml;
2015293N13266;PATRICIA;ouragan;;20.5;-104.4;9.5;24/10/2015;250000.0;0.6;;False;National Hurricane Center (NHC) - https://www.nhc.noaa.gov/archive/2015/PATRICIA.shtml;
2015313N22289;KATE;ouragan;;30.3;-74.8;6.0;10/11/2015;50000.0;0.7;;False;National Hurricane Center (NHC) - https://www.nhc.noaa.gov/archive/2015/refresh/KATE+shtml/101121.shtml?;
2015321N04164;IN-FA;typhon;;23.7;139.8;7.0;26/11/2015;50000.0;0.4;;False;Japan Meteorological Agency (JMA) - Regional Specialized Meteorological Center (RSMC) Tokyo - https://www.jma.go.jp/jma/jma-eng/jma-center/rsmc-hp-pub-eg/RSMC_HP.htm;
2015323S05080;ANNABELLE;cyclone;;-15.8;75.8;5.0;23/11/2015;50000.0;0.3;;False;Météo-France - La Réunion / IBTrACS - https://www.meteofrance.re/climat/les-cyclones/historique-des-cyclones & https://www.ncdc.noaa.gov/ibtracs/index.php?name=ibtracs-data;
2015364S09190;ULA;cyclone;;-10.2;192.2;7.0;30/12/2015;50000.0;0.4;;False;Météo-France - https://www.meteofrance.fr/actualites-et-dossiers/actualites/climat/le-cyclone-ula-en-2015;
2016007N27285;ALEX;ouragan;;30.0;-72.5;7.0;07/01/2016;500000.0;0.7;;False;National Hurricane Center (NHC) - https://www.nhc.noaa.gov/archive/2016/ALEX.shtml;
2016027S13119;STAN;cyclone;;-23.2;121.1;6.5;31/01/2016;50000.0;0.4;;False;Bureau of Meteorology (Australie) - http://www.bom.gov.au/cyclone/history/stan.shtml;
2016039S14061;DAYA;cyclone;;-15.8;59.9;5.0;07/02/2016;500000.0;0.6;;False;Météo-France - La Réunion / IBTrACS - https://www.meteofrance.re/climat/les-cyclones/historique-des-cyclones?search=DAYA&year=2016 | NOAA IBTrACS - https://www.ncei.noaa.gov/products/international-best-track-archive;
2016041S14170;WINSTON;cyclone;;-26.9;167.7;9.0;25/02/2016;50000.0;0.4;;False;NASA Hurricane and Tropical Cyclone Page - https://www.nasa.gov/mission_pages/hurricanes/archives/2016/h2016_Winston.html | ReliefWeb - https://reliefweb.int/disaster/tc-2016-000014-fji;
2016095S13162;ZENA;cyclone;;-15.4;168.0;7.0;05/04/2016;50000.0;0.4;;False;Météo-France - La Réunion / Firinga.com - https://www.firinga.com/cyclone-zena-2016;
2016108S17181;AMOS;cyclone;;-14.4;-167.3;7.0;24/04/2016;25000.0;0.4;;False;NOAA Historical Hurricane Tracks - https://coast.noaa.gov/hurricanes/?storm=108-2016-AMOS;
2016138N10081;ROANU;cyclone;;23.5;93.0;6.0;21/05/2016;500000.0;0.4;;False;IBTrACS (NOAA) - https://www.ncdc.noaa.gov/ibtracs/index.php?name=ibtracs-data;
2016148N27288;BONNIE;ouragan;;33.0;-57.1;5.0;06/06/2016;50000.0;0.7;;False;National Hurricane Center (NHC) - https://www.nhc.noaa.gov/archive/2016/BONNIE.shtml;
2016158N22272;COLIN;ouragan;;27.3;-86.8;5.0;06/06/2016;500000.0;0.7;;False;National Hurricane Center (NHC) - https://www.nhc.noaa.gov/archive/2016/COLIN.shtml;
2016205N25152;LUPIT;typhon;;28.8;156.8;7.0;23/07/2016;50000.0;0.4;;False;Japan Meteorological Agency (JMA) - Regional Specialized Meteorological Center (RSMC) Tokyo - https://www.jma.go.jp/jma/jma-eng/jma-center/rsmc-hp-pub-eg/RSMC_HP.htm;
2016216N17149;OMAIS;typhon;;39.2;146.1;5.0;09/08/2016;50000.0;0.3;;False;Japan Meteorological Agency (JMA) - https://www.jma.go.jp/jma/indexe.html;
2016221N19163;CONSON;typhon;;34.8;151.7;7.0;13/08/2016;500000.0;0.7;;False;Japan Meteorological Agency (JMA) - https://www.jma.go.jp/jma/indexe.html | Joint Typhoon Warning Center (JTWC) - https://www.metoc.navy.mil/jtwc/jtwc.html;
2016225N16138;CHANTHU;typhon;;36.7;141.4;7.0;16/08/2016;500000.0;0.7;;False;Japan Meteorological Agency (JMA) - https://www.jma.go.jp/jma/indexe.html | Digital Typhoon - http://agora.ex.nii.ac.jp/digital-typhoon/;
2016228N22117;DIANMU;typhon;;21.2;104.0;7.0;19/08/2016;1500000.0;0.6;;False;Joint Typhoon Warning Center (JTWC) - https://www.metoc.navy.mil/jtwc/jtwc.html | ReliefWeb - https://reliefweb.int/disaster/tc-2016-000096-lao;
2016230N15138;MINDULLE;typhon;;22.1;140.9;7.0;20/08/2016;500000.0;0.7;;False;Japan Meteorological Agency (JMA) - https://www.jma.go.jp/jma/indexe.html | Joint Typhoon Warning Center (JTWC) - https://www.metoc.navy.mil/jtwc/jtwc.html;
2016230N25160;LIONROCK;typhon;;26.6;158.0;7.0;17/08/2016;500000.0;0.6;;False;Japan Meteorological Agency (JMA) - Regional Specialized Meteorological Center (RSMC) Tokyo - https://www.jma.go.jp/jma/jma-eng/jma-center/rsmc-hp-pub-eg/RSMC_HP.htm;
2016232N22153;KOMPASU;typhon;;22.3;152.8;7.0;18/08/2016;500000.0;0.7;;False;Japan Meteorological Agency (JMA) - Regional Specialized Meteorological Center (RSMC) Tokyo - https://www.jma.go.jp/jma/indexe.html | Digital Typhoon - http://agora.ex.nii.ac.jp/digital-typhoon/;
2016235N11341;GASTON;ouragan;;36.7;-43.2;4.0;01/09/2016;0.0;0.1;;False;National Hurricane Center (NHC) - https://www.nhc.noaa.gov/archive/2016/GASTON.shtml;
2016237N14253;LESTER;ouragan;;39.0;-164.6;7.0;07/09/2016;5000.0;0.3;;False;National Hurricane Center (NHC) - https://www.nhc.noaa.gov/archive/2016/LESTER.shtml;
2016242N24279;HERMINE;ouragan;;33.0;-80.2;6.5;02/09/2016;500000.0;0.7;;False;National Hurricane Center (NHC) - https://www.nhc.noaa.gov/archive/2016/HERMINE.shtml;
2016250N25125;MALOU;typhon;;30.3;132.1;7.0;07/09/2016;500000.0;0.6;;False;Japan Meteorological Agency (JMA) - https://www.jma.go.jp/jma/indexe.html;
2016253N13144;MERANTI;typhon;;29.3;118.2;9.5;15/09/2016;2500000.0;0.7;;False;National Hurricane Center / JTWC - https://www.nhc.noaa.gov/archive/2016/MERANTI.shtml | https://www.metoc.navy.mil/jtwc/jtwc.html;
2016256N12146;MALAKAS;typhon;;32.2;132.4;7.5;19/09/2016;500000.0;0.7;;False;Japan Meteorological Agency (JMA) - https://www.jma.go.jp/jma/indexe.html | Digital Typhoon - http://agora.ex.nii.ac.jp/digital-typhoon/;
2016256N20312;IAN;ouragan;;36.3;-51.5;5.0;15/09/2016;50000.0;0.3;;False;National Hurricane Center (NHC) - https://www.nhc.noaa.gov/archive/2016/IAN.shtml;
2016257N13341;KARL;ouragan;;33.2;-60.6;6.0;24/09/2016;50000.0;0.7;;False;National Hurricane Center (NHC) - https://www.nhc.noaa.gov/archive/2016/KARL.shtml;
2016265N10150;MEGI;typhon;;10.0;149.8;8.0;21/09/2016;500000.0;0.4;;False;Joint Typhoon Warning Center (JTWC) - https://www.metoc.navy.mil/jtwc/jtwc.html | ReliefWeb - https://reliefweb.int/disaster/tc-2016-000099-phl;
2016269N15165;CHABA;typhon;;33.5;127.2;7.0;04/10/2016;500000.0;0.7;;False;Japan Meteorological Agency (JMA) - https://www.jma.go.jp/jma/indexe.html | Digital Typhoon - http://agora.ex.nii.ac.jp/digital-typhoon/;
2016277S30044;BRANSBY;cyclone;;-34.8;49.0;5.0;06/10/2016;50000.0;0.6;;False;Météo-France / Centre des Cyclones Tropicaux de La Réunion - https://www.meteofrance.re/;
2016278N16181;SONGDA;typhon;;30.8;149.9;7.0;11/10/2016;50000.0;0.3;;False;Japan Meteorological Agency (JMA) - Regional Specialized Meteorological Center (RSMC) Tokyo - https://www.jma.go.jp/jma/jma-eng/jma-center/rsmc-hp-pub-eg/RSMC_HP.htm;
2016278N23300;NICOLE;ouragan;;36.0;-57.8;7.0;14/10/2016;50000.0;0.7;;False;National Hurricane Center (NHC) - https://www.nhc.noaa.gov/archive/2016/NICOLE.shtml;
2016279N19130;AERE;typhon;;19.3;129.9;7.0;04/10/2016;500000.0;0.6;;False;JTWC (Joint Typhoon Warning Center) - https://www.metoc.navy.mil/jtwc/jtwc.html;
2016288N06146;HAIMA;typhon;;27.4;116.5;9.0;22/10/2016;2500000.0;0.6;;False;Joint Typhoon Warning Center (JTWC) & ReliefWeb - https://www.metoc.navy.mil/jtwc/jtwc.html | https://reliefweb.int/disaster/tc-2016-000111-phl;
2016305N10147;MEARI;typhon;;22.2;144.8;6.5;06/11/2016;50000.0;0.4;;False;Japan Meteorological Agency (JMA) - https://www.jma.go.jp/jma/indexe.html | Joint Typhoon Warning Center (JTWC) - https://www.metoc.navy.mil/jtwc/jtwc.html;
2016313N11163;MA-ON;typhon;;19.4;149.9;7.0;11/11/2016;50000.0;0.4;;False;JTWC (Joint Typhoon Warning Center) - https://www.metoc.navy.mil/jtwc/jtwc.html;
2016341N08092;VARDAH;cyclone;;11.0;63.1;7.0;16/12/2016;500000.0;0.6;;False;India Meteorological Department (IMD) - https://mausam.imd.gov.in/ | ReliefWeb - https://reliefweb.int/disaster/tc-2016-000114-ind;
2017033S14056;CARLOS;cyclone;;-26.9;57.7;5.0;10/02/2017;50000.0;0.6;;False;Météo-France (La Réunion) - https://www.meteofrance.re/;
2017051S18189;BART;cyclone;;-18.4;-169.2;5.0;20/02/2017;5000.0;0.3;;False;NOAA International Best Track Archive for Climate Stewardship (IBTrACS) - https://www.ncdc.noaa.gov/ibtracs/;
2017061S11063;ENAWO;cyclone;;-20.7;46.2;8.0;09/03/2017;800000.0;0.4;;False;Météo-France - La Réunion / World Meteorological Organization - https://www.meteofrance.re/accueil et https://public.wmo.int/en;
2017065S14079;FERNANDO;cyclone;;-19.0;68.7;5.0;11/03/2017;50000.0;0.4;;False;NOAA International Best Track Archive for Climate Stewardship (IBTrACS) - https://www.ncdc.noaa.gov/ibtracs/;
2017082S14152;DEBBIE;cyclone;;-24.7;148.8;7.0;30/03/2017;50000.0;0.6;;False;Bureau of Meteorology (Australie) - http://www.bom.gov.au/cyclone/history/debbie/;
2017097S12171;COOK;cyclone;;-30.7;174.6;7.0;12/04/2017;50000.0;0.6;;False;Météo-France - La Réunion / IBTrACS - https://www.meteofrance.re/climat/les-cyclones/historique-des-cyclones?search=COOK&year=2017 | NOAA IBTrACS - https://www.ncei.noaa.gov/products/international-best-track-archive;
2017111S09146;FRANCES;cyclone;;-9.1;143.5;5.0;21/04/2017;50000.0;0.3;;False;IBTrACS (International Best Track Archive for Climate Stewardship) - https://www.ncdc.noaa.gov/ibtracs/;
2017113N09144;MUIFA;typhon;;22.1;141.0;6.5;29/04/2017;50000.0;0.4;;False;Japan Meteorological Agency (JMA) - https://www.jma.go.jp/jma/indexe.html | Joint Typhoon Warning Center (JTWC) - https://www.metoc.navy.mil/jtwc/jtwc.html;
2017122S13170;DONNA;cyclone;;-25.8;167.5;7.0;10/05/2017;50000.0;0.4;;False;Météo-France / Centre des Cyclones Tropicaux de La Réunion - https://www.meteofrance.re/;
2017147N14087;MORA;cyclone;;21.9;92.0;7.0;30/05/2017;500000.0;0.4;;False;Joint Typhoon Warning Center (JTWC) & ReliefWeb - https://www.metoc.navy.mil/jtwc/jtwc.html | https://reliefweb.int/disaster/tc-2017-000060-bgd;
2017171N24271;CINDY;ouragan;;34.9;-91.9;5.0;23/06/2017;500000.0;0.7;;False;National Hurricane Center (NHC) - https://www.nhc.noaa.gov/archive/2017/CINDY.shtml;
2017182N15132;NANMADOL;typhon;;15.4;132.2;7.5;01/07/2017;500000.0;0.6;;False;Japan Meteorological Agency (JMA) - Regional Specialized Meteorological Center (RSMC) Tokyo - https://www.jma.go.jp/jma/jma-eng/jma-center/rsmc-hp-pub-eg/RSMC_HP.htm;
2017201N23178;KULAP;typhon;;28.2;176.6;5.0;21/07/2017;5000.0;0.3;;False;Joint Typhoon Warning Center (JTWC) - https://www.metoc.navy.mil/jtwc/jtwc.html;
2017202N19124;ROKE;typhon;;22.8;112.1;7.0;23/07/2017;500000.0;0.7;;False;Japan Meteorological Agency (JMA) - Regional Specialized Meteorological Center (RSMC) Tokyo - https://www.jma.go.jp/jma/indexe.html | Joint Typhoon Warning Center (JTWC) - https://www.metoc.navy.mil/jtwc/jtwc.html;
2017212N27158;NALGAE;typhon;;35.0;161.6;7.0;05/08/2017;50000.0;0.3;;False;Japan Meteorological Agency (JMA) - Regional Specialized Meteorological Center (RSMC) Tokyo - https://www.jma.go.jp/jma/indexe.html;
2017223N16172;BANYAN;typhon;;31.4;163.4;4.0;16/08/2017;5000.0;0.3;;False;Japan Meteorological Agency (JMA) - Regional Specialized Meteorological Center (RSMC) Tokyo - https://www.jma.go.jp/jma/jma-eng/jma-center/rsmc-hp-pub-eg/RSMC_HP.htm;
2017224N22293;GERT;ouragan;;35.4;-69.5;6.0;16/08/2017;50000.0;0.8;;False;National Hurricane Center (NHC) - https://www.nhc.noaa.gov/archive/2017/GERT.shtml;
2017228N14314;HARVEY;ouragan;;13.1;-59.6;9.0;18/08/2017;1500000.0;0.7;;False;National Hurricane Center (NHC) - https://www.nhc.noaa.gov/archive/2017/HARVEY.shtml;
2017232N19130;HATO;typhon;;23.7;103.6;8.0;24/08/2017;5000000.0;0.7;;False;Joint Typhoon Warning Center (JTWC) / Hong Kong Observatory - https://www.usno.navy.mil/JTWC/ https://www.hko.gov.hk/en/informtc/hato17/hato.htm;
2017236N15129;PAKHAR;typhon;;19.2;116.6;7.0;26/08/2017;500000.0;0.7;;False;Joint Typhoon Warning Center (JTWC) - https://www.metoc.navy.mil/jtwc/jtwc.html;
2017239N18147;SANVU;typhon;;24.9;146.6;5.0;29/08/2017;50000.0;0.3;;False;Japan Meteorological Agency (JMA) - https://www.jma.go.jp/jma/indexe.html | Joint Typhoon Warning Center (JTWC) - https://www.metoc.navy.mil/jtwc/jtwc.html;
2017247N16132;GUCHOL;typhon;;16.0;132.4;7.0;03/09/2017;500000.0;0.6;;False;Joint Typhoon Warning Center (JTWC) - https://www.metoc.navy.mil/jtwc/jtwc.html;
2017252N14147;TALIM;typhon;;31.5;130.9;8.0;17/09/2017;1200000.0;0.7;;False;Japan Meteorological Agency (JMA) - https://www.jma.go.jp/jma/indexe.html | Digital Typhoon - http://agora.ex.nii.ac.jp/digital-typhoon/;
2017258N10337;LEE;ouragan;;19.3;-44.7;5.0;20/09/2017;0.0;0.1;;False;National Hurricane Center (NHC) - https://www.nhc.noaa.gov/archive/2017/LEE.shtml;
2017260N12310;MARIA;ouragan;;12.2;-49.7;9.0;16/09/2017;3500000.0;0.4;;False;National Hurricane Center (NOAA) - https://www.nhc.noaa.gov/archive/2017/MARIA.shtml;
2017277N11279;NATE;ouragan;;21.3;-85.9;7.0;07/10/2017;1500000.0;0.6;;False;National Hurricane Center (NHC) - https://www.nhc.noaa.gov/archive/2017/NATE.shtml;
2017280N32321;OPHELIA;ouragan;;34.2;-27.7;7.0;14/10/2017;500000.0;0.7;;False;National Hurricane Center (NHC) - https://www.nhc.noaa.gov/archive/2017/OPHELIA.shtml;
2017284N15134;KHANUN;typhon;;16.7;130.3;7.0;11/10/2017;500000.0;0.6;;False;JTWC (Joint Typhoon Warning Center) - https://www.metoc.navy.mil/jtwc/jtwc.html;
2017288N09138;LAN;typhon;;25.5;133.2;8.0;21/10/2017;500000.0;0.6;;False;Japan Meteorological Agency (JMA) - https://www.jma.go.jp/jma/indexe.html | Digital Typhoon - http://agora.ex.nii.ac.jp/digital-typhoon/summary/wnp/s/201728.html.en;
2017292N13151;SAOLA;typhon;;11.1;144.3;7.0;23/10/2017;50000.0;0.4;;False;Joint Typhoon Warning Center (JTWC) - https://www.metoc.navy.mil/jtwc/jtwc.html;
2017309N26308;RINA;ouragan;;43.6;-48.0;4.0;09/11/2017;5000.0;0.3;;False;National Hurricane Center (NHC) - https://www.nhc.noaa.gov/archive/2017/RINA.shtml;
2017312N10134;HAIKUI;typhon;;10.1;134.2;7.0;07/11/2017;500000.0;0.6;;False;Joint Typhoon Warning Center (JTWC) - https://www.metoc.navy.mil/jtwc/jtwc.html | ReliefWeb - https://reliefweb.int/disaster/tc-2017-000156-phl;
2017321N07124;KIROGI;typhon;;8.0;122.1;7.0;16/11/2017;500000.0;0.4;;False;Joint Typhoon Warning Center (JTWC) - https://www.metoc.navy.mil/jtwc/jtwc.html;
2017364N07138;BOLAVEN;typhon;;9.3;125.6;7.0;01/01/2018;500000.0;0.4;;False;Joint Typhoon Warning Center (JTWC) - https://www.metoc.navy.mil/jtwc/jtwc.html;
2017364S12065;AVA;cyclone;;-15.3;57.8;7.0;01/01/2018;500000.0;0.4;;False;Météo-France - https://www.meteofrance.re/cyclone/suivi/ava-2018 | ReliefWeb - https://reliefweb.int/disaster/tc-2018-000003-mdg;
2018004S09096;IRVING;cyclone;;-18.8;77.5;5.0;08/01/2018;50000.0;0.4;;False;Météo-France - La Réunion (CMRS) - https://www.meteofrance.re/;
2018010S10069;BERGUITTA;cyclone;;-28.3;49.8;7.0;20/01/2018;300000.0;0.7;;False;Météo-France - https://www.meteofrance.re/cyclone/suivi/berguitta;
2018027S11156;FEHI;cyclone;;-14.3;158.7;5.0;27/01/2018;50000.0;0.6;;False;Météo-France / Centre des Cyclones Tropicaux de La Réunion - https://www.meteofrance.re/accueil;
2018038S15172;GITA;cyclone;;-15.1;181.5;8.5;08/02/2018;150000.0;0.4;;False;Météo-France / Centre des Cyclones Tropicaux de La Réunion - https://www.meteofrance.re/accueil;
2018060S13057;DUMAZILE;cyclone;;-32.0;60.4;7.0;08/03/2018;50000.0;0.4;;False;Météo-France - https://www.meteofrance.re/cyclone/suivi/dumazile-2018;
2018064S16172;HOLA;cyclone;;-22.3;169.8;7.0;10/03/2018;50000.0;0.4;;False;Météo-France - La Réunion (CMRS) - https://www.meteofrance.re/cyclone/suivi/historique/2018/hola;
2018073S12057;ELIAKIM;cyclone;;-36.8;57.6;7.0;22/03/2018;500000.0;0.4;;False;Météo-France / RSMC La Réunion - https://www.meteofrance.re/;
2018082S12164;IRIS;cyclone;;-22.5;157.5;5.0;28/03/2018;50000.0;0.4;;False;NOAA Historical Hurricane Tracks - https://coast.noaa.gov/hurricanes/?storm=20-2018&search=IRIS&year=2018&basin=SH;
2018096S15172;KENI;cyclone;;-18.7;177.0;7.0;10/04/2018;50000.0;0.6;;False;Fiji Meteorological Service - https://www.met.gov.fj/;
2018111S07055;FAKIR;cyclone;;-16.7;53.4;6.5;23/04/2018;150000.0;0.6;;False;Météo-France (La Réunion) - https://www.meteofrance.re/cyclone/suivi/fakir-2018;
2018117S07098;FLAMBOYAN;cyclone;;-25.7;88.2;5.0;03/05/2018;50000.0;0.3;;False;Météo-France / Centre des Cyclones Tropicaux de La Réunion - https://www.meteofrance.re/;
2018136N11054;MEKUNU:SAGAR;cyclone;;9.8;43.8;7.0;20/05/2018;500000.0;0.4;;False;Météo-France / CMRS La Réunion - https://www.meteofrance.re/cyclone/suivi;
2018153N12113;EWINIAR;typhon;;22.9;117.3;6.5;10/06/2018;500000.0;0.7;;False;JTWC (Joint Typhoon Warning Center) - https://www.metoc.navy.mil/jtwc/jtwc.html | CMA (China Meteorological Administration) - http://www.cma.gov.cn/en2014/;
2018155N10132;MALIKSI;typhon;;24.4;129.8;7.0;09/06/2018;500000.0;0.6;;False;Japan Meteorological Agency (JMA) - https://www.jma.go.jp/jma/indexe.html | Joint Typhoon Warning Center (JTWC) - https://www.metoc.navy.mil/jtwc/jtwc.html;
2018165N22117;GAEMI;typhon;;23.9;122.8;7.0;15/06/2018;500000.0;0.6;;False;Joint Typhoon Warning Center (JTWC) - https://www.metoc.navy.mil/jtwc/jtwc.html;
2018179N19134;PRAPIROON;typhon;;36.5;131.6;6.5;03/07/2018;500000.0;0.7;;False;Japan Meteorological Agency (JMA) - https://www.jma.go.jp/jma/indexe.html | Joint Typhoon Warning Center (JTWC) - https://www.metoc.navy.mil/jtwc/jtwc.html;
2018184N10147;MARIA;typhon;;26.1;122.3;8.5;10/07/2018;1500000.0;0.6;;False;Japan Meteorological Agency (JMA) - Regional Specialized Meteorological Center (RSMC) Tokyo - https://www.jma.go.jp/jma/indexe.html | NOAA Historical Hurricane Tracks - https://coast.noaa.gov/hurricanes/;
2018186N10325;BERYL;ouragan;;14.1;-56.9;7.0;08/07/2018;500000.0;0.6;;False;National Hurricane Center (NHC) - https://www.nhc.noaa.gov/archive/2018/BERYL.shtml;
2018186N31292;CHRIS;ouragan;;35.6;-69.1;6.5;11/07/2018;50000.0;0.7;;False;National Hurricane Center (NHC) - https://www.nhc.noaa.gov/archive/2018/CHRIS.shtml;
2018195N19138;SON-TINH;typhon;;19.2;120.8;7.0;16/07/2018;1200000.0;0.6;;False;Joint Typhoon Warning Center (JTWC) - https://www.metoc.navy.mil/jtwc/jtwc.html | ReliefWeb - https://reliefweb.int/disaster/tc-2018-000123-vnm;
2018199N18128;AMPIL;typhon;;40.7;119.0;6.5;24/07/2018;500000.0;0.7;;False;Japan Meteorological Agency (JMA) - Regional Specialized Meteorological Center (RSMC) Tokyo - https://www.jma.go.jp/jma/indexe.html | Joint Typhoon Warning Center (JTWC) - https://www.metoc.navy.mil/jtwc/jtwc.html;
2018202N21159;WUKONG;typhon;;45.8;153.3;7.0;27/07/2018;50000.0;0.3;;False;Japan Meteorological Agency (JMA) - https://www.jma.go.jp/jma/indexe.html;
2018204N15137;JONGDARI;typhon;;26.4;143.8;7.0;27/07/2018;500000.0;0.6;;False;Japan Meteorological Agency (JMA) - https://www.jma.go.jp/jma/indexe.html | Joint Typhoon Warning Center (JTWC) - https://www.metoc.navy.mil/jtwc/jtwc.html;
2018214N19153;SHANSHAN;typhon;;38.9;144.3;7.0;09/08/2018;500000.0;0.7;;False;Japan Meteorological Agency (JMA) - https://www.jma.go.jp/jma/indexe.html;
2018215N41326;DEBBY;ouragan;;34.8;-47.6;5.0;07/08/2018;5000.0;0.3;;False;National Hurricane Center (NHC) - https://www.nhc.noaa.gov/archive/2018/DEBBY.shtml;
2018217N12266;ILEANA;ouragan;;17.7;-104.2;5.0;07/08/2018;50000.0;0.6;;False;National Hurricane Center (NHC) - https://www.nhc.noaa.gov/archive/2018/ILEANA.shtml;
2018218N18134;YAGI;typhon;;29.0;120.8;7.0;12/08/2018;500000.0;0.7;;False;Japan Meteorological Agency (JMA) - Regional Specialized Meteorological Center (RSMC) Tokyo - https://www.jma.go.jp/jma/indexe.html | Joint Typhoon Warning Center (JTWC) - https://www.metoc.navy.mil/jtwc/jtwc.html;
2018222N16147;LEEPI;typhon;;32.2;131.7;7.0;14/08/2018;500000.0;0.7;;False;Japan Meteorological Agency (JMA) - https://www.jma.go.jp/jma/indexe.html;
2018226N23128;RUMBIA;typhon;;34.4;115.9;6.5;19/08/2018;5000000.0;0.7;;False;JTWC (Joint Typhoon Warning Center) - https://www.metoc.navy.mil/jtwc/jtwc.html | CMA (China Meteorological Administration) - http://www.cma.gov.cn/en2014/;
2018227N11145;SOULIK;typhon;;39.2;131.0;7.0;24/08/2018;500000.0;0.6;;False;Japan Meteorological Agency (JMA) - https://www.jma.go.jp/jma/indexe.html | Joint Typhoon Warning Center (JTWC) - https://www.metoc.navy.mil/jtwc/jtwc.html;
2018227N37315;ERNESTO;ouragan;;43.5;-40.2;5.0;17/08/2018;50000.0;0.3;;False;National Hurricane Center (NHC) - https://www.nhc.noaa.gov/archive/2018/ERNESTO.shtml;
2018229N11160;CIMARON;typhon;;26.9;137.3;7.0;22/08/2018;500000.0;0.7;;False;Japan Meteorological Agency (JMA) - https://www.jma.go.jp/jma/indexe.html | Joint Typhoon Warning Center (JTWC) - https://www.metoc.navy.mil/jtwc/jtwc.html;
2018239N11161;JEBI;typhon;;31.2;133.2;9.0;03/09/2018;500000.0;0.7;;False;Japan Meteorological Agency (JMA) - https://www.jma.go.jp/jma/indexe.html | Digital Typhoon - http://agora.ex.nii.ac.jp/digital-typhoon/summary/wnp/s/201823.html.en;
2018242N13343;FLORENCE;ouragan;;39.5;-80.5;8.0;18/09/2018;1500000.0;0.7;;False;National Hurricane Center (NOAA) - https://www.nhc.noaa.gov/archive/2018/FLORENCE.shtml;
2018250N12170;MANGKHUT;typhon;;14.8;157.2;9.5;08/09/2018;2500000.0;0.6;;False;National Hurricane Center / Joint Typhoon Warning Center (JTWC) - https://www.metoc.navy.mil/jtwc/jtwc.html | ReliefWeb - https://reliefweb.int/disaster/tc-2018-000149-phl;
2018251N13343;HELENE;ouragan;;27.2;-37.4;7.0;14/09/2018;50000.0;0.3;;False;National Hurricane Center (NHC) - https://www.nhc.noaa.gov/archive/2018/HELENE.shtml;
2018263N12146;TRAMI;typhon;;30.5;130.9;8.5;30/09/2018;1200000.0;0.7;;False;Japan Meteorological Agency (JMA) - https://www.jma.go.jp/jma/indexe.html | Digital Typhoon - http://agora.ex.nii.ac.jp/digital-typhoon/;
2018263N17089;DAYE;cyclone;;20.1;82.5;6.0;21/09/2018;500000.0;0.4;;False;India Meteorological Department (IMD) - https://mausam.imd.gov.in/;
2018265N08338;KIRK;ouragan;;9.2;-28.2;5.0;23/09/2018;50000.0;0.3;;False;National Hurricane Center (NHC) - https://www.nhc.noaa.gov/archive/2018/KIRK.shtml;
2018265N35315;LESLIE;ouragan;;32.3;-41.5;6.0;26/09/2018;50000.0;0.7;;False;National Hurricane Center (NHC) - https://www.nhc.noaa.gov/archive/2018/LESLIE.shtml;
2018269N11220;WALAKA;ouragan;;22.2;-168.1;8.0;04/10/2018;5000.0;0.3;;False;National Hurricane Center (NHC) - https://www.nhc.noaa.gov/archive/2018/WALAKA.shtml;
2018271N06154;KONG-REY;typhon;;10.3;147.3;7.0;28/09/2018;500000.0;0.6;;False;Joint Typhoon Warning Center (JTWC) - https://www.metoc.navy.mil/jtwc/jtwc.html;
2018273N12259;SERGIO;ouragan;;22.1;-118.7;7.0;11/10/2018;50000.0;0.7;;False;National Hurricane Center (NHC) - https://www.nhc.noaa.gov/archive/2018/SERGIO.shtml;
2018280N18273;MICHAEL;ouragan;;34.9;-80.9;9.0;11/10/2018;1500000.0;0.7;;False;National Hurricane Center (NHC) - https://www.nhc.noaa.gov/archive/2018/MICHAEL.shtml;
2018292N14261;WILLA;ouragan;;23.0;-105.5;8.0;24/10/2018;400000.0;0.6;;False;National Hurricane Center (NHC) - https://www.nhc.noaa.gov/archive/2018/WILLA.shtml;
2018300N25315;OSCAR;ouragan;;33.0;-54.6;6.0;31/10/2018;5000.0;0.2;;False;National Hurricane Center (NHC) - https://www.nhc.noaa.gov/archive/2018/OSCAR.shtml;
2018324N04156;MAN-YI;typhon;;7.1;150.2;7.0;21/11/2018;500000.0;0.4;;False;Joint Typhoon Warning Center (JTWC) - https://www.metoc.navy.mil/jtwc/jtwc.html;
2018351S09059;CILIDA;cyclone;;-35.5;83.1;7.0;28/12/2018;5000.0;0.3;;False;Météo-France / RSMC La Réunion - https://www.meteofrance.re/cyclone/suivi/cilida-2018;
2018363S12145;PENNY;cyclone;;-13.2;147.9;5.0;02/01/2019;50000.0;0.6;;False;Bureau of Meteorology (Australie) - http://www.bom.gov.au/cyclone/history/penny-2019/;
2019001S10162;MONA;cyclone;;-10.2;161.8;5.0;31/12/2018;50000.0;0.4;;False;Météo-France - La Réunion (CMRS) - https://www.meteofrance.re/;
2019023S21041;EKETSANG;cyclone;;-29.5;50.1;5.0;25/01/2019;50000.0;0.4;;False;Météo France - La Réunion (CMRS) - https://www.meteofrance.re/;
2019035S11058;GELENA;cyclone;;-27.2;82.3;7.0;14/02/2019;50000.0;0.3;;False;Météo-France / Centre des Cyclones Tropicaux de La Réunion - https://www.meteofrance.re/accueil;
2019035S13070;FUNANI;cyclone;;-33.2;78.3;7.0;10/02/2019;50000.0;0.3;;False;Météo-France / RSMC La Réunion - https://www.meteofrance.re/cyclone/suivi/funani-2019;
2019040S17183;NEIL;cyclone;;-25.9;-173.0;4.0;10/02/2019;5000.0;0.3;;False;NOAA International Best Track Archive for Climate Stewardship (IBTrACS) - https://www.ncdc.noaa.gov/ibtracs/;
2019057S13184;POLA;cyclone;;-28.4;-173.4;5.0;02/03/2019;5000.0;0.3;;False;NOAA International Best Track Archive for Climate Stewardship (IBTrACS) - https://www.ncdc.noaa.gov/ibtracs/;
2019060S10078;HALEH;cyclone;;-40.4;69.5;5.0;10/03/2019;50000.0;0.3;;False;Météo-France / Centre des Cyclones Tropicaux de La Réunion - https://www.meteofrance.re/;
2019176N18128;SEPAT;typhon;;25.7;129.2;7.0;26/06/2019;500000.0;0.7;;False;Japan Meteorological Agency (JMA) - https://www.jma.go.jp/jma/indexe.html | Joint Typhoon Warning Center (JTWC) - https://www.metoc.navy.mil/jtwc/jtwc.html;
2019195N13136;DANAS;typhon;;16.9;129.0;5.0;15/07/2019;500000.0;0.6;;False;Japan Meteorological Agency (JMA) - https://www.jma.go.jp/jma/indexe.html | Joint Typhoon Warning Center (JTWC) - https://www.metoc.navy.mil/jtwc/jtwc.html;
2019213N17155;FRANCISCO;typhon;;43.0;142.0;6.5;09/08/2019;500000.0;0.7;;False;Japan Meteorological Agency (JMA) - https://www.jma.go.jp/jma/indexe.html;
2019216N16147;KROSA;typhon;;35.1;132.8;7.0;15/08/2019;500000.0;0.7;;False;Japan Meteorological Agency (JMA) - https://www.jma.go.jp/jma/indexe.html | Digital Typhoon - http://agora.ex.nii.ac.jp/digital-typhoon/;
2019233N40300;CHANTAL;ouragan;;40.1;-59.7;4.0;20/08/2019;50000.0;0.8;;False;National Hurricane Center (NHC) - https://www.nhc.noaa.gov/archive/2019/CHANTAL.shtml;
2019236N08143;PODUL;typhon;;8.4;142.5;7.0;24/08/2019;500000.0;0.4;;False;Joint Typhoon Warning Center (JTWC) - https://www.metoc.navy.mil/jtwc/jtwc.html;
2019236N10314;DORIAN;ouragan;;35.7;-74.9;9.5;06/09/2019;2500000.0;0.7;;False;National Hurricane Center (NHC) - https://www.nhc.noaa.gov/archive/2019/DORIAN.shtml;
2019239N32287;ERIN;ouragan;;36.9;-70.9;5.0;29/08/2019;50000.0;0.7;;False;National Hurricane Center (NHC) - https://www.nhc.noaa.gov/archive/2019/ERIN.shtml;
2019242N14180;FAXAI;typhon;;23.7;150.0;8.0;06/09/2019;500000.0;0.7;;False;Japan Meteorological Agency (JMA) - https://www.jma.go.jp/jma/indexe.html | Joint Typhoon Warning Center (JTWC) - https://www.metoc.navy.mil/jtwc/jtwc.html;
2019243N06136;LINGLING;typhon;;31.3;125.1;7.0;06/09/2019;500000.0;0.6;;False;Japan Meteorological Agency (JMA) - Regional Specialized Meteorological Center (RSMC) Tokyo - https://www.jma.go.jp/jma/indexe.html | Joint Typhoon Warning Center (JTWC) - https://www.metoc.navy.mil/jtwc/jtwc.html;
2019246N16330;GABRIELLE;ouragan;;29.0;-40.1;5.0;07/09/2019;5000.0;0.2;;False;National Hurricane Center (NHC) - https://www.nhc.noaa.gov/archive/2019/GABRIELLE.shtml;
2019255N09162;PEIPAH;typhon;;18.5;147.4;5.0;15/09/2019;50000.0;0.4;;False;Joint Typhoon Warning Center (JTWC) - https://www.metoc.navy.mil/jtwc/jtwc.html;
2019256N23286;HUMBERTO;ouragan;;32.8;-66.1;7.0;18/09/2019;50000.0;0.8;;False;National Hurricane Center (NHC) - https://www.nhc.noaa.gov/archive/2019/HUMBERTO.shtml;
2019260N20129;TAPAH;typhon;;33.2;128.6;7.0;22/09/2019;500000.0;0.7;;False;Japan Meteorological Agency (JMA) - https://www.jma.go.jp/jma/indexe.html | Joint Typhoon Warning Center (JTWC) - https://www.metoc.navy.mil/jtwc/jtwc.html;
2019266N11341;LORENZO;ouragan;;32.6;-40.7;8.0;01/10/2019;50000.0;0.3;;False;National Hurricane Center (NHC) - https://www.nhc.noaa.gov/archive/2019/LORENZO.shtml;
2019268N10155;MITAG;typhon;;11.2;149.4;7.0;25/09/2019;500000.0;0.6;;False;Joint Typhoon Warning Center (JTWC) - https://www.metoc.navy.mil/jtwc/jtwc.html;
2019272N14261;NARDA;ouragan;;22.8;-106.5;5.0;30/09/2019;500000.0;0.7;;False;National Hurricane Center (NHC) - https://www.nhc.noaa.gov/archive/2019/NARDA.shtml;
2019278N16165;HAGIBIS;typhon;;15.1;157.8;9.0;05/10/2019;3000000.0;0.7;;False;Japan Meteorological Agency (JMA) - https://www.jma.go.jp/jma/indexe.html | ReliefWeb - https://reliefweb.int/disaster/tc-2019-000116-jpn;
2019282N35286;MELISSA;ouragan;;40.7;-54.3;5.0;14/10/2019;50000.0;0.8;;False;National Hurricane Center (NHC) - https://www.nhc.noaa.gov/archive/2019/MELISSA.shtml;
2019288N16136;NEOGURI;typhon;;26.3;130.7;7.0;20/10/2019;500000.0;0.7;;False;Japan Meteorological Agency (JMA) - https://www.jma.go.jp/jma/indexe.html | Joint Typhoon Warning Center (JTWC) - https://www.metoc.navy.mil/jtwc/jtwc.html;
2019290N08169;BUALOI;typhon;;8.5;162.7;7.5;18/10/2019;500000.0;0.4;;False;Joint Typhoon Warning Center (JTWC) - https://www.metoc.navy.mil/jtwc/jtwc.html;
2019291N22264;NESTOR;ouragan;;24.6;-92.1;5.0;18/10/2019;500000.0;0.7;;False;National Hurricane Center (NHC) - https://www.nhc.noaa.gov/archive/2019/NESTOR.shtml;
2019297N40322;PABLO;ouragan;;37.9;-39.9;5.0;24/10/2019;50000.0;0.3;;False;National Hurricane Center (NHC) - https://www.nhc.noaa.gov/archive/2019/PABLO.shtml;
2019299N25265;OLGA;ouragan;;27.8;-91.9;5.0;26/10/2019;500000.0;0.7;;False;National Hurricane Center (NHC) - https://www.nhc.noaa.gov/archive/2019/OLGA.shtml;
2019300N41309;REBEKAH;ouragan;;40.5;-51.5;4.0;27/10/2019;5000.0;0.3;;False;National Hurricane Center (NHC) - https://www.nhc.noaa.gov/archive/2019/REBEKAH.shtml;
2019306N10162;HALONG;typhon;;26.7;154.4;7.0;08/11/2019;5000.0;0.3;;False;Japan Meteorological Agency (JMA) - https://www.jma.go.jp/jma/indexe.html | Joint Typhoon Warning Center (JTWC) - https://www.metoc.navy.mil/jtwc/jtwc.html;
2019314N12172;FENGSHEN;typhon;;24.9;144.7;7.0;16/11/2019;50000.0;0.3;;False;Japan Meteorological Agency (JMA) - https://www.jma.go.jp/jma/indexe.html | Joint Typhoon Warning Center (JTWC) - https://www.metoc.navy.mil/jtwc/jtwc.html;
2019322N11144;FUNG-WONG;typhon;;12.6;135.0;7.0;18/11/2019;500000.0;0.6;;False;JTWC (Joint Typhoon Warning Center) - https://www.metoc.navy.mil/jtwc/jtwc.html;
2019323N19302;SEBASTIEN;ouragan;;26.7;-52.6;5.0;23/11/2019;50000.0;0.8;;False;National Hurricane Center (NHC) - https://www.nhc.noaa.gov/archive/2019/SEBASTIEN.shtml;
2019329N09160;KAMMURI;typhon;;9.6;154.4;8.5;25/11/2019;1200000.0;0.6;;False;Joint Typhoon Warning Center (JTWC) - https://www.metoc.navy.mil/jtwc/jtwc.html | ReliefWeb - https://reliefweb.int/disaster/tc-2019-000139-phl;
2019352S14070;CALVINIA;cyclone;;-27.9;60.7;5.0;01/01/2020;50000.0;0.4;;False;Météo-France - https://www.meteofrance.re/cyclone/suivi/calvinia-2019 | Joint Typhoon Warning Center (JTWC) - https://www.metoc.navy.mil/jtwc/jtwc.html;
2019359S08175;SARAI;cyclone;;-20.3;189.9;6.0;31/12/2019;50000.0;0.4;;False;Joint Typhoon Warning Center (JTWC) - https://www.metoc.navy.mil/jtwc/jtwc.html | ReliefWeb - https://reliefweb.int/disaster/tc-2019-000149-fji;
2020005S08133;CLAUDIA;cyclone;;-15.3;119.8;6.0;12/01/2020;50000.0;0.4;;False;Bureau of Meteorology (Australie) - http://www.bom.gov.au/cyclone/history/claudia-2020.shtml;
2020015S12170;TINO;cyclone;;-20.6;186.1;6.5;18/01/2020;50000.0;0.4;;False;Météo-France - La Réunion / Firinga.com - https://www.firinga.com/cyclone-tino-2020;
2020022S17043;DIANE;cyclone;;-21.7;63.0;7.0;25/01/2020;500000.0;0.4;;False;Météo-France (La Réunion) - https://www.meteofrance.re/;
2020037S13163;UESI;cyclone;;-13.1;163.1;7.0;06/02/2020;50000.0;0.3;;False;Joint Typhoon Warning Center (JTWC) - https://www.metoc.navy.mil/jtwc/jtwc.html;
2020072S14054;HEROLD;cyclone;;-17.9;58.5;7.0;17/03/2020;150000.0;0.4;;False;Météo-France - La Réunion / RSMC La Réunion - https://www.meteofrance.re/cyclone/suivi/herold-2020;
2020073S14149;GRETEL;cyclone;;-14.1;149.1;5.0;13/03/2020;50000.0;0.6;;False;Bureau of Meteorology (Australie) - http://www.bom.gov.au/cyclone/history/gretel-2020/;
2020092S09155;HAROLD;cyclone;;-18.0;175.8;8.0;07/04/2020;250000.0;0.4;;False;Joint Typhoon Warning Center (JTWC) & ReliefWeb - https://www.metoc.navy.mil/jtwc/jtwc.html | https://reliefweb.int/disaster/tc-2020-000050-vut;
2020092S12069;IRONDRO;cyclone;;-28.0;93.9;5.0;06/04/2020;5000.0;0.3;;False;Joint Typhoon Warning Center (JTWC) - https://www.metoc.navy.mil/jtwc/jtwc.html;
2020129N07134;VONGFONG;typhon;;22.6;124.4;7.5;18/05/2020;500000.0;0.7;;False;Joint Typhoon Warning Center (JTWC) - https://www.metoc.navy.mil/jtwc/jtwc.html | ReliefWeb - https://reliefweb.int/disaster/tc-2020-000135-phl;
2020139S04095;MANGGA;cyclone;;-14.2;96.0;5.0;22/05/2020;50000.0;0.3;;False;Joint Typhoon Warning Center (JTWC) - https://www.metoc.navy.mil/jtwc/jtwc.html | Bureau of Meteorology (Australie) - http://www.bom.gov.au/;
2020148N32281;BERTHA;ouragan;;35.9;-81.0;5.0;28/05/2020;500000.0;0.8;;False;National Hurricane Center (NHC) - https://www.nhc.noaa.gov/archive/2020/BERTHA.shtml;
2020186N30289;EDOUARD;ouragan;;34.4;-63.2;4.0;05/07/2020;5000.0;0.8;;False;National Hurricane Center (NHC) - https://www.nhc.noaa.gov/archive/2020/EDOUARD.shtml;
2020188N28271;FAY;ouragan;;34.7;-75.9;6.0;09/07/2020;500000.0;0.7;;False;National Hurricane Center (NHC) - https://www.nhc.noaa.gov/archive/2020/FAY.shtml;
2020202N15241;DOUGLAS;ouragan;;24.2;-167.7;6.0;28/07/2020;50000.0;0.7;;False;National Hurricane Center (NHC) - https://www.nhc.noaa.gov/archive/2020/DOUGLAS.shtml;
2020203N09323;GONZALO;ouragan;;10.3;-59.8;5.0;25/07/2020;50000.0;0.6;;False;National Hurricane Center (NHC) - https://www.nhc.noaa.gov/archive/2020/GONZALO.shtml;
2020211N13306;ISAIAS;ouragan;;12.5;-54.0;7.0;28/07/2020;1500000.0;0.7;;False;National Hurricane Center (NHC) - https://www.nhc.noaa.gov/archive/2020/ISAIAS.shtml;
2020213N15131;HAGUPIT;typhon;;36.5;122.6;7.0;05/08/2020;500000.0;0.7;;False;Japan Meteorological Agency (JMA) - https://www.jma.go.jp/jma/indexe.html | Joint Typhoon Warning Center (JTWC) - https://www.metoc.navy.mil/jtwc/jtwc.html;
2020220N14128;JANGMI;typhon;;21.9;126.1;7.0;08/08/2020;500000.0;0.6;;False;Joint Typhoon Warning Center (JTWC) - https://www.metoc.navy.mil/jtwc/jtwc.html;
2020228N37286;KYLE;ouragan;;38.8;-66.7;4.0;15/08/2020;50000.0;0.8;;False;National Hurricane Center (NHC) - https://www.nhc.noaa.gov/archive/2020/KYLE.shtml;
2020233N14313;LAURA;ouragan;;14.4;-47.3;8.5;20/08/2020;1500000.0;0.6;;False;National Hurricane Center (NHC) - https://www.nhc.noaa.gov/archive/2020/LAURA.shtml;
2020234N19123;BAVI;typhon;;36.0;124.6;7.0;26/08/2020;500000.0;0.6;;False;Joint Typhoon Warning Center (JTWC) - https://www.metoc.navy.mil/jtwc/jtwc.html;
2020239N13134;MAYSAK;typhon;;34.2;128.3;8.0;02/09/2020;1500000.0;0.7;;False;Japan Meteorological Agency (JMA) - Regional Specialized Meteorological Center (RSMC) Tokyo - https://www.jma.go.jp/jma/indexe.html | Joint Typhoon Warning Center (JTWC) - https://www.metoc.navy.mil/jtwc/jtwc.html;
2020244N25146;HAISHEN;typhon;;31.9;129.2;8.5;06/09/2020;1200000.0;0.7;;False;Japan Meteorological Agency (JMA) - https://www.jma.go.jp/jma/indexe.html | Joint Typhoon Warning Center (JTWC) - https://www.metoc.navy.mil/jtwc/jtwc.html;
2020244N30279;OMAR;ouragan;;40.4;-55.6;5.0;06/09/2020;50000.0;0.7;;False;National Hurricane Center (NHC) - https://www.nhc.noaa.gov/archive/2020/OMAR.shtml;
2020249N14265;JULIO;ouragan;;17.2;-104.8;5.0;06/09/2020;50000.0;0.6;;False;National Hurricane Center (NHC) - https://www.nhc.noaa.gov/archive/2020/JULIO.shtml;
2020251N17319;PAULETTE;ouragan;;36.3;-62.0;7.0;15/09/2020;5000.0;0.7;;False;National Hurricane Center (NHC) - https://www.nhc.noaa.gov/archive/2020/PAULETTE.shtml;
2020256N11329;TEDDY;ouragan;;32.2;-61.8;7.0;21/09/2020;50000.0;0.7;;False;National Hurricane Center (NHC) - https://www.nhc.noaa.gov/archive/2020/TEDDY.shtml;
2020258N11127;NOUL;typhon;;16.2;109.4;7.0;17/09/2020;500000.0;0.6;;False;Joint Typhoon Warning Center (JTWC) - https://www.metoc.navy.mil/jtwc/jtwc.html | ReliefWeb - https://reliefweb.int/disaster/tc-2020-000258-vnm;
2020263N21136;DOLPHIN;typhon;;46.5;150.6;7.0;27/09/2020;50000.0;0.3;;False;Japan Meteorological Agency (JMA) - https://www.jma.go.jp/jma/indexe.html;
2020270N17159;KUJIRA;typhon;;24.1;155.8;5.0;27/09/2020;50000.0;0.3;;False;Japan Meteorological Agency (JMA) - https://www.jma.go.jp/jma/indexe.html | Joint Typhoon Warning Center (JTWC) - https://www.metoc.navy.mil/jtwc/jtwc.html;
2020277N21141;CHAN-HOM;typhon;;33.9;148.4;7.0;16/10/2020;500000.0;0.7;;False;Japan Meteorological Agency (JMA) - https://www.jma.go.jp/jma/indexe.html | Joint Typhoon Warning Center (JTWC) - https://www.metoc.navy.mil/jtwc/jtwc.html;
2020279N16284;DELTA;ouragan;;20.8;-86.9;8.0;07/10/2020;1500000.0;0.7;;False;National Hurricane Center (NHC) - https://www.nhc.noaa.gov/archive/2020/DELTA.shtml;
2020291N06141;SAUDEL;typhon;;10.6;136.4;7.0;18/10/2020;500000.0;0.4;;False;Joint Typhoon Warning Center (JTWC) - https://www.metoc.navy.mil/jtwc/jtwc.html;
2020291N32305;EPSILON;ouragan;;38.6;-59.7;6.0;24/10/2020;50000.0;0.3;;False;National Hurricane Center (NHC) - https://www.nhc.noaa.gov/archive/2020/EPSILON.shtml;
2020299N18277;ZETA;ouragan;;26.9;-91.5;7.5;28/10/2020;2500000.0;0.7;;False;National Hurricane Center (NHC) - https://www.nhc.noaa.gov/archive/2020/ZETA.shtml;
2020303N05149;ATSANI;typhon;;9.9;146.5;7.0;29/10/2020;50000.0;0.4;;False;Joint Typhoon Warning Center (JTWC) - https://www.metoc.navy.mil/jtwc/jtwc.html;
2020306N15288;ETA;ouragan;;18.7;-84.2;8.5;07/11/2020;3500000.0;0.4;;False;National Hurricane Center (NHC) - https://www.nhc.noaa.gov/archive/2020/ETA.shtml;
2020312N10131;ETAU;typhon;;12.0;126.1;7.0;07/11/2020;500000.0;0.6;;False;Joint Typhoon Warning Center (JTWC) - https://www.metoc.navy.mil/jtwc/jtwc.html;
2020347S14190;ZAZU;cyclone;;-22.9;-167.5;5.0;16/12/2020;5000.0;0.3;;False;Joint Typhoon Warning Center (JTWC) - https://www.metoc.navy.mil/jtwc/jtwc.html;
2020352S26195;ZAZU;cyclone;;-25.9;-165.4;5.0;16/12/2020;5000.0;0.3;;False;Météo-France - https://www.meteofrance.fr/actualites-et-dossiers/actualites/climat/le-cyclone-zazu-dans-le-pacifique-sud;
2020353N06129;KROVANH;typhon;;8.6;125.2;7.0;18/12/2020;500000.0;0.6;;False;Joint Typhoon Warning Center (JTWC) - https://www.metoc.navy.mil/jtwc/jtwc.html;
2020355S11065;CHALANE;cyclone;;-19.2;33.3;6.5;30/12/2020;500000.0;0.4;;False;Météo-France - La Réunion (CMRS) - https://www.meteofrance.re/cyclone/suivi/chalane_2020;
2021012S12086;ELOISE;cyclone;;-12.7;74.5;7.0;14/01/2021;500000.0;0.4;;False;Météo-France / RSMC La Réunion - https://www.meteofrance.re/cyclone/suivi/eloise-2021;
2021025S14138;LUCAS;cyclone;;-13.4;155.2;7.0;31/01/2021;50000.0;0.4;;False;Météo-France - La Réunion / Centre des Cyclones Tropicaux - https://www.meteofrance.re/accueil;
2021029S14162;BINA;cyclone;;-12.5;167.8;6.0;30/01/2021;50000.0;0.4;;False;Joint Typhoon Warning Center (JTWC) - https://www.metoc.navy.mil/jtwc/jtwc.html | Vanuatu Meteorology and Geo-Hazards Department (VMGD) - https://www.vmgd.gov.vu;
2021029S16171;ANA;cyclone;;-27.0;186.8;5.0;02/02/2021;50000.0;0.4;;False;Joint Typhoon Warning Center (JTWC) - https://www.metoc.navy.mil/jtwc/jtwc.html;
2021042S23040;GUAMBE;cyclone;;-30.9;39.2;7.0;21/02/2021;50000.0;0.4;;False;Météo France - La Réunion / RSMC La Réunion - https://www.meteofrance.re/cyclone/suivi;
2021053S13128;MARIAN;cyclone;;-13.3;120.9;7.0;23/02/2021;50000.0;0.4;;False;Joint Typhoon Warning Center (JTWC) - https://www.metoc.navy.mil/jtwc/jtwc.html | Bureau of Meteorology (Australie) - http://www.bom.gov.au/cyclone/;
2021058S14149;NIRAN;cyclone;;-15.6;151.5;7.0;04/03/2021;50000.0;0.4;;False;Joint Typhoon Warning Center (JTWC) - https://www.metoc.navy.mil/jtwc/jtwc.html | Bureau of Meteorology (Australie) - http://www.bom.gov.au/cyclone/;
2021093S10103;ODETTE;cyclone;;-17.9;112.6;5.0;09/04/2021;50000.0;0.4;;False;Joint Typhoon Warning Center (JTWC) - https://www.metoc.navy.mil/jtwc/jtwc.html;
2021093S11122;SEROJA;cyclone;;-24.3;110.5;7.0;11/04/2021;150000.0;0.6;;False;Bureau of Meteorology (Australie) - http://www.bom.gov.au/cyclone/history/seroja.shtml | ReliefWeb - https://reliefweb.int/disaster/tc-2021-000042-idn;
2021102N06144;SURIGAE;typhon;;21.8;136.1;9.0;25/04/2021;500000.0;0.6;;False;Joint Typhoon Warning Center (JTWC) - https://www.metoc.navy.mil/jtwc/jtwc.html;
2021133N10071;TAUKTAE;cyclone;;25.8;74.8;8.0;19/05/2021;3200000.0;0.6;;False;India Meteorological Department (IMD) - https://mausam.imd.gov.in/ | ReliefWeb - https://reliefweb.int/disaster/tc-2021-000063-ind;
2021140N30305;ANA;ouragan;;32.3;-53.6;5.0;20/05/2021;50000.0;0.3;;False;National Hurricane Center (NHC) - https://www.nhc.noaa.gov/archive/2021/ANA.shtml;
2021148N05142;CHOI-WAN;typhon;;23.9;123.1;6.5;04/06/2021;500000.0;0.7;;False;Joint Typhoon Warning Center (JTWC) - https://www.metoc.navy.mil/jtwc/jtwc.html;
2021161N18115;KOGUMA;typhon;;20.3;102.9;7.0;13/06/2021;500000.0;0.6;;False;Joint Typhoon Warning Center (JTWC) - https://www.metoc.navy.mil/jtwc/jtwc.html;
2021165N32282;BILL;ouragan;;35.4;-71.9;5.0;14/06/2021;50000.0;0.7;;False;National Hurricane Center (NHC) - https://www.nhc.noaa.gov/archive/2021/BILL.shtml;
2021169N14260;DOLORES;ouragan;;20.4;-104.0;7.0;19/06/2021;500000.0;0.7;;False;National Hurricane Center (NHC) - https://www.nhc.noaa.gov/archive/2021/DOLORES.shtml;
2021169N23268;CLAUDETTE;ouragan;;35.0;-79.1;5.0;21/06/2021;500000.0;0.8;;False;National Hurricane Center (NHC) - https://www.nhc.noaa.gov/archive/2021/CLAUDETTE.shtml;
2021171N09152;CHAMPI;typhon;;30.9;141.8;7.0;27/06/2021;50000.0;0.6;;False;Japan Meteorological Agency (JMA) - https://www.jma.go.jp/jma/indexe.html;
2021182N09317;ELSA;ouragan;;9.4;-42.8;6.5;30/06/2021;500000.0;0.7;;False;National Hurricane Center (NHC) - https://www.nhc.noaa.gov/archive/2021/ELSA.shtml;
2021214N21110;LUPIT;typhon;;25.2;121.5;7.0;07/08/2021;5000000.0;0.7;;False;Japan Meteorological Agency (JMA) - Regional Specialized Meteorological Center (RSMC) Tokyo - https://www.jma.go.jp/jma/indexe.html | Joint Typhoon Warning Center (JTWC) - https://www.metoc.navy.mil/jtwc/jtwc.html;
2021215N24124;MIRINAE;typhon;;37.3;146.2;7.0;08/08/2021;50000.0;0.6;;False;Japan Meteorological Agency (JMA) - https://www.jma.go.jp/jma/indexe.html | Joint Typhoon Warning Center (JTWC) - https://www.metoc.navy.mil/jtwc/jtwc.html;
2021216N22144;NIDA;typhon;;22.2;144.4;7.0;03/08/2021;50000.0;0.3;;False;Joint Typhoon Warning Center (JTWC) - https://www.metoc.navy.mil/jtwc/jtwc.html;
2021219N08193;OMAIS;typhon;;11.0;186.0;5.0;09/08/2021;50000.0;0.4;;False;Joint Typhoon Warning Center (JTWC) - https://www.metoc.navy.mil/jtwc/jtwc.html;
2021222N14301;FRED;ouragan;;34.9;-84.2;6.0;17/08/2021;500000.0;0.7;;False;National Hurricane Center (NHC) - https://www.nhc.noaa.gov/archive/2021/FRED.shtml;
2021225N15313;GRACE;ouragan;;15.2;-48.7;7.0;13/08/2021;500000.0;0.6;;False;National Hurricane Center (NHC) - https://www.nhc.noaa.gov/archive/2021/GRACE.shtml;
2021227N36297;HENRI;ouragan;;34.4;-72.3;6.5;21/08/2021;500000.0;0.7;;False;National Hurricane Center (NHC) - https://www.nhc.noaa.gov/archive/2021/HENRI.shtml;
2021239N17281;IDA;ouragan;;22.4;-83.2;9.0;27/08/2021;1500000.0;0.6;;False;National Hurricane Center (NHC) - https://www.nhc.noaa.gov/archive/2021/IDA.shtml;
2021241N32308;JULIAN;ouragan;;35.2;-46.9;5.0;29/08/2021;50000.0;0.3;;False;National Hurricane Center (NHC) - https://www.nhc.noaa.gov/archive/2021/JULIAN.shtml;
2021244N12339;LARRY;ouragan;;12.1;-23.5;7.0;01/09/2021;500000.0;0.4;;False;National Hurricane Center (NHC) - https://www.nhc.noaa.gov/archive/2021/LARRY.shtml;
2021248N12141;CHANTHU;typhon;;33.7;130.3;8.0;17/09/2021;1500000.0;0.7;;False;Japan Meteorological Agency (JMA) - https://www.jma.go.jp/jma/indexe.html | Joint Typhoon Warning Center (JTWC) - https://www.metoc.navy.mil/jtwc/jtwc.html;
2021252N28273;MINDY;ouragan;;31.2;-81.8;5.0;09/09/2021;500000.0;0.7;;False;National Hurricane Center (NHC) - https://www.nhc.noaa.gov/archive/2021/MINDY.shtml;
2021259N30286;ODETTE;ouragan;;39.9;-61.9;5.0;19/09/2021;50000.0;0.7;;False;National Hurricane Center (NHC) - https://www.nhc.noaa.gov/archive/2021/ODETTE.shtml;
2021265N11150;MINDULLE;typhon;;31.1;140.1;7.0;30/09/2021;500000.0;0.6;;False;Japan Meteorological Agency (JMA) - https://www.jma.go.jp/jma/indexe.html | Joint Typhoon Warning Center (JTWC) - https://www.metoc.navy.mil/jtwc/jtwc.html;
2021266N10327;SAM;ouragan;;39.2;-51.1;7.0;04/10/2021;5000.0;0.2;;False;National Hurricane Center (NHC) - https://www.nhc.noaa.gov/archive/2021/SAM.shtml;
2021276N07131;LIONROCK;typhon;;9.9;123.8;7.0;04/10/2021;500000.0;0.6;;False;Joint Typhoon Warning Center (JTWC) - https://www.metoc.navy.mil/jtwc/jtwc.html | Global Disaster Alert and Coordination System (GDACS) - https://www.gdacs.org;
2021282N16165;NAMTHEUN;typhon;;38.8;167.7;7.0;17/10/2021;50000.0;0.3;;False;Japan Meteorological Agency (JMA) - https://www.jma.go.jp/jma/indexe.html;
2021283N14258;PAMELA;ouragan;;23.7;-106.7;7.0;13/10/2021;500000.0;0.7;;False;National Hurricane Center (NHC) - https://www.nhc.noaa.gov/archive/2021/PAMELA.shtml;
2021295N09145;MALOU;typhon;;28.0;143.4;7.0;28/10/2021;50000.0;0.6;;False;Japan Meteorological Agency (JMA) - https://www.jma.go.jp/jma/indexe.html | Joint Typhoon Warning Center (JTWC) - https://www.metoc.navy.mil/jtwc/jtwc.html;
2021299N33284;WANDA;ouragan;;32.5;-76.3;5.5;25/10/2021;500000.0;0.7;;False;National Hurricane Center (NHC) - https://www.nhc.noaa.gov/archive/2021/WANDA.shtml;
2021333N11146;NYATOH;typhon;;11.2;146.2;7.0;28/11/2021;50000.0;0.4;;False;Joint Typhoon Warning Center (JTWC) - https://www.metoc.navy.mil/jtwc/jtwc.html;
2021343S09155;RUBY;cyclone;;-21.2;165.4;7.0;14/12/2021;50000.0;0.6;;False;Météo-France Nouvelle-Calédonie - https://www.meteo.nc/;
2021358S09130;SETH;cyclone;;-14.9;139.9;5.0;29/12/2021;15000.0;0.3;;False;Bureau of Meteorology (Australie) - http://www.bom.gov.au/cyclone/history/tracks/2021-22.shtml;
2022008S17173;CODY;cyclone;;-36.6;182.6;5.0;16/01/2022;50000.0;0.4;;False;Météo-France / Centre des Cyclones Tropicaux de La Réunion - https://www.meteofrance.re/;
2022020S13060;ANA;cyclone;;-17.4;54.9;7.0;21/01/2022;500000.0;0.4;;False;Météo-France - https://www.meteofrance.re/cyclone/suivi/ana-2022 | ReliefWeb - https://reliefweb.int/disaster/tc-2022-000010-mdg;
2022024S09090;BATSIRAI;cyclone;;-17.0;81.7;8.5;27/01/2022;1500000.0;0.4;;False;Météo-France (La Réunion) - https://www.meteofrance.re/cyclone/suivi/2022/batsirai;
2022037S10103;EMNATI;cyclone;;-16.4;92.0;7.5;13/02/2022;500000.0;0.4;;False;Météo-France - https://www.meteofrance.re/cyclone/suivi/emnati-2022 | ReliefWeb - https://reliefweb.int/disaster/tc-2022-000022-mdg;
2022038S19164;DOVI;cyclone;;-26.7;166.2;7.0;11/02/2022;50000.0;0.4;;False;Météo-France - La Réunion (CMRS) - https://www.meteofrance.re/;
2022046S15095;FEZILE;cyclone;;-28.4;87.0;5.0;18/02/2022;50000.0;0.3;;False;Météo-France La Réunion / RSMC La Réunion - https://www.meteofrance.re/;
2022076S10126;CHARLOTTE;cyclone;;-27.6;107.5;7.0;25/03/2022;50000.0;0.3;;False;IBTrACS (International Best Track Archive for Climate Stewardship) - https://www.ncdc.noaa.gov/ibtracs/;
2022096N03150;MALAKAS;typhon;;24.3;140.1;7.0;14/04/2022;500000.0;0.7;;False;Japan Meteorological Agency (JMA) - https://www.jma.go.jp/jma/indexe.html | Joint Typhoon Warning Center (JTWC) - https://www.metoc.navy.mil/jtwc/jtwc.html;
2022110S12051;JASMINE;cyclone;;-25.5;51.0;6.0;01/05/2022;50000.0;0.4;;False;Météo-France / Centre des Cyclones Tropicaux de La Réunion - https://www.meteofrance.re/;
2022154N21273;ALEX;ouragan;;25.6;-82.9;6.5;04/06/2022;500000.0;0.7;;False;National Hurricane Center (NHC) - https://www.nhc.noaa.gov/archive/2022/ALEX.shtml;
2022179N08310;BONNIE;cyclone;;8.9;-53.2;5.0;28/06/2022;50000.0;0.4;;False;National Hurricane Center (NHC) - https://www.nhc.noaa.gov/archive/2022/BONNIE.shtml;
2022180N15117;CHABA;typhon;;36.5;118.8;7.0;06/07/2022;500000.0;0.7;;False;Joint Typhoon Warning Center (JTWC) - https://www.metoc.navy.mil/jtwc/jtwc.html;
2022180N15130;AERE;typhon;;34.2;134.9;6.5;05/07/2022;500000.0;0.7;;False;Japan Meteorological Agency (JMA) - https://www.jma.go.jp/jma/indexe.html | Digital Typhoon - http://agora.ex.nii.ac.jp/digital-typhoon/;
2022191N14249;DARBY;ouragan;;17.7;-152.3;7.0;16/07/2022;50000.0;0.7;;False;National Hurricane Center (NHC) - https://www.nhc.noaa.gov/archive/2022/DARBY.shtml;
2022208N15143;SONGDA;typhon;;21.5;139.6;7.0;28/07/2022;50000.0;0.4;;False;Japan Meteorological Agency (JMA) - https://www.jma.go.jp/jma/indexe.html | Joint Typhoon Warning Center (JTWC) - https://www.metoc.navy.mil/jtwc/jtwc.html;
2022211N20129;TRASES;typhon;;24.8;128.0;7.0;30/07/2022;500000.0;0.6;;False;Japan Meteorological Agency (JMA) - https://www.jma.go.jp/jma/indexe.html;
2022221N24149;MEARI;typhon;;23.9;148.8;5.0;08/08/2022;50000.0;0.7;;False;Japan Meteorological Agency (JMA) - https://www.jma.go.jp/jma/indexe.html | Joint Typhoon Warning Center (JTWC) - https://www.metoc.navy.mil/jtwc/jtwc.html;
2022233N22151;TOKAGE;typhon;;39.6;152.1;7.0;25/08/2022;50000.0;0.4;;False;Japan Meteorological Agency (JMA) - https://www.jma.go.jp/jma/indexe.html | Joint Typhoon Warning Center (JTWC) - https://www.metoc.navy.mil/jtwc/jtwc.html;
2022239N22150;HINNAMNOR;typhon;;33.3;127.3;8.5;05/09/2022;500000.0;0.7;;False;Japan Meteorological Agency (JMA) - https://www.jma.go.jp/jma/indexe.html | Joint Typhoon Warning Center (JTWC) - https://www.metoc.navy.mil/jtwc/jtwc.html;
2022244N38313;DANIELLE;ouragan;;48.8;-34.8;4.0;09/09/2022;5000.0;0.8;;False;National Hurricane Center (NHC) - https://www.nhc.noaa.gov/archive/2022/DANIELLE.shtml;
2022246N18301;EARL;ouragan;;33.4;-61.9;7.0;09/09/2022;50000.0;0.7;;False;National Hurricane Center (NHC) - https://www.nhc.noaa.gov/archive/2022/EARL.shtml;
2022247N26147;MUIFA;typhon;;39.2;122.6;7.5;16/09/2022;1500000.0;0.7;;False;Japan Meteorological Agency (JMA) - Regional Specialized Meteorological Center (RSMC) Tokyo - https://www.jma.go.jp/jma/indexe.html | Joint Typhoon Warning Center (JTWC) - https://www.metoc.navy.mil/jtwc/jtwc.html;
2022254N21158;MERBOK;typhon;;31.0;161.9;7.0;14/09/2022;50000.0;0.4;;False;Joint Typhoon Warning Center (JTWC) - https://www.metoc.navy.mil/jtwc/jtwc.html;
2022254N24143;NANMADOL;typhon;;35.9;133.2;8.5;19/09/2022;1200000.0;0.7;;False;Japan Meteorological Agency (JMA) - https://www.jma.go.jp/jma/indexe.html | Joint Typhoon Warning Center (JTWC) - https://www.metoc.navy.mil/jtwc/jtwc.html;
2022257N16312;FIONA;ouragan;;31.7;-68.4;8.5;23/09/2022;1200000.0;0.7;;False;National Hurricane Center (NHC) - https://www.nhc.noaa.gov/archive/2022/FIONA.shtml;
2022268N20147;KULAP;typhon;;32.7;146.4;5.0;28/09/2022;5000.0;0.3;;False;Japan Meteorological Agency (JMA) - https://www.jma.go.jp/jma/indexe.html;
2022270N14136;ROKE;typhon;;28.7;137.0;7.0;30/09/2022;500000.0;0.6;;False;Japan Meteorological Agency (JMA) - https://www.jma.go.jp/jma/indexe.html;
2022284N15152;HAITANG;ouragan;;17.6;155.6;7.0;13/10/2022;50000.0;0.4;;False;National Hurricane Center (NHC) - https://www.nhc.noaa.gov/archive/2022/HAITANG.shtml;
2022285N17140;NESAT;typhon;;16.6;140.4;7.0;12/10/2022;500000.0;0.4;;False;Joint Typhoon Warning Center (JTWC) - https://www.metoc.navy.mil/jtwc/jtwc.html;
2022293N15259;ROSLYN;ouragan;;21.9;-105.6;7.0;23/10/2022;150000.0;0.6;;False;National Hurricane Center (NHC) - https://www.nhc.noaa.gov/archive/2022/ROSLYN.shtml;
2022295N13093;SITRANG;cyclone;;21.8;90.4;7.0;24/10/2022;3500000.0;0.6;;False;Joint Typhoon Warning Center (JTWC) & Bangladesh Meteorological Department - https://www.metoc.navy.mil/jtwc/jtwc.html | https://www.bmd.gov.bd/;
2022304N34296;MARTIN;ouragan;;36.1;-48.9;7.0;02/11/2022;50000.0;0.3;;False;National Hurricane Center (NHC) - https://www.nhc.noaa.gov/archive/2022/MARTIN.shtml;
2022311N21293;NICOLE;ouragan;;32.1;-84.7;6.0;11/11/2022;500000.0;0.7;;False;National Hurricane Center (NHC) - https://www.nhc.noaa.gov/archive/2022/NICOLE.shtml;
2022316N20167;YAMANEKO;typhon;;26.0;166.6;5.0;14/11/2022;5000.0;0.3;;False;Japan Meteorological Agency (JMA) - https://www.jma.go.jp/jma/indexe.html | Joint Typhoon Warning Center (JTWC) - https://www.metoc.navy.mil/jtwc/jtwc.html;
2022338N05100;MANDOUS;cyclone;;7.5;94.1;6.5;05/12/2022;500000.0;0.4;;False;India Meteorological Department (IMD) - https://mausam.imd.gov.in/ | Joint Typhoon Warning Center (JTWC) - https://www.metoc.navy.mil/jtwc/jtwc.html;
2022342N06133;PAKHAR;typhon;;7.7;131.6;6.0;08/12/2022;50000.0;0.4;;False;Joint Typhoon Warning Center (JTWC) - https://www.metoc.navy.mil/jtwc/jtwc.html;
2023005S18142;HALE;cyclone;;-18.1;145.3;5.0;05/01/2023;50000.0;0.6;;False;Bureau of Meteorology (Australie) - http://www.bom.gov.au/cyclone/;
2023013S08081;CHENESO;cyclone;;-11.4;76.7;7.0;15/01/2023;500000.0;0.4;;False;Météo-France (La Réunion) - https://www.meteofrance.re/accueil;
2023016S15160;IRENE;cyclone;;-18.1;164.4;7.0;18/01/2023;50000.0;0.4;;False;Météo-France - https://www.meteofrance.fr/previsions-meteo-marine/bulletin/grandlarge/meteo-ocean-indien;
2023032S12091;DINGANI;cyclone;;-13.1;93.6;7.0;03/02/2023;50000.0;0.3;;False;Joint Typhoon Warning Center (JTWC) - https://www.metoc.navy.mil/jtwc/jtwc.html;
2023036S12117;FREDDY;cyclone;;-19.3;54.8;9.0;20/02/2023;2500000.0;0.4;;False;Météo-France - https://www.meteofrance.re/cyclone/suivi/freddy | ReliefWeb - https://reliefweb.int/disaster/tc-2023-000024-mdg;
2023036S12163;GABRIELLE;cyclone;;-21.3;156.9;7.0;09/02/2023;50000.0;0.6;;False;Bureau of Meteorology (Australie) - http://www.bom.gov.au/cyclone/;
2023050S09094;ENALA;cyclone;;-8.9;94.1;7.0;18/02/2023;50000.0;0.3;;False;Joint Typhoon Warning Center (JTWC) - https://www.metoc.navy.mil/jtwc/jtwc.html | Global Disaster Alert and Coordination System (GDACS) - https://www.gdacs.org;
2023055S14184;JUDY;cyclone;;-26.2;179.3;7.0;03/03/2023;50000.0;0.4;;False;Joint Typhoon Warning Center (JTWC) - https://www.metoc.navy.mil/jtwc/jtwc.html;
2023059S15149;KEVIN;cyclone;;-14.5;149.3;5.0;27/02/2023;50000.0;0.4;;False;Météo-France (La Réunion) - https://www.meteofrance.re/;
2023096S07135;ILSA;cyclone;;-21.8;122.3;8.0;14/04/2023;15000.0;0.4;;False;Bureau of Meteorology (Australie) - http://www.bom.gov.au/cyclone/history/ilsa-2023.shtml;
2023129N08091;MOCHA;cyclone;;21.1;93.3;9.0;14/05/2023;1500000.0;0.4;;False;Joint Typhoon Warning Center (JTWC) & ReliefWeb - https://www.metoc.navy.mil/jtwc/jtwc.html | https://reliefweb.int/disaster/tc-2023-000064-mmr;
2023138N05151;MAWAR;typhon;;29.3;134.1;8.0;02/06/2023;500000.0;0.6;;False;Japan Meteorological Agency (JMA) - https://www.jma.go.jp/jma/indexe.html;
2023156N12135;GUCHOL;typhon;;27.3;135.9;7.0;11/06/2023;500000.0;0.6;;False;Japan Meteorological Agency (JMA) - https://www.jma.go.jp/jma/indexe.html;
2023191N10262;CALVIN;ouragan;;17.2;-144.4;7.0;18/07/2023;50000.0;0.3;;False;National Hurricane Center (NHC) - https://www.nhc.noaa.gov/archive/2023/CALVIN.shtml;
2023193N37305;DON;ouragan;;48.1;-38.3;2.0;24/07/2023;0.0;0.9;;False;National Hurricane Center (NHC) - https://www.nhc.noaa.gov/archive/2023/DON.shtml;
2023201N13134;DOKSURI;typhon;;29.6;116.5;8.5;28/07/2023;12000000.0;0.6;;False;Joint Typhoon Warning Center (JTWC) - https://www.metoc.navy.mil/jtwc/jtwc.html | ReliefWeb - https://reliefweb.int/disaster/tc-2023-000134-chn;
2023213N14257;DORA;ouragan;;13.0;219.8;7.0;06/08/2023;50000.0;0.4;;False;National Hurricane Center (NHC) - https://www.nhc.noaa.gov/archive/2023/DORA.shtml;
2023218N25145;LAN;typhon;;43.1;138.0;7.0;16/08/2023;500000.0;0.6;;False;Japan Meteorological Agency (JMA) - https://www.jma.go.jp/jma/indexe.html;
2023228N12259;HILARY;ouragan;;25.3;-114.6;7.5;20/08/2023;1500000.0;0.7;;False;National Hurricane Center (NHC) - https://www.nhc.noaa.gov/archive/2023/HILARY.shtml;
2023231N15313;GERT;ouragan;;32.8;-51.2;3.0;03/09/2023;0.0;0.1;;False;National Hurricane Center (NHC) - https://www.nhc.noaa.gov/archive/2023/GERT.shtml;
2023232N13300;FRANKLIN;ouragan;;39.1;-53.4;7.0;01/09/2023;50000.0;0.7;;False;National Hurricane Center (NHC) - https://www.nhc.noaa.gov/archive/2023/FRANKLIN.shtml;
2023234N19154;DAMREY;typhon;;17.1;151.9;7.0;24/08/2023;50000.0;0.4;;False;Joint Typhoon Warning Center (JTWC) - https://www.metoc.navy.mil/jtwc/jtwc.html;
2023234N25271;HAROLD;ouragan;;25.8;-94.3;7.0;22/08/2023;500000.0;0.7;;False;National Hurricane Center (NHC) - https://www.nhc.noaa.gov/archive/2023/HAROLD.shtml;
2023239N21274;IDALIA;ouragan;;29.9;-83.6;8.0;30/08/2023;500000.0;0.7;;False;National Hurricane Center (NHC) - https://www.nhc.noaa.gov/archive/2023/IDALIA.shtml;
2023241N10158;KIROGI;typhon;;26.2;147.0;7.0;02/09/2023;50000.0;0.3;;False;Joint Typhoon Warning Center (JTWC) - https://www.metoc.navy.mil/jtwc/jtwc.html;
2023241N28308;JOSE;ouragan;;33.8;-52.0;7.0;01/09/2023;50000.0;0.3;;False;National Hurricane Center (NHC) - https://www.nhc.noaa.gov/archive/2023/JOSE.shtml;
2023249N12320;LEE;ouragan;;36.1;-66.9;8.0;15/09/2023;500000.0;0.7;;False;National Hurricane Center (NHC) - https://www.nhc.noaa.gov/archive/2023/LEE.shtml;
2023258N14318;NIGEL;ouragan;;36.7;-53.6;7.0;20/09/2023;50000.0;0.3;;False;National Hurricane Center (NHC) - https://www.nhc.noaa.gov/archive/2023/NIGEL.shtml;
2023271N14144;KOINU;typhon;;15.1;142.2;7.0;27/09/2023;500000.0;0.6;;False;Joint Typhoon Warning Center (JTWC) - https://www.metoc.navy.mil/jtwc/jtwc.html;
2023276N11254;LIDIA;ouragan;;20.1;-105.5;7.0;11/10/2023;500000.0;0.6;;False;National Hurricane Center (NHC) - https://www.nhc.noaa.gov/archive/2023/LIDIA.shtml;
2023279N08157;BOLAVEN;typhon;;24.7;146.1;7.0;12/10/2023;50000.0;0.3;;False;Japan Meteorological Agency (JMA) - https://www.jma.go.jp/jma/indexe.html;
2023302N10267;PILAR;ouragan;;11.3;-97.2;7.0;02/11/2023;500000.0;0.6;;False;National Hurricane Center (NHC) - https://www.nhc.noaa.gov/archive/2023/PILAR.shtml;
2023316S08168;MAL;cyclone;;-10.2;171.3;7.0;13/11/2023;50000.0;0.4;;False;Joint Typhoon Warning Center (JTWC) - https://www.metoc.navy.mil/jtwc/jtwc.html;
2023317N10094;MIDHILI;cyclone;;22.1;90.3;7.0;17/11/2023;5000000.0;0.6;;False;Regional Specialized Meteorological Centre (RSMC) New Delhi - https://rsmcnewdelhi.imd.gov.in/;
2023364S19036;ALVARO;cyclone;;-26.2;54.0;7.0;04/01/2024;150000.0;0.4;;False;Météo-France (La Réunion) - https://www.meteofrance.re/;
2024012S09093;ANGGREK;cyclone;;-31.1;77.3;7.0;30/01/2024;50000.0;0.3;;False;Météo-France / Centre des Cyclones Tropicaux de La Réunion - https://www.meteofrance.re/;
2024017S15151;KIRRILY;cyclone;;-28.8;142.7;5.0;05/02/2024;50000.0;0.4;;False;Bureau of Meteorology (Australie) - http://www.bom.gov.au;
2024035S16188;NAT;cyclone;;-14.8;-164.5;7.0;05/02/2024;5000.0;0.3;;False;Joint Typhoon Warning Center (JTWC) - https://www.metoc.navy.mil/jtwc/jtwc.html;
2024037S09184;OSAI;cyclone;;-9.0;-176.0;5.0;06/02/2024;15000.0;0.3;;False;Joint Typhoon Warning Center (JTWC) - https://www.metoc.navy.mil/jtwc/jtwc.html;
2024045S13066;DJOUNGOU;cyclone;;-17.5;73.8;7.0;18/02/2024;500000.0;0.4;;False;Météo-France (CMRS La Réunion) - https://www.meteofrance.re/cyclone/suivi;
2024066S21042;FILIPO;cyclone;;-27.7;35.0;7.0;13/03/2024;500000.0;0.6;;False;Météo France - La Réunion / CMRS - https://www.meteofrance.re/cyclone/suivi;
2024141N03142;EWINIAR;typhon;;21.9;128.7;7.0;28/05/2024;500000.0;0.6;;False;Japan Meteorological Agency (JMA) - Regional Specialized Meteorological Center (RSMC) Tokyo - https://www.jma.go.jp/jma/indexe.html;
2024151N18113;MALIKSI;typhon;;24.8;117.6;7.0;02/06/2024;500000.0;0.7;;False;Joint Typhoon Warning Center (JTWC) - https://www.metoc.navy.mil/jtwc/jtwc.html;
2024181N09320;BERYL;ouragan;;9.2;-43.1;7.0;29/06/2024;500000.0;0.4;;False;National Hurricane Center (NHC) - https://www.nhc.noaa.gov/;
2024216N20284;DEBBY;ouragan;;37.0;-79.7;6.5;09/08/2024;1500000.0;0.7;;False;National Hurricane Center (NHC) - https://www.nhc.noaa.gov/;
2024218N14254;FABIO;ouragan;;19.0;-114.0;5.0;06/08/2024;5000.0;0.3;;False;National Hurricane Center (NHC) - https://www.nhc.noaa.gov/;
2024218N16247;EMILIA;ouragan;;18.9;-117.4;5.0;07/08/2024;50000.0;0.3;;False;National Hurricane Center (NHC) - https://www.nhc.noaa.gov/;
2024224N27154;SON-TINH;typhon;;41.7;146.6;7.0;14/08/2024;50000.0;0.7;;False;Japan Meteorological Agency (JMA) - https://www.jma.go.jp/jma/indexe.html;
2024225N14313;ERNESTO;ouragan;;14.4;-47.2;5.0;11/08/2024;50000.0;0.3;;False;National Hurricane Center (NHC) - https://www.nhc.noaa.gov/;
2024225N22135;AMPIL;typhon;;38.0;148.8;7.0;17/08/2024;50000.0;0.4;;False;Japan Meteorological Agency (JMA) - https://www.jma.go.jp/jma/indexe.html | Joint Typhoon Warning Center (JTWC) - https://www.metoc.navy.mil/jtwc/jtwc.html;
2024225N24147;WUKONG;typhon;;31.9;147.3;7.0;14/08/2024;50000.0;0.3;;False;Japan Meteorological Agency (JMA) - https://www.jma.go.jp/jma/indexe.html;
2024231N24126;JONGDARI;typhon;;35.2;125.6;7.0;20/08/2024;500000.0;0.7;;False;Japan Meteorological Agency (JMA) - https://www.jma.go.jp/jma/indexe.html | Joint Typhoon Warning Center (JTWC) - https://www.metoc.navy.mil/jtwc/jtwc.html;
2024244N09137;YAGI;typhon;;8.8;136.8;7.5;30/08/2024;500000.0;0.4;;False;Joint Typhoon Warning Center (JTWC) - https://www.metoc.navy.mil/jtwc/jtwc.html;
2024246N22147;LEEPI;typhon;;38.5;152.0;7.0;06/09/2024;50000.0;0.4;;False;Japan Meteorological Agency (JMA) - https://www.jma.go.jp/jma/indexe.html;
2024259N12145;PULASAN;typhon;;19.1;138.9;7.0;17/09/2024;50000.0;0.3;;False;Joint Typhoon Warning Center (JTWC) - https://www.metoc.navy.mil/jtwc/jtwc.html;
2024267N29129;CIMARON;typhon;;31.6;134.7;7.0;27/09/2024;500000.0;0.7;;False;Japan Meteorological Agency (JMA) - https://www.jma.go.jp/jma/indexe.html;
2024268N17278;HELENE;ouragan;;25.6;-85.4;7.0;26/09/2024;500000.0;0.7;;False;National Hurricane Center (NHC) - https://www.nhc.noaa.gov/;
2024269N14150;JEBI;typhon;;31.7;141.4;7.5;30/09/2024;500000.0;0.6;;False;Japan Meteorological Agency (JMA) - https://www.jma.go.jp/jma/indexe.html;
2024274N14328;KIRK;ouragan;;28.7;-50.2;5.0;05/10/2024;50000.0;0.3;;False;National Hurricane Center (NHC) - https://www.nhc.noaa.gov/;
2024275N10336;LESLIE;ouragan;;28.4;-48.8;5.0;12/10/2024;50000.0;0.3;;False;National Hurricane Center (NHC) - https://www.nhc.noaa.gov/;
2024278N11150;BARIJAT;typhon;;27.7;149.4;6.5;09/10/2024;50000.0;0.4;;False;Joint Typhoon Warning Center (JTWC) - https://www.metoc.navy.mil/jtwc/jtwc.html;
2024279N21265;MILTON;ouragan;;29.5;-77.5;7.5;10/10/2024;500000.0;0.7;;False;National Hurricane Center (NHC) - https://www.nhc.noaa.gov/;
2024298N13150;KONG-REY;typhon;;14.4;144.1;7.0;25/10/2024;500000.0;0.6;;False;Joint Typhoon Warning Center (JTWC) - https://www.metoc.navy.mil/jtwc/jtwc.html;
2024307N06143;YINXING;typhon;;7.2;141.2;7.0;02/11/2024;50000.0;0.3;;False;Joint Typhoon Warning Center (JTWC) - https://www.metoc.navy.mil/jtwc/jtwc.html;
2024312N14145;TORAJI;typhon;;14.8;141.3;5.0;07/11/2024;50000.0;0.4;;False;Joint Typhoon Warning Center (JTWC) - https://www.metoc.navy.mil/jtwc/jtwc.html;
2024313N10169;MAN-YI;typhon;;10.3;168.5;7.0;07/11/2024;50000.0;0.4;;False;Joint Typhoon Warning Center (JTWC) - https://www.metoc.navy.mil/jtwc/jtwc.html;
2024314N07151;USAGI;typhon;;8.6;147.0;7.0;09/11/2024;500000.0;0.4;;False;Joint Typhoon Warning Center (JTWC) - https://www.metoc.navy.mil/jtwc/jtwc.html;
2024320S10076;BHEKI;cyclone;;-18.8;63.6;7.0;20/11/2024;500000.0;0.4;;False;Météo-France (La Réunion) - https://www.meteofrance.re/;
2025010S14060;DIKELEDI;cyclone;;-20.8;40.6;7.0;15/01/2025;500000.0;0.4;;False;Météo-France (La Réunion) - https://www.meteofrance.re/;
2025010S17185;PITA;cyclone;;-18.4;-171.2;7.0;10/01/2025;50000.0;0.4;;False;Joint Typhoon Warning Center (JTWC) - https://www.metoc.navy.mil/jtwc/jtwc.html | Météo-France La Réunion (CMRS) - https://www.meteofrance.re/;
2025029S12076;FAIDA;cyclone;;-16.0;72.7;7.0;30/01/2025;500000.0;0.4;;False;Regional Specialized Meteorological Center (RSMC) La Réunion - https://www.meteofrance.re/;
2025030S25043;ELVIS;cyclone;;-33.4;50.5;7.0;31/01/2025;50000.0;0.4;;False;Météo-France - https://www.meteofrance.re/cyclone/suivi-des-cyclones | Joint Typhoon Warning Center (JTWC) - https://www.metoc.navy.mil/jtwc/jtwc.html;
2025057S18052;GARANCE;cyclone;;-31.9;56.0;7.0;01/03/2025;50000.0;0.4;;False;Météo-France (La Réunion) - https://www.meteofrance.re/;
2025057S25184;RAE;cyclone;;-26.2;-174.5;7.0;26/02/2025;50000.0;0.3;;False;Joint Typhoon Warning Center (JTWC) - https://www.metoc.navy.mil/jtwc/jtwc.html | Météo-France La Réunion - https://www.meteofrance.re/;
2025068S15046;JUDE;cyclone;;-25.4;47.3;7.0;15/03/2025;500000.0;0.4;;False;Météo-France (La Réunion) - https://www.meteofrance.re/;
2025104S15168;TAM;cyclone;;-19.8;170.4;7.0;15/04/2025;50000.0;0.4;;False;Joint Typhoon Warning Center (JTWC) - https://www.metoc.navy.mil/jtwc/jtwc.html | Vanuatu Meteorology and Geo-Hazards Department (VMGD) - https://www.vmgd.gov.vu;
2025173N30303;ANDREA;ouragan;;39.2;-43.5;7.0;25/06/2025;50000.0;0.7;;False;National Hurricane Center (NHC) - https://www.nhc.noaa.gov/;
2025192N25140;NARI;typhon;;28.8;143.2;7.0;13/07/2025;500000.0;0.4;;False;Japan Meteorological Agency (JMA) - https://www.jma.go.jp/jma/indexe.html;
2025203N18133;FRANCISCO;typhon;;17.9;132.5;7.0;22/07/2025;500000.0;0.4;;False;Joint Typhoon Warning Center (JTWC) - https://www.metoc.navy.mil/jtwc/jtwc.html;
2025204N19121;CO-MAY;typhon;;18.1;120.7;7.0;25/07/2025;500000.0;0.4;;False;Joint Typhoon Warning Center (JTWC) - https://www.metoc.navy.mil/jtwc/jtwc.html;
2025205N13144;KROSA;typhon;;25.8;145.2;7.0;28/07/2025;50000.0;0.3;;False;Joint Typhoon Warning Center (JTWC) - https://www.metoc.navy.mil/jtwc/jtwc.html;
2025206N11227;IONA;typhon;;11.4;200.5;7.0;30/07/2025;500000.0;0.4;;False;Joint Typhoon Warning Center (JTWC) - https://www.metoc.navy.mil/jtwc/jtwc.html;
2025209N09263;GIL;ouragan;;11.1;-105.4;5.0;29/07/2025;50000.0;0.4;;False;National Hurricane Center (NHC) - https://www.nhc.noaa.gov/;
2025214N27137;BAILU;typhon;;31.0;140.5;7.0;02/08/2025;500000.0;0.6;;False;Japan Meteorological Agency (JMA) - https://www.jma.go.jp/jma/indexe.html;
2025217N08273;IVO;ouragan;;11.2;-94.0;5.0;06/08/2025;50000.0;0.4;;False;National Hurricane Center (NHC) - https://www.nhc.noaa.gov/;
2025221N10347;ERIN;cyclone;;14.9;-20.8;5.0;10/08/2025;50000.0;0.4;;False;National Hurricane Center (NHC) / Météo-France - https://www.nhc.noaa.gov/ | https://www.meteofrance.fr/;
2025233N15312;FERNAND;ouragan;;16.4;-51.2;5.0;20/08/2025;50000.0;0.4;;False;National Hurricane Center (NHC) - https://www.nhc.noaa.gov;
2025240N11251;KIKO;ouragan;;13.2;-115.2;7.0;29/08/2025;50000.0;0.3;;False;National Hurricane Center (NHC) - https://www.nhc.noaa.gov/;
2025240N15116;NONGFA;typhon;;18.0;105.5;7.5;30/08/2025;1500000.0;0.6;;False;Joint Typhoon Warning Center (JTWC) - https://www.metoc.navy.mil/jtwc/jtwc.html | Global Disaster Alert and Coordination System (GDACS) - https://www.gdacs.org;
2025247N27132;PEIPAH;typhon;;33.5;133.9;7.0;04/09/2025;500000.0;0.7;;False;Japan Meteorological Agency (JMA) - https://www.jma.go.jp/jma/indexe.html;
2025258N11328;GABRIELLE;ouragan;;11.0;-31.8;7.0;14/09/2025;50000.0;0.3;;False;National Hurricane Center (NHC) - https://www.nhc.noaa.gov/;
2025262N23163;NEOGURI;typhon;;34.3;162.4;7.5;28/09/2025;500000.0;0.4;;False;Japan Meteorological Agency (JMA) - https://www.jma.go.jp/jma/indexe.html | Joint Typhoon Warning Center (JTWC) - https://www.metoc.navy.mil/jtwc/jtwc.html;
2025266N13317;HUMBERTO;ouragan;;13.2;-44.0;7.0;22/09/2025;50000.0;0.7;;False;National Hurricane Center (NHC) - https://www.nhc.noaa.gov/;
2025266N16305;IMELDA;ouragan;;16.9;-57.0;7.0;22/09/2025;50000.0;0.6;;False;National Hurricane Center (NHC) - https://www.nhc.noaa.gov/;
2025267N10134;BUALOI;typhon;;12.2;124.5;7.5;25/09/2025;500000.0;0.4;;False;Joint Typhoon Warning Center (JTWC) - https://www.metoc.navy.mil/jtwc/jtwc.html;
2025277N07339;JERRY;ouragan;;8.2;-28.5;6.5;05/10/2025;50000.0;0.4;;False;National Hurricane Center (NHC) - https://www.nhc.noaa.gov/;
2025278N25143;HALONG;typhon;;33.3;142.2;7.5;09/10/2025;500000.0;0.7;;False;Japan Meteorological Agency (JMA) - https://www.jma.go.jp/jma/indexe.html;
2025280N11269;RAYMOND;ouragan;;14.6;-93.4;7.0;08/10/2025;500000.0;0.4;;False;National Hurricane Center (NHC) - https://www.nhc.noaa.gov/;
2025281N19139;NAKRI;typhon;;33.1;140.3;7.0;13/10/2025;500000.0;0.7;;False;Japan Meteorological Agency (JMA) - https://www.jma.go.jp/jma/indexe.html;
2025284N08335;LORENZO;ouragan;;10.4;-34.9;7.0;12/10/2025;50000.0;0.3;;False;National Hurricane Center (NHC) - https://www.nhc.noaa.gov/;
2025291N11319;MELISSA;ouragan;;10.9;-43.3;5.0;17/10/2025;50000.0;0.3;;False;National Hurricane Center (NHC) - https://www.nhc.noaa.gov/;
2025305N10138;KALMAEGI;typhon;;11.8;118.1;7.0;05/11/2025;500000.0;0.6;;False;Joint Typhoon Warning Center (JTWC) - https://www.metoc.navy.mil/jtwc/jtwc.html;
2025308N10143;FUNG-WONG;typhon;;13.0;130.6;7.0;08/11/2025;500000.0;0.6;;False;Joint Typhoon Warning Center (JTWC) - https://www.metoc.navy.mil/jtwc/jtwc.html;
2025330N05099;SENYAR;cyclone;;4.0;102.8;7.0;28/11/2025;500000.0;0.6;;False;Joint Typhoon Warning Center (JTWC) - https://www.metoc.navy.mil/jtwc/jtwc.html | Global Disaster Alert and Coordination System (GDACS) - https://www.gdacs.org;
2025352S12110;GRANT;cyclone;;-15.5;70.7;7.0;31/12/2025;500000.0;0.4;;False;Global Disaster Alert and Coordination System (GDACS) - https://www.gdacs.org;
2026001S11106;IGGY;cyclone;;-11.2;106.3;7.0;31/12/2025;500000.0;0.4;;False;Global Disaster Alert and Coordination System (GDACS) - https://www.gdacs.org;
2026011S14076;DUDZAI;cyclone;;-28.6;57.7;7.0;21/01/2026;50000.0;0.4;;False;Météo-France (La Réunion) - https://www.meteofrance.re/;
2026039S18057;GEZANI;cyclone;;-18.3;47.3;7.0;11/02/2026;850000.0;0.4;;False;Météo-France (La Réunion) - https://www.meteofrance.re/;
